ISO-10303-21;
HEADER;
/* Generated by software containing ST-Developer
 * from STEP Tools, Inc. (www.steptools.com) 
 */

FILE_DESCRIPTION(
/* description */ (''),
/* implementation_level */ '2;1');

FILE_NAME(
/* name */ 'Woodworker N4Pro Double Shear Tensioner cover.step',
/* time_stamp */ '2025-06-19T16:13:58-04:00',
/* author */ (''),
/* organization */ (''),
/* preprocessor_version */ 'ST-DEVELOPER v20.1',
/* originating_system */ 'Autodesk Translation Framework v14.10.0.0',
/* authorisation */ '');

FILE_SCHEMA (('AUTOMOTIVE_DESIGN { 1 0 10303 214 3 1 1 }'));
ENDSEC;

DATA;
#10=MECHANICAL_DESIGN_GEOMETRIC_PRESENTATION_REPRESENTATION('',(#13),#13703);
#11=SHAPE_REPRESENTATION_RELATIONSHIP('SRR','None',#13709,#12);
#12=ADVANCED_BREP_SHAPE_REPRESENTATION('',(#14),#13702);
#13=STYLED_ITEM('',(#13721),#14);
#14=MANIFOLD_SOLID_BREP('Woodworker N4Pro Double Shear Tensioner',#7776);
#15=TOROIDAL_SURFACE('',#8185,1.59999999999997,0.2);
#16=TOROIDAL_SURFACE('',#8190,1.6,0.2);
#17=TOROIDAL_SURFACE('',#8195,1.60000000000001,0.2);
#18=TOROIDAL_SURFACE('',#8200,1.60000000000002,0.2);
#19=TOROIDAL_SURFACE('',#8253,4.49999999999999,2.5);
#20=TOROIDAL_SURFACE('',#8297,4.49999999999999,2.49999999999999);
#21=TOROIDAL_SURFACE('',#8379,4.49999999999999,2.5);
#22=TOROIDAL_SURFACE('',#8384,1.76794919243154,1.);
#23=TOROIDAL_SURFACE('',#8390,1.76794919243154,1.);
#24=TOROIDAL_SURFACE('',#8393,3.5,1.);
#25=TOROIDAL_SURFACE('',#8397,3.5,1.);
#26=TOROIDAL_SURFACE('',#8411,4.,1.5);
#27=TOROIDAL_SURFACE('',#8457,3.5,1.);
#28=TOROIDAL_SURFACE('',#8462,3.5,1.);
#29=TOROIDAL_SURFACE('',#8473,3.5,1.);
#30=TOROIDAL_SURFACE('',#8478,3.5,1.);
#31=TOROIDAL_SURFACE('',#8480,4.50000000000002,2.5);
#32=TOROIDAL_SURFACE('',#8485,4.49999999999999,2.5);
#33=TOROIDAL_SURFACE('',#8490,4.49999999999999,2.49999999999999);
#34=TOROIDAL_SURFACE('',#8492,4.49999999999999,2.5);
#35=TOROIDAL_SURFACE('',#8498,4.49999999999999,2.49999999999999);
#36=SPHERICAL_SURFACE('',#8106,0.2);
#37=SPHERICAL_SURFACE('',#8119,0.2);
#38=FACE_BOUND('',#1057,.T.);
#39=FACE_BOUND('',#1058,.T.);
#40=FACE_BOUND('',#1059,.T.);
#41=FACE_BOUND('',#1060,.T.);
#42=FACE_BOUND('',#1061,.T.);
#43=FACE_BOUND('',#1130,.T.);
#44=FACE_BOUND('',#1132,.T.);
#45=FACE_BOUND('',#1134,.T.);
#46=FACE_BOUND('',#1136,.T.);
#47=FACE_BOUND('',#1247,.T.);
#48=FACE_BOUND('',#1251,.T.);
#49=FACE_BOUND('',#1292,.T.);
#50=FACE_BOUND('',#1328,.T.);
#51=FACE_BOUND('',#1331,.T.);
#52=FACE_BOUND('',#1334,.T.);
#53=FACE_BOUND('',#1337,.T.);
#54=FACE_BOUND('',#1340,.T.);
#55=FACE_BOUND('',#1343,.T.);
#56=FACE_BOUND('',#1378,.T.);
#57=FACE_BOUND('',#1395,.T.);
#58=FACE_BOUND('',#1410,.T.);
#59=FACE_BOUND('',#1411,.T.);
#60=FACE_BOUND('',#1418,.T.);
#61=CONICAL_SURFACE('',#7827,3.00000000000001,0.785398163397442);
#62=CONICAL_SURFACE('',#7861,3.00000000000001,0.785398163397434);
#63=CONICAL_SURFACE('',#7871,3.00000000000001,0.785398163397434);
#64=CONICAL_SURFACE('',#7881,3.00000000000001,0.785398163397442);
#65=CONICAL_SURFACE('',#8143,0.750000000000067,0.785398163397436);
#66=CONICAL_SURFACE('',#8147,0.750000000000042,0.785398163397467);
#67=CONICAL_SURFACE('',#8154,1.25000000000006,0.785398163397467);
#68=CONICAL_SURFACE('',#8157,1.25000000000005,0.785398163397436);
#69=CONICAL_SURFACE('',#8163,12.3,0.674740942223553);
#70=CONICAL_SURFACE('',#8424,11.2,0.674740942223553);
#71=CONICAL_SURFACE('',#8426,12.3,0.674740942223553);
#72=CONICAL_SURFACE('',#8432,1.7,0.785398163397444);
#73=CONICAL_SURFACE('',#8435,1.7,0.785398163397445);
#74=CONICAL_SURFACE('',#8437,1.7,0.78539816339745);
#75=CONICAL_SURFACE('',#8439,1.7,0.785398163397447);
#76=CONICAL_SURFACE('',#8440,1.70000000000001,0.785398163397438);
#77=CONICAL_SURFACE('',#8443,1.7,0.78539816339745);
#78=CONICAL_SURFACE('',#8446,1.7,0.785398163397445);
#79=CONICAL_SURFACE('',#8449,1.7,0.785398163397437);
#80=B_SPLINE_SURFACE_WITH_KNOTS('',3,1,((#10932,#10933),(#10934,#10935),
(#10936,#10937),(#10938,#10939),(#10940,#10941),(#10942,#10943),(#10944,
#10945),(#10946,#10947),(#10948,#10949),(#10950,#10951),(#10952,#10953),
(#10954,#10955),(#10956,#10957),(#10958,#10959)),.UNSPECIFIED.,.F.,.F.,
 .F.,(4,2,2,2,2,2,4),(2,2),(1.09766349808763E-5,0.0194694318763596,0.0376144640866704,
0.0551008754565597,0.0708201465886929,0.0804682807909846,0.0888075703927094),
(0.,0.82),.UNSPECIFIED.);
#81=B_SPLINE_SURFACE_WITH_KNOTS('',3,3,((#12264,#12265,#12266,#12267),(#12268,
#12269,#12270,#12271),(#12272,#12273,#12274,#12275),(#12276,#12277,#12278,
#12279)),.UNSPECIFIED.,.F.,.F.,.F.,(4,4),(4,4),(0.,1.),(2.77555756156289E-17,
1.1),.UNSPECIFIED.);
#82=B_SPLINE_SURFACE_WITH_KNOTS('',3,3,((#12299,#12300,#12301,#12302),(#12303,
#12304,#12305,#12306),(#12307,#12308,#12309,#12310),(#12311,#12312,#12313,
#12314)),.UNSPECIFIED.,.F.,.F.,.F.,(4,4),(4,4),(0.,1.),(-7.10542735760099E-15,
0.361695338351911),.UNSPECIFIED.);
#83=B_SPLINE_SURFACE_WITH_KNOTS('',3,1,((#12387,#12388),(#12389,#12390),
(#12391,#12392),(#12393,#12394),(#12395,#12396),(#12397,#12398),(#12399,
#12400),(#12401,#12402),(#12403,#12404),(#12405,#12406),(#12407,#12408),
(#12409,#12410),(#12411,#12412),(#12413,#12414),(#12415,#12416),(#12417,
#12418)),.UNSPECIFIED.,.F.,.F.,.F.,(4,2,2,2,2,2,2,4),(2,2),(-0.226949556031342,
-0.226203983310667,-0.225370309716123,-0.223329358147302,-0.218084326327045,
-0.203569718283554,-0.157579013503682,0.),(0.,0.361799999999999),
 .UNSPECIFIED.);
#84=B_SPLINE_SURFACE_WITH_KNOTS('',3,3,((#12604,#12605,#12606,#12607,#12608,
#12609,#12610,#12611),(#12612,#12613,#12614,#12615,#12616,#12617,#12618,
#12619),(#12620,#12621,#12622,#12623,#12624,#12625,#12626,#12627),(#12628,
#12629,#12630,#12631,#12632,#12633,#12634,#12635)),.UNSPECIFIED.,.F.,.F.,
 .F.,(4,4),(4,1,1,1,1,4),(0.,1.),(-1.09394605195246,-0.859529040819791,
-0.625112029687121,-0.31255601484356,-0.15627800742178,1.11022302462516E-16),
 .UNSPECIFIED.);
#85=B_SPLINE_SURFACE_WITH_KNOTS('',3,3,((#12661,#12662,#12663,#12664,#12665,
#12666,#12667,#12668),(#12669,#12670,#12671,#12672,#12673,#12674,#12675,
#12676),(#12677,#12678,#12679,#12680,#12681,#12682,#12683,#12684),(#12685,
#12686,#12687,#12688,#12689,#12690,#12691,#12692)),.UNSPECIFIED.,.F.,.F.,
 .F.,(4,4),(4,1,1,1,1,4),(0.,1.),(-5.55111514007619E-17,0.156278007421781,
0.312556014843561,0.625112029687123,0.859529040819794,1.09394605195246),
 .UNSPECIFIED.);
#86=B_SPLINE_SURFACE_WITH_KNOTS('',3,3,((#12712,#12713,#12714,#12715),(#12716,
#12717,#12718,#12719),(#12720,#12721,#12722,#12723),(#12724,#12725,#12726,
#12727)),.UNSPECIFIED.,.F.,.F.,.F.,(4,4),(4,4),(0.,1.),(-1.57079632679489,
-1.09394605195219),.UNSPECIFIED.);
#87=B_SPLINE_SURFACE_WITH_KNOTS('',3,3,((#12748,#12749,#12750,#12751),(#12752,
#12753,#12754,#12755),(#12756,#12757,#12758,#12759),(#12760,#12761,#12762,
#12763)),.UNSPECIFIED.,.F.,.F.,.F.,(4,4),(4,4),(0.,1.),(1.09394605195212,
1.5707963267949),.UNSPECIFIED.);
#88=B_SPLINE_SURFACE_WITH_KNOTS('',3,3,((#13269,#13270,#13271,#13272),(#13273,
#13274,#13275,#13276),(#13277,#13278,#13279,#13280),(#13281,#13282,#13283,
#13284)),.UNSPECIFIED.,.F.,.F.,.F.,(4,4),(4,4),(0.,0.368607176733351),(0.0489284436196389,
0.0837774099976528),.UNSPECIFIED.);
#89=B_SPLINE_SURFACE_WITH_KNOTS('',3,3,((#13445,#13446,#13447,#13448),(#13449,
#13450,#13451,#13452),(#13453,#13454,#13455,#13456),(#13457,#13458,#13459,
#13460)),.UNSPECIFIED.,.F.,.F.,.F.,(4,4),(4,4),(0.,0.455912118866293),(0.,
0.0400946666127824),.UNSPECIFIED.);
#90=ELLIPSE('',#7804,1.15460287265517,1.);
#91=ELLIPSE('',#7820,1.15704783375119,1.);
#92=ELLIPSE('',#7822,1.15704783375119,1.);
#93=ELLIPSE('',#7824,1.15704783375119,1.);
#94=ELLIPSE('',#7831,2.82842712474616,2.);
#95=ELLIPSE('',#7832,2.82842712474615,1.99999999999999);
#96=ELLIPSE('',#7837,2.82842712474613,1.99999999999999);
#97=ELLIPSE('',#7838,2.82842712474615,2.);
#98=ELLIPSE('',#7839,2.82842712474615,2.);
#99=ELLIPSE('',#7840,2.82842712474613,1.99999999999999);
#100=ELLIPSE('',#7845,2.82842712474614,1.99999999999999);
#101=ELLIPSE('',#7846,2.82842712474616,2.);
#102=ELLIPSE('',#7892,2.82842712474623,2.);
#103=ELLIPSE('',#7895,2.82842712474623,2.);
#104=ELLIPSE('',#7897,2.82842712474622,2.);
#105=ELLIPSE('',#7900,2.82842712474622,2.);
#106=ELLIPSE('',#7902,2.8284271247462,1.99999999999999);
#107=ELLIPSE('',#7906,2.82842712474621,1.99999999999999);
#108=ELLIPSE('',#7909,2.82842712474621,1.99999999999999);
#109=ELLIPSE('',#7913,2.82842712474621,1.99999999999999);
#110=ELLIPSE('',#7926,3.53553390593343,2.5);
#111=ELLIPSE('',#7944,1.16074299499779,1.);
#112=ELLIPSE('',#7945,1.16074299499779,1.);
#113=ELLIPSE('',#7953,1.16074299499779,1.);
#114=ELLIPSE('',#7956,1.16074299499779,1.);
#115=ELLIPSE('',#7963,1.15704783375119,1.);
#116=ELLIPSE('',#7964,1.15704783375119,1.);
#117=ELLIPSE('',#7976,3.53553390593343,2.5);
#118=ELLIPSE('',#7990,1.16074299499779,1.);
#119=ELLIPSE('',#8038,2.9896942326834,2.);
#120=ELLIPSE('',#8105,0.282843834764684,0.2);
#121=ELLIPSE('',#8118,0.282842712474617,0.2);
#122=ELLIPSE('',#8132,0.565685424949257,0.4);
#123=ELLIPSE('',#8137,0.565685424949232,0.4);
#124=ELLIPSE('',#8140,0.462819027347107,0.4);
#125=ELLIPSE('',#8142,67.0513421819219,28.4474752466977);
#126=ELLIPSE('',#8151,67.2989462435237,28.5525247533027);
#127=ELLIPSE('',#8153,25.5677443523097,10.8474752466974);
#128=ELLIPSE('',#8160,25.8153484139128,10.9525247533027);
#129=ELLIPSE('',#8175,1.4948471163417,1.);
#130=ELLIPSE('',#8178,1.4948471163417,1.);
#131=ELLIPSE('',#8182,2.9896942326834,2.);
#132=ELLIPSE('',#8234,3.53553390593343,2.5);
#133=ELLIPSE('',#8235,3.53553390593264,2.5);
#134=ELLIPSE('',#8246,1.16074299499779,1.);
#135=ELLIPSE('',#8248,3.53553390593343,2.5);
#136=ELLIPSE('',#8283,1.15704783375119,1.);
#137=ELLIPSE('',#8309,2.50002156325945,2.5);
#138=ELLIPSE('',#8378,2.00001725060755,1.99999999999999);
#139=CYLINDRICAL_SURFACE('',#7799,0.520853076322722);
#140=CYLINDRICAL_SURFACE('',#7813,0.5);
#141=CYLINDRICAL_SURFACE('',#7815,0.5);
#142=CYLINDRICAL_SURFACE('',#7819,1.);
#143=CYLINDRICAL_SURFACE('',#7821,1.);
#144=CYLINDRICAL_SURFACE('',#7853,2.80000000000001);
#145=CYLINDRICAL_SURFACE('',#7863,2.80000000000001);
#146=CYLINDRICAL_SURFACE('',#7873,2.80000000000001);
#147=CYLINDRICAL_SURFACE('',#7883,2.80000000000001);
#148=CYLINDRICAL_SURFACE('',#7891,2.);
#149=CYLINDRICAL_SURFACE('',#7894,2.);
#150=CYLINDRICAL_SURFACE('',#7896,2.);
#151=CYLINDRICAL_SURFACE('',#7899,2.);
#152=CYLINDRICAL_SURFACE('',#7901,1.99999999999999);
#153=CYLINDRICAL_SURFACE('',#7907,1.99999999999999);
#154=CYLINDRICAL_SURFACE('',#7908,1.99999999999999);
#155=CYLINDRICAL_SURFACE('',#7914,1.99999999999999);
#156=CYLINDRICAL_SURFACE('',#7917,0.5);
#157=CYLINDRICAL_SURFACE('',#7920,0.5);
#158=CYLINDRICAL_SURFACE('',#7939,2.5);
#159=CYLINDRICAL_SURFACE('',#7943,1.);
#160=CYLINDRICAL_SURFACE('',#7954,1.);
#161=CYLINDRICAL_SURFACE('',#7958,1.);
#162=CYLINDRICAL_SURFACE('',#7962,1.);
#163=CYLINDRICAL_SURFACE('',#7975,2.5);
#164=CYLINDRICAL_SURFACE('',#7979,0.5);
#165=CYLINDRICAL_SURFACE('',#7984,1.);
#166=CYLINDRICAL_SURFACE('',#7989,1.);
#167=CYLINDRICAL_SURFACE('',#8032,1.);
#168=CYLINDRICAL_SURFACE('',#8034,2.);
#169=CYLINDRICAL_SURFACE('',#8037,2.);
#170=CYLINDRICAL_SURFACE('',#8041,2.);
#171=CYLINDRICAL_SURFACE('',#8043,1.);
#172=CYLINDRICAL_SURFACE('',#8045,1.);
#173=CYLINDRICAL_SURFACE('',#8049,2.);
#174=CYLINDRICAL_SURFACE('',#8052,2.);
#175=CYLINDRICAL_SURFACE('',#8055,2.);
#176=CYLINDRICAL_SURFACE('',#8060,2.);
#177=CYLINDRICAL_SURFACE('',#8062,1.);
#178=CYLINDRICAL_SURFACE('',#8068,2.);
#179=CYLINDRICAL_SURFACE('',#8071,2.);
#180=CYLINDRICAL_SURFACE('',#8081,0.2);
#181=CYLINDRICAL_SURFACE('',#8100,0.2);
#182=CYLINDRICAL_SURFACE('',#8103,0.2);
#183=CYLINDRICAL_SURFACE('',#8109,0.2);
#184=CYLINDRICAL_SURFACE('',#8116,0.2);
#185=CYLINDRICAL_SURFACE('',#8121,0.2);
#186=CYLINDRICAL_SURFACE('',#8131,0.4);
#187=CYLINDRICAL_SURFACE('',#8133,0.4);
#188=CYLINDRICAL_SURFACE('',#8136,0.4);
#189=CYLINDRICAL_SURFACE('',#8138,0.4);
#190=CYLINDRICAL_SURFACE('',#8171,1.);
#191=CYLINDRICAL_SURFACE('',#8172,1.);
#192=CYLINDRICAL_SURFACE('',#8174,1.);
#193=CYLINDRICAL_SURFACE('',#8177,1.);
#194=CYLINDRICAL_SURFACE('',#8183,0.2);
#195=CYLINDRICAL_SURFACE('',#8184,0.2);
#196=CYLINDRICAL_SURFACE('',#8188,0.2);
#197=CYLINDRICAL_SURFACE('',#8193,0.2);
#198=CYLINDRICAL_SURFACE('',#8198,0.2);
#199=CYLINDRICAL_SURFACE('',#8204,1.80000000000002);
#200=CYLINDRICAL_SURFACE('',#8209,1.79999999999997);
#201=CYLINDRICAL_SURFACE('',#8212,1.8);
#202=CYLINDRICAL_SURFACE('',#8215,1.80000000000001);
#203=CYLINDRICAL_SURFACE('',#8236,0.5);
#204=CYLINDRICAL_SURFACE('',#8238,1.99999999999999);
#205=CYLINDRICAL_SURFACE('',#8251,2.5);
#206=CYLINDRICAL_SURFACE('',#8255,2.5);
#207=CYLINDRICAL_SURFACE('',#8264,1.);
#208=CYLINDRICAL_SURFACE('',#8270,1.);
#209=CYLINDRICAL_SURFACE('',#8275,1.);
#210=CYLINDRICAL_SURFACE('',#8277,0.5);
#211=CYLINDRICAL_SURFACE('',#8281,0.5);
#212=CYLINDRICAL_SURFACE('',#8282,1.);
#213=CYLINDRICAL_SURFACE('',#8284,0.5);
#214=CYLINDRICAL_SURFACE('',#8285,0.5);
#215=CYLINDRICAL_SURFACE('',#8303,2.);
#216=CYLINDRICAL_SURFACE('',#8305,2.15);
#217=CYLINDRICAL_SURFACE('',#8322,1.74499999999998);
#218=CYLINDRICAL_SURFACE('',#8332,1.74499999999998);
#219=CYLINDRICAL_SURFACE('',#8356,3.50000000000001);
#220=CYLINDRICAL_SURFACE('',#8375,5.);
#221=CYLINDRICAL_SURFACE('',#8381,2.);
#222=CYLINDRICAL_SURFACE('',#8382,1.);
#223=CYLINDRICAL_SURFACE('',#8388,1.);
#224=CYLINDRICAL_SURFACE('',#8395,1.);
#225=CYLINDRICAL_SURFACE('',#8399,1.);
#226=CYLINDRICAL_SURFACE('',#8401,1.99999999999999);
#227=CYLINDRICAL_SURFACE('',#8403,0.5);
#228=CYLINDRICAL_SURFACE('',#8408,2.5);
#229=CYLINDRICAL_SURFACE('',#8410,1.);
#230=CYLINDRICAL_SURFACE('',#8420,1.5);
#231=CYLINDRICAL_SURFACE('',#8422,2.5);
#232=CYLINDRICAL_SURFACE('',#8428,1.75);
#233=CYLINDRICAL_SURFACE('',#8429,1.75);
#234=CYLINDRICAL_SURFACE('',#8430,1.75);
#235=CYLINDRICAL_SURFACE('',#8431,1.75);
#236=CYLINDRICAL_SURFACE('',#8452,2.);
#237=CYLINDRICAL_SURFACE('',#8453,2.);
#238=CYLINDRICAL_SURFACE('',#8454,2.);
#239=CYLINDRICAL_SURFACE('',#8455,1.);
#240=CYLINDRICAL_SURFACE('',#8460,1.);
#241=CYLINDRICAL_SURFACE('',#8465,1.);
#242=CYLINDRICAL_SURFACE('',#8467,2.5);
#243=CYLINDRICAL_SURFACE('',#8469,2.5);
#244=CYLINDRICAL_SURFACE('',#8476,1.);
#245=CYLINDRICAL_SURFACE('',#8483,2.5);
#246=CYLINDRICAL_SURFACE('',#8484,2.5);
#247=CYLINDRICAL_SURFACE('',#8488,2.);
#248=CYLINDRICAL_SURFACE('',#8489,2.5);
#249=CYLINDRICAL_SURFACE('',#8495,2.5);
#250=CYLINDRICAL_SURFACE('',#8496,2.);
#251=CYLINDRICAL_SURFACE('',#8497,2.);
#252=CYLINDRICAL_SURFACE('',#8499,2.);
#253=(
BOUNDED_CURVE()
B_SPLINE_CURVE(2,(#10817,#10818,#10819,#10820),.UNSPECIFIED.,.F.,.F.)
B_SPLINE_CURVE_WITH_KNOTS((3,1,3),(0.155932719299776,0.165257791138119,
0.166893126279064),.UNSPECIFIED.)
CURVE()
GEOMETRIC_REPRESENTATION_ITEM()
RATIONAL_B_SPLINE_CURVE((1.,0.99999638483427,0.999992643893159,0.999992099028143))
REPRESENTATION_ITEM('')
);
#254=(
BOUNDED_CURVE()
B_SPLINE_CURVE(2,(#11043,#11044,#11045),.UNSPECIFIED.,.F.,.F.)
B_SPLINE_CURVE_WITH_KNOTS((3,3),(0.258677377942894,0.27111747519895),
 .UNSPECIFIED.)
CURVE()
GEOMETRIC_REPRESENTATION_ITEM()
RATIONAL_B_SPLINE_CURVE((0.999923980887901,0.999863520719724,0.999809436017223))
REPRESENTATION_ITEM('')
);
#255=(
BOUNDED_CURVE()
B_SPLINE_CURVE(2,(#12492,#12493,#12494,#12495,#12496,#12497,#12498),
 .UNSPECIFIED.,.F.,.F.)
B_SPLINE_CURVE_WITH_KNOTS((3,1,1,1,1,3),(0.251099996811608,0.333674386632691,
0.359048557423446,0.388483988736521,0.422091102651993,0.445624950129741),
 .UNSPECIFIED.)
CURVE()
GEOMETRIC_REPRESENTATION_ITEM()
RATIONAL_B_SPLINE_CURVE((1.,0.999572903074226,0.999381784343699,0.999342040565078,
0.999372775296792,0.999479745004891,0.999546617683663))
REPRESENTATION_ITEM('')
);
#256=(
BOUNDED_CURVE()
B_SPLINE_CURVE(2,(#12807,#12808,#12809),.UNSPECIFIED.,.F.,.F.)
B_SPLINE_CURVE_WITH_KNOTS((3,3),(0.,0.0851373536475468),.UNSPECIFIED.)
CURVE()
GEOMETRIC_REPRESENTATION_ITEM()
RATIONAL_B_SPLINE_CURVE((1.,1.02601188628792,1.))
REPRESENTATION_ITEM('')
);
#257=(
BOUNDED_CURVE()
B_SPLINE_CURVE(2,(#12933,#12934,#12935),.UNSPECIFIED.,.F.,.F.)
B_SPLINE_CURVE_WITH_KNOTS((3,3),(0.,0.0851373536475511),.UNSPECIFIED.)
CURVE()
GEOMETRIC_REPRESENTATION_ITEM()
RATIONAL_B_SPLINE_CURVE((1.,1.02601188608977,1.))
REPRESENTATION_ITEM('')
);
#258=(
BOUNDED_SURFACE()
B_SPLINE_SURFACE(2,1,((#10803,#10804),(#10805,#10806),(#10807,#10808),(#10809,
#10810)),.UNSPECIFIED.,.F.,.F.,.F.)
B_SPLINE_SURFACE_WITH_KNOTS((3,1,3),(2,2),(0.155932719299776,0.165257791138119,
0.166893126279064),(0.,0.00155436494302164),.UNSPECIFIED.)
GEOMETRIC_REPRESENTATION_ITEM()
RATIONAL_B_SPLINE_SURFACE(((1.,1.),(0.99999638483427,0.99999638483427),
(0.999992643893159,0.999992643893159),(0.999992099028143,0.999992099028143)))
REPRESENTATION_ITEM('')
SURFACE()
);
#259=(
BOUNDED_SURFACE()
B_SPLINE_SURFACE(2,2,((#11556,#11557,#11558),(#11559,#11560,#11561),(#11562,
#11563,#11564)),.UNSPECIFIED.,.F.,.F.,.F.)
B_SPLINE_SURFACE_WITH_KNOTS((3,3),(3,3),(0.695982097403839,1.38774447394136),
(-1.5707963267949,-1.41802078337463),.UNSPECIFIED.)
GEOMETRIC_REPRESENTATION_ITEM()
RATIONAL_B_SPLINE_SURFACE(((1.,0.99708387256962,1.),(0.940777072331974,
0.938033646505474,0.940777072331974),(1.,0.99708387256962,1.)))
REPRESENTATION_ITEM('')
SURFACE()
);
#260=(
BOUNDED_SURFACE()
B_SPLINE_SURFACE(2,2,((#11636,#11637,#11638),(#11639,#11640,#11641),(#11642,
#11643,#11644)),.UNSPECIFIED.,.F.,.F.,.F.)
B_SPLINE_SURFACE_WITH_KNOTS((3,3),(3,3),(-4.25032619559105E-17,1.44347809183097),
(-1.79374079592932,-1.5707963267949),.UNSPECIFIED.)
GEOMETRIC_REPRESENTATION_ITEM()
RATIONAL_B_SPLINE_SURFACE(((1.,0.993793401418745,1.),(0.750657892662955,
0.745998860451345,0.750657892662955),(1.,0.993793401418745,1.)))
REPRESENTATION_ITEM('')
SURFACE()
);
#261=(
BOUNDED_SURFACE()
B_SPLINE_SURFACE(2,2,((#11675,#11676,#11677),(#11678,#11679,#11680),(#11681,
#11682,#11683)),.UNSPECIFIED.,.F.,.F.,.F.)
B_SPLINE_SURFACE_WITH_KNOTS((3,3),(3,3),(-1.57079632679492,-3.99213734341981E-17),
(-3.14159265358979,-1.5707963267949),.UNSPECIFIED.)
GEOMETRIC_REPRESENTATION_ITEM()
RATIONAL_B_SPLINE_SURFACE(((1.,0.707106781186548,1.),(0.707106781186408,
0.499999999999901,0.707106781186408),(1.,0.707106781186548,1.)))
REPRESENTATION_ITEM('')
SURFACE()
);
#262=(
BOUNDED_SURFACE()
B_SPLINE_SURFACE(2,2,((#11782,#11783,#11784),(#11785,#11786,#11787),(#11788,
#11789,#11790)),.UNSPECIFIED.,.F.,.F.,.F.)
B_SPLINE_SURFACE_WITH_KNOTS((3,3),(3,3),(-1.57079632679492,1.77156692678609E-14),
(-3.14159265358979,-1.5707963267949),.UNSPECIFIED.)
GEOMETRIC_REPRESENTATION_ITEM()
RATIONAL_B_SPLINE_SURFACE(((1.,0.707106781186548,1.),(0.707106781186604,
0.50000000000004,0.707106781186604),(1.,0.707106781186548,1.)))
REPRESENTATION_ITEM('')
SURFACE()
);
#263=(
BOUNDED_SURFACE()
B_SPLINE_SURFACE(2,1,((#12500,#12501),(#12502,#12503),(#12504,#12505),(#12506,
#12507),(#12508,#12509),(#12510,#12511),(#12512,#12513),(#12514,#12515)),
 .UNSPECIFIED.,.F.,.F.,.F.)
B_SPLINE_SURFACE_WITH_KNOTS((3,1,1,1,1,1,3),(2,2),(-0.502199993623217,-0.459967027050365,
-0.422091102651993,-0.388483988736521,-0.359048557423446,-0.333674386632691,
-0.251099996811608),(-0.600000000000001,2.2),.UNSPECIFIED.)
GEOMETRIC_REPRESENTATION_ITEM()
RATIONAL_B_SPLINE_SURFACE(((1.,1.),(0.999781559752017,0.999781559752017),
(0.999506593831798,0.999506593831798),(0.999372775296792,0.999372775296792),
(0.999342040565078,0.999342040565078),(0.999381784343699,0.999381784343699),
(0.999572903074226,0.999572903074226),(1.,1.)))
REPRESENTATION_ITEM('')
SURFACE()
);
#264=(
BOUNDED_SURFACE()
B_SPLINE_SURFACE(2,1,((#12898,#12899),(#12900,#12901),(#12902,#12903),(#12904,
#12905),(#12906,#12907),(#12908,#12909),(#12910,#12911),(#12912,#12913)),
 .UNSPECIFIED.,.F.,.F.,.F.)
B_SPLINE_SURFACE_WITH_KNOTS((3,1,1,1,1,1,3),(2,2),(-0.502199993623217,-0.459967027050365,
-0.422091102651993,-0.388483988736521,-0.359048557423446,-0.333674386632691,
-0.251099996811608),(-0.600000000000001,2.2),.UNSPECIFIED.)
GEOMETRIC_REPRESENTATION_ITEM()
RATIONAL_B_SPLINE_SURFACE(((1.,1.),(0.999781559752017,0.999781559752017),
(0.999506593831798,0.999506593831798),(0.999372775296792,0.999372775296792),
(0.999342040565078,0.999342040565078),(0.999381784343699,0.999381784343699),
(0.999572903074226,0.999572903074226),(1.,1.)))
REPRESENTATION_ITEM('')
SURFACE()
);
#265=(
BOUNDED_SURFACE()
B_SPLINE_SURFACE(2,2,((#13022,#13023,#13024),(#13025,#13026,#13027),(#13028,
#13029,#13030)),.UNSPECIFIED.,.F.,.F.,.F.)
B_SPLINE_SURFACE_WITH_KNOTS((3,3),(3,3),(1.39354109066834,1.57079632679491),
(-2.22801029477479,-1.5707963267949),.UNSPECIFIED.)
GEOMETRIC_REPRESENTATION_ITEM()
RATIONAL_B_SPLINE_SURFACE(((1.,0.946492822614489,1.),(0.99607514276549,
0.942777973412239,0.99607514276549),(1.,0.946492822614489,1.)))
REPRESENTATION_ITEM('')
SURFACE()
);
#266=(
BOUNDED_SURFACE()
B_SPLINE_SURFACE(2,2,((#13101,#13102,#13103),(#13104,#13105,#13106),(#13107,
#13108,#13109)),.UNSPECIFIED.,.F.,.F.,.F.)
B_SPLINE_SURFACE_WITH_KNOTS((3,3),(3,3),(1.39354109066904,1.57079632679491),
(-1.5707963267949,-0.913582358814926),.UNSPECIFIED.)
GEOMETRIC_REPRESENTATION_ITEM()
RATIONAL_B_SPLINE_SURFACE(((1.,0.946492822614476,1.),(0.996075142765459,
0.942777973412196,0.996075142765459),(1.,0.946492822614476,1.)))
REPRESENTATION_ITEM('')
SURFACE()
);
#267=(
BOUNDED_SURFACE()
B_SPLINE_SURFACE(2,2,((#13113,#13114,#13115),(#13116,#13117,#13118),(#13119,
#13120,#13121)),.UNSPECIFIED.,.F.,.F.,.F.)
B_SPLINE_SURFACE_WITH_KNOTS((3,3),(3,3),(-4.72602577058238E-15,1.57079632679493),
(1.96470018202863,3.14159265358979),.UNSPECIFIED.)
GEOMETRIC_REPRESENTATION_ITEM()
RATIONAL_B_SPLINE_SURFACE(((1.,0.831804129581486,1.),(0.70710678118641,
0.588174340645928,0.70710678118641),(1.,0.831804129581486,1.)))
REPRESENTATION_ITEM('')
SURFACE()
);
#268=(
BOUNDED_SURFACE()
B_SPLINE_SURFACE(2,2,((#13142,#13143,#13144),(#13145,#13146,#13147),(#13148,
#13149,#13150)),.UNSPECIFIED.,.F.,.F.,.F.)
B_SPLINE_SURFACE_WITH_KNOTS((3,3),(3,3),(-1.57079632679491,7.15093025102036E-33),
(1.96470018202863,3.14159265358979),.UNSPECIFIED.)
GEOMETRIC_REPRESENTATION_ITEM()
RATIONAL_B_SPLINE_SURFACE(((1.,0.831804129581487,1.),(0.707106781186429,
0.588174340645944,0.707106781186429),(1.,0.831804129581487,1.)))
REPRESENTATION_ITEM('')
SURFACE()
);
#269=(
BOUNDED_SURFACE()
B_SPLINE_SURFACE(2,2,((#13201,#13202,#13203),(#13204,#13205,#13206),(#13207,
#13208,#13209)),.UNSPECIFIED.,.F.,.F.,.F.)
B_SPLINE_SURFACE_WITH_KNOTS((3,3),(3,3),(-1.17568427634031E-32,1.57079632679492),
(-3.14159265358979,-1.5707963267949),.UNSPECIFIED.)
GEOMETRIC_REPRESENTATION_ITEM()
RATIONAL_B_SPLINE_SURFACE(((1.,0.707106781186548,1.),(0.707106781186404,
0.499999999999898,0.707106781186404),(1.,0.707106781186548,1.)))
REPRESENTATION_ITEM('')
SURFACE()
);
#270=(
BOUNDED_SURFACE()
B_SPLINE_SURFACE(2,2,((#13220,#13221,#13222),(#13223,#13224,#13225),(#13226,
#13227,#13228)),.UNSPECIFIED.,.F.,.F.,.F.)
B_SPLINE_SURFACE_WITH_KNOTS((3,3),(3,3),(-1.57079632679492,6.17561557447744E-16),
(-3.14159265358979,-1.5707963267949),.UNSPECIFIED.)
GEOMETRIC_REPRESENTATION_ITEM()
RATIONAL_B_SPLINE_SURFACE(((1.,0.707106781186548,1.),(0.707106781186389,
0.499999999999888,0.707106781186389),(1.,0.707106781186548,1.)))
REPRESENTATION_ITEM('')
SURFACE()
);
#271=(
BOUNDED_SURFACE()
B_SPLINE_SURFACE(2,2,((#13536,#13537,#13538),(#13539,#13540,#13541),(#13542,
#13543,#13544)),.UNSPECIFIED.,.F.,.F.,.F.)
B_SPLINE_SURFACE_WITH_KNOTS((3,3),(3,3),(-4.85722573273503E-17,0.737434271263981),
(-1.73599393963845,-1.5707963267949),.UNSPECIFIED.)
GEOMETRIC_REPRESENTATION_ITEM()
RATIONAL_B_SPLINE_SURFACE(((1.,0.996590657621308,1.),(0.932790481846715,
0.929610279726514,0.932790481846715),(1.,0.996590657621308,1.)))
REPRESENTATION_ITEM('')
SURFACE()
);
#272=CIRCLE('',#7780,0.5);
#273=CIRCLE('',#7783,0.2);
#274=CIRCLE('',#7784,1.);
#275=CIRCLE('',#7785,1.);
#276=CIRCLE('',#7791,1.00000001744575);
#277=CIRCLE('',#7795,0.5);
#278=CIRCLE('',#7796,0.520853076322722);
#279=CIRCLE('',#7797,0.5);
#280=CIRCLE('',#7800,0.520853076322722);
#281=CIRCLE('',#7801,0.520853076322722);
#282=CIRCLE('',#7807,1.);
#283=CIRCLE('',#7808,1.);
#284=CIRCLE('',#7809,0.2);
#285=CIRCLE('',#7812,0.5);
#286=CIRCLE('',#7814,0.5);
#287=CIRCLE('',#7816,0.5);
#288=CIRCLE('',#7817,0.5);
#289=CIRCLE('',#7828,3.2);
#290=CIRCLE('',#7829,2.80000000000001);
#291=CIRCLE('',#7833,1.4);
#292=CIRCLE('',#7834,1.40000000000001);
#293=CIRCLE('',#7835,1.4);
#294=CIRCLE('',#7836,1.4);
#295=CIRCLE('',#7841,1.4);
#296=CIRCLE('',#7842,1.40000000000001);
#297=CIRCLE('',#7843,1.40000000000002);
#298=CIRCLE('',#7844,1.4);
#299=CIRCLE('',#7847,3.2);
#300=CIRCLE('',#7848,3.2);
#301=CIRCLE('',#7849,12.5);
#302=CIRCLE('',#7850,1.50000000000006);
#303=CIRCLE('',#7851,1.50000000000004);
#304=CIRCLE('',#7852,3.2);
#305=CIRCLE('',#7854,2.80000000000001);
#306=CIRCLE('',#7855,2.80000000000001);
#307=CIRCLE('',#7856,2.80000000000001);
#308=CIRCLE('',#7857,2.80000000000001);
#309=CIRCLE('',#7858,2.80000000000001);
#310=CIRCLE('',#7859,2.80000000000001);
#311=CIRCLE('',#7860,2.80000000000001);
#312=CIRCLE('',#7862,2.80000000000001);
#313=CIRCLE('',#7864,2.80000000000001);
#314=CIRCLE('',#7865,2.80000000000001);
#315=CIRCLE('',#7866,2.80000000000001);
#316=CIRCLE('',#7867,2.80000000000001);
#317=CIRCLE('',#7868,2.80000000000001);
#318=CIRCLE('',#7869,2.80000000000001);
#319=CIRCLE('',#7870,2.80000000000001);
#320=CIRCLE('',#7872,2.80000000000001);
#321=CIRCLE('',#7874,2.80000000000001);
#322=CIRCLE('',#7875,2.80000000000001);
#323=CIRCLE('',#7876,2.80000000000001);
#324=CIRCLE('',#7877,2.80000000000001);
#325=CIRCLE('',#7878,2.80000000000001);
#326=CIRCLE('',#7879,2.80000000000001);
#327=CIRCLE('',#7880,2.80000000000001);
#328=CIRCLE('',#7882,2.80000000000001);
#329=CIRCLE('',#7884,2.80000000000001);
#330=CIRCLE('',#7885,2.80000000000001);
#331=CIRCLE('',#7886,2.80000000000001);
#332=CIRCLE('',#7887,2.80000000000001);
#333=CIRCLE('',#7888,2.80000000000001);
#334=CIRCLE('',#7889,2.80000000000001);
#335=CIRCLE('',#7890,2.80000000000001);
#336=CIRCLE('',#7904,3.5);
#337=CIRCLE('',#7905,3.5);
#338=CIRCLE('',#7911,3.5);
#339=CIRCLE('',#7912,3.5);
#340=CIRCLE('',#7918,0.5);
#341=CIRCLE('',#7919,0.5);
#342=CIRCLE('',#7921,0.5);
#343=CIRCLE('',#7924,0.5);
#344=CIRCLE('',#7925,0.624022619872414);
#345=CIRCLE('',#7931,1.00000000039209);
#346=CIRCLE('',#7932,1.00000000039209);
#347=CIRCLE('',#7934,0.561424379106489);
#348=CIRCLE('',#7935,0.561424379106633);
#349=CIRCLE('',#7937,1.);
#350=CIRCLE('',#7940,2.5);
#351=CIRCLE('',#7941,2.5);
#352=CIRCLE('',#7948,1.00000000039209);
#353=CIRCLE('',#7949,1.00000000039209);
#354=CIRCLE('',#7955,1.00000000039209);
#355=CIRCLE('',#7957,1.);
#356=CIRCLE('',#7959,1.00000000039209);
#357=CIRCLE('',#7960,0.561424379106469);
#358=CIRCLE('',#7961,1.);
#359=CIRCLE('',#7973,4.49999999999998);
#360=CIRCLE('',#7974,4.5);
#361=CIRCLE('',#7977,2.49999999999999);
#362=CIRCLE('',#7978,2.5);
#363=CIRCLE('',#7980,0.5);
#364=CIRCLE('',#7981,1.);
#365=CIRCLE('',#7982,0.5);
#366=CIRCLE('',#7983,0.5);
#367=CIRCLE('',#7991,1.00000000039209);
#368=CIRCLE('',#7997,1.5);
#369=CIRCLE('',#7998,2.);
#370=CIRCLE('',#7999,2.);
#371=CIRCLE('',#8000,1.);
#372=CIRCLE('',#8001,2.);
#373=CIRCLE('',#8002,2.);
#374=CIRCLE('',#8003,1.75);
#375=CIRCLE('',#8005,1.);
#376=CIRCLE('',#8006,2.);
#377=CIRCLE('',#8007,2.);
#378=CIRCLE('',#8008,2.);
#379=CIRCLE('',#8009,1.);
#380=CIRCLE('',#8010,1.);
#381=CIRCLE('',#8011,2.);
#382=CIRCLE('',#8012,2.);
#383=CIRCLE('',#8013,1.75);
#384=CIRCLE('',#8015,1.);
#385=CIRCLE('',#8016,2.);
#386=CIRCLE('',#8017,2.);
#387=CIRCLE('',#8018,2.);
#388=CIRCLE('',#8019,2.);
#389=CIRCLE('',#8020,1.75);
#390=CIRCLE('',#8022,2.);
#391=CIRCLE('',#8023,2.);
#392=CIRCLE('',#8024,2.);
#393=CIRCLE('',#8025,1.);
#394=CIRCLE('',#8026,2.);
#395=CIRCLE('',#8027,2.);
#396=CIRCLE('',#8028,1.);
#397=CIRCLE('',#8029,1.);
#398=CIRCLE('',#8030,1.75);
#399=CIRCLE('',#8033,1.);
#400=CIRCLE('',#8035,2.);
#401=CIRCLE('',#8039,2.);
#402=CIRCLE('',#8042,2.);
#403=CIRCLE('',#8044,0.999999999999979);
#404=CIRCLE('',#8046,1.);
#405=CIRCLE('',#8047,1.);
#406=CIRCLE('',#8050,2.00000000000004);
#407=CIRCLE('',#8051,2.);
#408=CIRCLE('',#8053,2.);
#409=CIRCLE('',#8056,2.);
#410=CIRCLE('',#8059,2.5);
#411=CIRCLE('',#8061,2.);
#412=CIRCLE('',#8063,1.);
#413=CIRCLE('',#8065,3.5);
#414=CIRCLE('',#8066,3.5);
#415=CIRCLE('',#8069,2.);
#416=CIRCLE('',#8072,2.);
#417=CIRCLE('',#8076,0.2);
#418=CIRCLE('',#8078,0.2);
#419=CIRCLE('',#8082,0.2);
#420=CIRCLE('',#8083,0.2);
#421=CIRCLE('',#8101,0.2);
#422=CIRCLE('',#8102,0.200000000000001);
#423=CIRCLE('',#8104,0.199999999999996);
#424=CIRCLE('',#8107,0.199999999999994);
#425=CIRCLE('',#8110,0.199999999999996);
#426=CIRCLE('',#8112,1.60000000000002);
#427=CIRCLE('',#8113,1.60000000000001);
#428=CIRCLE('',#8114,1.6);
#429=CIRCLE('',#8115,1.59999999999997);
#430=CIRCLE('',#8117,0.199999999999999);
#431=CIRCLE('',#8120,0.199999999999995);
#432=CIRCLE('',#8122,0.199999999999996);
#433=CIRCLE('',#8129,0.4);
#434=CIRCLE('',#8130,0.4);
#435=CIRCLE('',#8134,0.4);
#436=CIRCLE('',#8139,0.4);
#437=CIRCLE('',#8144,0.500000000000075);
#438=CIRCLE('',#8145,1.00000000000006);
#439=CIRCLE('',#8148,0.500000000000035);
#440=CIRCLE('',#8149,1.00000000000005);
#441=CIRCLE('',#8155,1.00000000000005);
#442=CIRCLE('',#8158,1.00000000000006);
#443=CIRCLE('',#8162,12.5);
#444=CIRCLE('',#8164,12.1);
#445=CIRCLE('',#8180,4.);
#446=CIRCLE('',#8186,0.199999999999996);
#447=CIRCLE('',#8187,1.79999999999997);
#448=CIRCLE('',#8189,0.199999999999996);
#449=CIRCLE('',#8191,0.199999999999996);
#450=CIRCLE('',#8192,1.8);
#451=CIRCLE('',#8194,0.199999999999996);
#452=CIRCLE('',#8196,0.199999999999996);
#453=CIRCLE('',#8197,1.80000000000001);
#454=CIRCLE('',#8199,0.199999999999996);
#455=CIRCLE('',#8201,1.80000000000002);
#456=CIRCLE('',#8205,1.80000000000002);
#457=CIRCLE('',#8210,1.79999999999997);
#458=CIRCLE('',#8213,1.8);
#459=CIRCLE('',#8216,1.80000000000001);
#460=CIRCLE('',#8230,0.5);
#461=CIRCLE('',#8231,0.5);
#462=CIRCLE('',#8232,0.5);
#463=CIRCLE('',#8233,0.5);
#464=CIRCLE('',#8237,0.5);
#465=CIRCLE('',#8239,2.);
#466=CIRCLE('',#8242,1.00000000039209);
#467=CIRCLE('',#8249,0.5);
#468=CIRCLE('',#8250,0.5);
#469=CIRCLE('',#8252,2.5);
#470=CIRCLE('',#8254,2.5);
#471=CIRCLE('',#8256,2.49999999999999);
#472=CIRCLE('',#8258,4.49999999999998);
#473=CIRCLE('',#8259,4.50000000000001);
#474=CIRCLE('',#8260,0.5);
#475=CIRCLE('',#8262,0.5);
#476=CIRCLE('',#8263,1.);
#477=CIRCLE('',#8265,1.);
#478=CIRCLE('',#8266,0.5);
#479=CIRCLE('',#8268,2.15);
#480=CIRCLE('',#8271,1.00000000039209);
#481=CIRCLE('',#8272,0.5);
#482=CIRCLE('',#8273,0.5);
#483=CIRCLE('',#8274,1.);
#484=CIRCLE('',#8276,1.00000000039209);
#485=CIRCLE('',#8278,0.5);
#486=CIRCLE('',#8279,1.);
#487=CIRCLE('',#8280,0.5);
#488=CIRCLE('',#8298,1.99999999999996);
#489=CIRCLE('',#8299,2.49999999999999);
#490=CIRCLE('',#8301,2.);
#491=CIRCLE('',#8302,1.);
#492=CIRCLE('',#8304,2.);
#493=CIRCLE('',#8306,2.15);
#494=CIRCLE('',#8317,1.75000000000001);
#495=CIRCLE('',#8320,1.75);
#496=CIRCLE('',#8321,1.74499999999998);
#497=CIRCLE('',#8323,1.74499999999998);
#498=CIRCLE('',#8327,1.75000000000001);
#499=CIRCLE('',#8330,1.75);
#500=CIRCLE('',#8331,1.74499999999998);
#501=CIRCLE('',#8333,1.74499999999998);
#502=CIRCLE('',#8357,3.50000000000001);
#503=CIRCLE('',#8358,3.50000000000001);
#504=CIRCLE('',#8369,2.5);
#505=CIRCLE('',#8372,5.);
#506=CIRCLE('',#8376,5.);
#507=CIRCLE('',#8380,2.5);
#508=CIRCLE('',#8383,0.999999999999996);
#509=CIRCLE('',#8385,1.);
#510=CIRCLE('',#8386,1.76794919243154);
#511=CIRCLE('',#8387,2.63397459621577);
#512=CIRCLE('',#8389,1.);
#513=CIRCLE('',#8391,1.76794919243154);
#514=CIRCLE('',#8392,2.63397459621577);
#515=CIRCLE('',#8394,1.);
#516=CIRCLE('',#8396,1.);
#517=CIRCLE('',#8398,1.00000000000001);
#518=CIRCLE('',#8402,2.);
#519=CIRCLE('',#8409,1.);
#520=CIRCLE('',#8412,1.5);
#521=CIRCLE('',#8413,2.5);
#522=CIRCLE('',#8418,12.1);
#523=CIRCLE('',#8419,11.4);
#524=CIRCLE('',#8423,2.5);
#525=CIRCLE('',#8425,11.);
#526=CIRCLE('',#8433,2.);
#527=CIRCLE('',#8441,2.);
#528=CIRCLE('',#8444,2.);
#529=CIRCLE('',#8447,2.);
#530=CIRCLE('',#8456,1.00000000000001);
#531=CIRCLE('',#8458,0.999999999999979);
#532=CIRCLE('',#8459,2.5);
#533=CIRCLE('',#8461,1.00000000000001);
#534=CIRCLE('',#8463,1.00000000000001);
#535=CIRCLE('',#8464,2.5);
#536=CIRCLE('',#8468,2.5);
#537=CIRCLE('',#8470,2.5);
#538=CIRCLE('',#8474,1.);
#539=CIRCLE('',#8475,2.5);
#540=CIRCLE('',#8477,1.);
#541=CIRCLE('',#8479,2.5);
#542=CIRCLE('',#8481,2.5);
#543=CIRCLE('',#8482,2.49999999999999);
#544=CIRCLE('',#8486,2.5);
#545=CIRCLE('',#8487,2.);
#546=CIRCLE('',#8491,1.99999999999996);
#547=CIRCLE('',#8493,2.);
#548=CIRCLE('',#8494,2.5);
#549=B_SPLINE_CURVE_WITH_KNOTS('',3,(#10721,#10722,#10723,#10724,#10725,
#10726,#10727,#10728,#10729,#10730,#10731,#10732,#10733,#10734,#10735,#10736,
#10737,#10738,#10739),.UNSPECIFIED.,.F.,.F.,(4,3,3,3,3,3,4),(0.,0.0169092939343049,
0.0326772302522464,0.0478728285688515,0.0615327914337886,0.0699169686524018,
0.0771637668863639),.UNSPECIFIED.);
#550=B_SPLINE_CURVE_WITH_KNOTS('',3,(#10812,#10813,#10814,#10815),
 .UNSPECIFIED.,.F.,.F.,(4,4),(0.,0.000440928194224911),.UNSPECIFIED.);
#551=B_SPLINE_CURVE_WITH_KNOTS('',3,(#10866,#10867,#10868,#10869,#10870,
#10871),.UNSPECIFIED.,.F.,.F.,(4,2,4),(-0.599999999999998,-0.299999999999997,
-0.0182163034371846),.UNSPECIFIED.);
#552=B_SPLINE_CURVE_WITH_KNOTS('',3,(#10896,#10897,#10898,#10899,#10900,
#10901,#10902,#10903,#10904,#10905,#10906,#10907,#10908,#10909),
 .UNSPECIFIED.,.F.,.F.,(4,2,2,2,2,2,4),(-0.0565537456225162,-0.0511872342502101,
-0.0459615682903427,-0.039698813142736,-0.0332256148875669,-0.0208698188856936,
-0.0130900447773779),.UNSPECIFIED.);
#553=B_SPLINE_CURVE_WITH_KNOTS('',3,(#10916,#10917,#10918,#10919,#10920,
#10921),.UNSPECIFIED.,.F.,.F.,(4,2,4),(-0.000669591765171436,-0.00033479546713065,
0.),.UNSPECIFIED.);
#554=B_SPLINE_CURVE_WITH_KNOTS('',3,(#10960,#10961,#10962,#10963,#10964,
#10965,#10966,#10967,#10968,#10969,#10970,#10971,#10972,#10973,#10974,#10975,
#10976,#10977,#10978),.UNSPECIFIED.,.F.,.F.,(4,3,3,3,3,3,4),(1.09766349808763E-5,
0.0194694318763596,0.0376144640866704,0.0551008754565597,0.0708201465886929,
0.0804682807909846,0.0888075703927094),.UNSPECIFIED.);
#555=B_SPLINE_CURVE_WITH_KNOTS('',3,(#11061,#11062,#11063,#11064,#11065,
#11066,#11067,#11068,#11069,#11070,#11071,#11072),.UNSPECIFIED.,.F.,.F.,
(4,2,2,2,2,4),(-0.0258789672972631,-0.0168043988564915,-0.00814422485069424,
-0.00440293632699698,-0.00195406470027263,-3.20024747367921E-6),
 .UNSPECIFIED.);
#556=B_SPLINE_CURVE_WITH_KNOTS('',3,(#11080,#11081,#11082,#11083,#11084,
#11085),.UNSPECIFIED.,.F.,.F.,(4,2,4),(-0.0159126064364653,-0.00643612174617162,
0.),.UNSPECIFIED.);
#557=B_SPLINE_CURVE_WITH_KNOTS('',3,(#11088,#11089,#11090,#11091),
 .UNSPECIFIED.,.F.,.F.,(4,4),(-0.0344969341449541,0.),.UNSPECIFIED.);
#558=B_SPLINE_CURVE_WITH_KNOTS('',3,(#11439,#11440,#11441,#11442,#11443,
#11444,#11445,#11446,#11447,#11448,#11449,#11450,#11451,#11452),
 .UNSPECIFIED.,.F.,.F.,(4,2,2,2,2,2,4),(-0.0888075703927094,-0.0804682807909846,
-0.0708201465886929,-0.0551008754565597,-0.0376144640866704,-0.0194694318763596,
-1.09766349808763E-5),.UNSPECIFIED.);
#559=B_SPLINE_CURVE_WITH_KNOTS('',3,(#11459,#11460,#11461,#11462),
 .UNSPECIFIED.,.F.,.F.,(4,4),(0.18429747996866,0.185972213317954),
 .UNSPECIFIED.);
#560=B_SPLINE_CURVE_WITH_KNOTS('',3,(#11552,#11553,#11554,#11555),
 .UNSPECIFIED.,.F.,.F.,(4,4),(0.433357780034779,0.444141729409839),
 .UNSPECIFIED.);
#561=B_SPLINE_CURVE_WITH_KNOTS('',3,(#11565,#11566,#11567,#11568,#11569,
#11570,#11571,#11572,#11573,#11574),.UNSPECIFIED.,.F.,.F.,(4,2,2,2,4),(0.,
0.00189677777408565,0.00427000594336274,0.00847598813417483,0.0168804898696933),
 .UNSPECIFIED.);
#562=B_SPLINE_CURVE_WITH_KNOTS('',3,(#11647,#11648,#11649,#11650),
 .UNSPECIFIED.,.F.,.F.,(4,4),(0.0837361690006893,0.0841079091525273),
 .UNSPECIFIED.);
#563=B_SPLINE_CURVE_WITH_KNOTS('',3,(#11651,#11652,#11653,#11654,#11655,
#11656,#11657,#11658,#11659,#11660,#11661,#11662,#11663,#11664,#11665,#11666,
#11667,#11668),.UNSPECIFIED.,.F.,.F.,(4,2,2,2,2,2,2,2,4),(0.,0.00473303316998914,
0.00856275524664587,0.0125086561243645,0.0173040504371934,0.0277202024551782,
0.0404842508064963,0.0495344156192008,0.0585866640240512),.UNSPECIFIED.);
#564=B_SPLINE_CURVE_WITH_KNOTS('',3,(#11687,#11688,#11689,#11690,#11691,
#11692,#11693,#11694,#11695,#11696,#11697,#11698,#11699,#11700,#11701,#11702),
 .UNSPECIFIED.,.F.,.F.,(4,2,2,2,2,2,2,4),(0.,0.0194072313186197,0.0387578334125469,
0.0600068806542801,0.0740303342563329,0.0879881433566075,0.100195234363738,
0.11130150016612),.UNSPECIFIED.);
#565=B_SPLINE_CURVE_WITH_KNOTS('',3,(#11706,#11707,#11708,#11709),
 .UNSPECIFIED.,.F.,.F.,(4,4),(0.181055441031829,0.181438155374034),
 .UNSPECIFIED.);
#566=B_SPLINE_CURVE_WITH_KNOTS('',3,(#11719,#11720,#11721,#11722),
 .UNSPECIFIED.,.F.,.F.,(4,4),(0.0208977009754199,0.022370410541627),
 .UNSPECIFIED.);
#567=B_SPLINE_CURVE_WITH_KNOTS('',3,(#11767,#11768,#11769,#11770),
 .UNSPECIFIED.,.F.,.F.,(4,4),(0.101888597264736,0.114417714814958),
 .UNSPECIFIED.);
#568=B_SPLINE_CURVE_WITH_KNOTS('',3,(#12282,#12283,#12284,#12285,#12286,
#12287),.UNSPECIFIED.,.F.,.F.,(4,2,4),(0.,0.0690746013306764,0.138149202661353),
 .UNSPECIFIED.);
#569=B_SPLINE_CURVE_WITH_KNOTS('',3,(#12289,#12290,#12291,#12292),
 .UNSPECIFIED.,.F.,.F.,(4,4),(2.77555756156289E-17,1.1),.UNSPECIFIED.);
#570=B_SPLINE_CURVE_WITH_KNOTS('',3,(#12295,#12296,#12297,#12298),
 .UNSPECIFIED.,.F.,.F.,(4,4),(-1.1,-2.77555756156289E-17),.UNSPECIFIED.);
#571=B_SPLINE_CURVE_WITH_KNOTS('',3,(#12316,#12317,#12318,#12319),
 .UNSPECIFIED.,.F.,.F.,(4,4),(-0.261799999999994,7.10542735760099E-15),
 .UNSPECIFIED.);
#572=B_SPLINE_CURVE_WITH_KNOTS('',3,(#12321,#12322,#12323,#12324),
 .UNSPECIFIED.,.F.,.F.,(4,4),(-7.10542735760099E-15,0.361695338351911),
 .UNSPECIFIED.);
#573=B_SPLINE_CURVE_WITH_KNOTS('',3,(#12325,#12326,#12327,#12328,#12329,
#12330),.UNSPECIFIED.,.F.,.F.,(4,2,4),(-0.170482494175823,-0.0829759586029264,
0.),.UNSPECIFIED.);
#574=B_SPLINE_CURVE_WITH_KNOTS('',3,(#12334,#12335,#12336,#12337),
 .UNSPECIFIED.,.F.,.F.,(4,4),(-0.138515263629851,-0.138367368023527),
 .UNSPECIFIED.);
#575=B_SPLINE_CURVE_WITH_KNOTS('',3,(#12346,#12347,#12348,#12349,#12350,
#12351,#12352,#12353,#12354,#12355,#12356,#12357,#12358,#12359,#12360,#12361),
 .UNSPECIFIED.,.F.,.F.,(4,2,2,2,2,2,2,4),(-0.226949556031342,-0.226203983310667,
-0.225370309716123,-0.223329358147302,-0.218084326327045,-0.203569718283554,
-0.157579013503682,-0.0842218121663669),.UNSPECIFIED.);
#576=B_SPLINE_CURVE_WITH_KNOTS('',3,(#12420,#12421,#12422,#12423,#12424,
#12425,#12426,#12427,#12428,#12429,#12430,#12431,#12432,#12433,#12434,#12435),
 .UNSPECIFIED.,.F.,.F.,(4,2,2,2,2,2,2,4),(-0.226949556031342,-0.226203983310667,
-0.225370309716123,-0.223329358147302,-0.218084326327045,-0.203569718283554,
-0.157579013503682,-0.0841398112406536),.UNSPECIFIED.);
#577=B_SPLINE_CURVE_WITH_KNOTS('',3,(#12640,#12641,#12642,#12643,#12644,
#12645,#12646,#12647),.UNSPECIFIED.,.F.,.F.,(4,1,1,1,1,4),(-1.09394605195246,
-0.859529040819791,-0.625112029687121,-0.31255601484356,-0.15627800742178,
1.11022302462516E-16),.UNSPECIFIED.);
#578=B_SPLINE_CURVE_WITH_KNOTS('',3,(#12649,#12650,#12651,#12652,#12653,
#12654,#12655,#12656),.UNSPECIFIED.,.F.,.F.,(4,1,1,1,1,4),(-1.11022302462516E-16,
0.15627800742178,0.31255601484356,0.625112029687121,0.859529040819791,1.09394605195246),
 .UNSPECIFIED.);
#579=B_SPLINE_CURVE_WITH_KNOTS('',3,(#12696,#12697,#12698,#12699,#12700,
#12701,#12702,#12703),.UNSPECIFIED.,.F.,.F.,(4,1,1,1,1,4),(-1.09394605195246,
-0.859529040819794,-0.625112029687123,-0.312556014843561,-0.156278007421781,
5.55111514007619E-17),.UNSPECIFIED.);
#580=B_SPLINE_CURVE_WITH_KNOTS('',3,(#12704,#12705,#12706,#12707,#12708,
#12709,#12710,#12711),.UNSPECIFIED.,.F.,.F.,(4,1,1,1,1,4),(-5.55111514007619E-17,
0.156278007421781,0.312556014843561,0.625112029687123,0.859529040819794,
1.09394605195246),.UNSPECIFIED.);
#581=B_SPLINE_CURVE_WITH_KNOTS('',3,(#12728,#12729,#12730,#12731),
 .UNSPECIFIED.,.F.,.F.,(4,4),(1.09394605195219,1.57079632679489),
 .UNSPECIFIED.);
#582=B_SPLINE_CURVE_WITH_KNOTS('',3,(#12732,#12733,#12734,#12735),
 .UNSPECIFIED.,.F.,.F.,(4,4),(-1.57079632679489,-1.09394605195219),
 .UNSPECIFIED.);
#583=B_SPLINE_CURVE_WITH_KNOTS('',3,(#12764,#12765,#12766,#12767),
 .UNSPECIFIED.,.F.,.F.,(4,4),(-1.5707963267949,-1.09394605195212),
 .UNSPECIFIED.);
#584=B_SPLINE_CURVE_WITH_KNOTS('',3,(#12768,#12769,#12770,#12771),
 .UNSPECIFIED.,.F.,.F.,(4,4),(1.09394605195212,1.5707963267949),
 .UNSPECIFIED.);
#585=B_SPLINE_CURVE_WITH_KNOTS('',3,(#12915,#12916,#12917,#12918,#12919,
#12920,#12921,#12922,#12923,#12924,#12925,#12926,#12927),.UNSPECIFIED.,
 .F.,.F.,(4,3,3,3,4),(0.000125581162183242,0.00170540532063773,0.00238692910691658,
0.00267971233093898,0.0029565788032084),.UNSPECIFIED.);
#586=B_SPLINE_CURVE_WITH_KNOTS('',3,(#12928,#12929,#12930,#12931),
 .UNSPECIFIED.,.F.,.F.,(4,4),(0.,0.599993400002944),.UNSPECIFIED.);
#587=B_SPLINE_CURVE_WITH_KNOTS('',3,(#12951,#12952,#12953,#12954,#12955,
#12956,#12957,#12958,#12959,#12960),.UNSPECIFIED.,.F.,.F.,(4,2,2,2,4),(-0.18605707499033,
-0.141489459234025,-0.10090280221756,-0.0486369129491896,0.),
 .UNSPECIFIED.);
#588=B_SPLINE_CURVE_WITH_KNOTS('',3,(#12962,#12963,#12964,#12965,#12966,
#12967,#12968,#12969),.UNSPECIFIED.,.F.,.F.,(4,2,2,4),(1.33722486408643,
1.33779223247435,1.42932373960633,1.44343024480612),.UNSPECIFIED.);
#589=B_SPLINE_CURVE_WITH_KNOTS('',3,(#12977,#12978,#12979,#12980,#12981,
#12982,#12983,#12984),.UNSPECIFIED.,.F.,.F.,(4,2,2,4),(0.,0.0741199534421881,
0.141854335860982,0.233605698653362),.UNSPECIFIED.);
#590=B_SPLINE_CURVE_WITH_KNOTS('',3,(#13031,#13032,#13033,#13034,#13035,
#13036),.UNSPECIFIED.,.F.,.F.,(4,2,4),(-0.000374886955507274,0.,0.00719569038053379),
 .UNSPECIFIED.);
#591=B_SPLINE_CURVE_WITH_KNOTS('',3,(#13049,#13050,#13051,#13052,#13053,
#13054,#13055,#13056,#13057,#13058),.UNSPECIFIED.,.F.,.F.,(4,2,2,2,4),(0.131363841779095,
0.133080266918698,0.167191213990392,0.229736001776653,0.241894490386108),
 .UNSPECIFIED.);
#592=B_SPLINE_CURVE_WITH_KNOTS('',3,(#13060,#13061,#13062,#13063,#13064,
#13065,#13066,#13067,#13068,#13069),.UNSPECIFIED.,.F.,.F.,(4,2,2,2,4),(-0.213148289514972,
-0.17197887896156,-0.12572113237461,-0.0650890620859948,0.),
 .UNSPECIFIED.);
#593=B_SPLINE_CURVE_WITH_KNOTS('',3,(#13123,#13124,#13125,#13126,#13127,
#13128,#13129,#13130,#13131,#13132),.UNSPECIFIED.,.F.,.F.,(4,2,2,2,4),(0.235565543089632,
0.268845597864571,0.288152463633648,0.307905586051138,0.326361467260362),
 .UNSPECIFIED.);
#594=B_SPLINE_CURVE_WITH_KNOTS('',3,(#13151,#13152,#13153,#13154,#13155,
#13156,#13157,#13158,#13159,#13160),.UNSPECIFIED.,.F.,.F.,(4,2,2,2,4),(-0.108787155753454,
-0.0903312745442299,-0.0705781521267393,-0.0512712863576628,-0.0179912315827239),
 .UNSPECIFIED.);
#595=B_SPLINE_CURVE_WITH_KNOTS('',3,(#13262,#13263,#13264,#13265),
 .UNSPECIFIED.,.F.,.F.,(4,4),(-0.0837774099976528,-0.0489284436196389),
 .UNSPECIFIED.);
#596=B_SPLINE_CURVE_WITH_KNOTS('',3,(#13461,#13462,#13463,#13464),
 .UNSPECIFIED.,.F.,.F.,(4,4),(-0.0400946666127824,0.),.UNSPECIFIED.);
#597=B_SPLINE_CURVE_WITH_KNOTS('',3,(#13510,#13511,#13512,#13513,#13514,
#13515,#13516,#13517,#13518,#13519),.UNSPECIFIED.,.F.,.F.,(4,2,2,2,4),(0.498750507926903,
0.52084918069984,0.54622096886106,0.612802460564434,0.674894522048972),
 .UNSPECIFIED.);
#598=B_SPLINE_CURVE_WITH_KNOTS('',3,(#13522,#13523,#13524,#13525,#13526,
#13527,#13528,#13529,#13530,#13531,#13532,#13533),.UNSPECIFIED.,.F.,.F.,
(4,2,2,2,2,4),(1.30404177160831,1.31452739004125,1.37786635541051,1.41235671019963,
1.45066065190168,1.54483586843007),.UNSPECIFIED.);
#599=B_SPLINE_CURVE_WITH_KNOTS('',3,(#13549,#13550,#13551,#13552),
 .UNSPECIFIED.,.F.,.F.,(4,4),(0.237819992325658,0.272994771743977),
 .UNSPECIFIED.);
#600=B_SPLINE_CURVE_WITH_KNOTS('',3,(#13554,#13555,#13556,#13557),
 .UNSPECIFIED.,.F.,.F.,(4,4),(0.880216777394584,0.88967023040278),
 .UNSPECIFIED.);
#601=B_SPLINE_CURVE_WITH_KNOTS('',3,(#13558,#13559,#13560,#13561),
 .UNSPECIFIED.,.F.,.F.,(4,4),(0.756864576631486,0.823161326213463),
 .UNSPECIFIED.);
#602=FACE_OUTER_BOUND('',#1025,.T.);
#603=FACE_OUTER_BOUND('',#1026,.T.);
#604=FACE_OUTER_BOUND('',#1027,.T.);
#605=FACE_OUTER_BOUND('',#1028,.T.);
#606=FACE_OUTER_BOUND('',#1029,.T.);
#607=FACE_OUTER_BOUND('',#1030,.T.);
#608=FACE_OUTER_BOUND('',#1031,.T.);
#609=FACE_OUTER_BOUND('',#1032,.T.);
#610=FACE_OUTER_BOUND('',#1033,.T.);
#611=FACE_OUTER_BOUND('',#1034,.T.);
#612=FACE_OUTER_BOUND('',#1035,.T.);
#613=FACE_OUTER_BOUND('',#1036,.T.);
#614=FACE_OUTER_BOUND('',#1037,.T.);
#615=FACE_OUTER_BOUND('',#1038,.T.);
#616=FACE_OUTER_BOUND('',#1039,.T.);
#617=FACE_OUTER_BOUND('',#1040,.T.);
#618=FACE_OUTER_BOUND('',#1041,.T.);
#619=FACE_OUTER_BOUND('',#1042,.T.);
#620=FACE_OUTER_BOUND('',#1043,.T.);
#621=FACE_OUTER_BOUND('',#1044,.T.);
#622=FACE_OUTER_BOUND('',#1045,.T.);
#623=FACE_OUTER_BOUND('',#1046,.T.);
#624=FACE_OUTER_BOUND('',#1047,.T.);
#625=FACE_OUTER_BOUND('',#1048,.T.);
#626=FACE_OUTER_BOUND('',#1049,.T.);
#627=FACE_OUTER_BOUND('',#1050,.T.);
#628=FACE_OUTER_BOUND('',#1051,.T.);
#629=FACE_OUTER_BOUND('',#1052,.T.);
#630=FACE_OUTER_BOUND('',#1053,.T.);
#631=FACE_OUTER_BOUND('',#1054,.T.);
#632=FACE_OUTER_BOUND('',#1055,.T.);
#633=FACE_OUTER_BOUND('',#1056,.T.);
#634=FACE_OUTER_BOUND('',#1062,.T.);
#635=FACE_OUTER_BOUND('',#1063,.T.);
#636=FACE_OUTER_BOUND('',#1064,.T.);
#637=FACE_OUTER_BOUND('',#1065,.T.);
#638=FACE_OUTER_BOUND('',#1066,.T.);
#639=FACE_OUTER_BOUND('',#1067,.T.);
#640=FACE_OUTER_BOUND('',#1068,.T.);
#641=FACE_OUTER_BOUND('',#1069,.T.);
#642=FACE_OUTER_BOUND('',#1070,.T.);
#643=FACE_OUTER_BOUND('',#1071,.T.);
#644=FACE_OUTER_BOUND('',#1072,.T.);
#645=FACE_OUTER_BOUND('',#1073,.T.);
#646=FACE_OUTER_BOUND('',#1074,.T.);
#647=FACE_OUTER_BOUND('',#1075,.T.);
#648=FACE_OUTER_BOUND('',#1076,.T.);
#649=FACE_OUTER_BOUND('',#1077,.T.);
#650=FACE_OUTER_BOUND('',#1078,.T.);
#651=FACE_OUTER_BOUND('',#1079,.T.);
#652=FACE_OUTER_BOUND('',#1080,.T.);
#653=FACE_OUTER_BOUND('',#1081,.T.);
#654=FACE_OUTER_BOUND('',#1082,.T.);
#655=FACE_OUTER_BOUND('',#1083,.T.);
#656=FACE_OUTER_BOUND('',#1084,.T.);
#657=FACE_OUTER_BOUND('',#1085,.T.);
#658=FACE_OUTER_BOUND('',#1086,.T.);
#659=FACE_OUTER_BOUND('',#1087,.T.);
#660=FACE_OUTER_BOUND('',#1088,.T.);
#661=FACE_OUTER_BOUND('',#1089,.T.);
#662=FACE_OUTER_BOUND('',#1090,.T.);
#663=FACE_OUTER_BOUND('',#1091,.T.);
#664=FACE_OUTER_BOUND('',#1092,.T.);
#665=FACE_OUTER_BOUND('',#1093,.T.);
#666=FACE_OUTER_BOUND('',#1094,.T.);
#667=FACE_OUTER_BOUND('',#1095,.T.);
#668=FACE_OUTER_BOUND('',#1096,.T.);
#669=FACE_OUTER_BOUND('',#1097,.T.);
#670=FACE_OUTER_BOUND('',#1098,.T.);
#671=FACE_OUTER_BOUND('',#1099,.T.);
#672=FACE_OUTER_BOUND('',#1100,.T.);
#673=FACE_OUTER_BOUND('',#1101,.T.);
#674=FACE_OUTER_BOUND('',#1102,.T.);
#675=FACE_OUTER_BOUND('',#1103,.T.);
#676=FACE_OUTER_BOUND('',#1104,.T.);
#677=FACE_OUTER_BOUND('',#1105,.T.);
#678=FACE_OUTER_BOUND('',#1106,.T.);
#679=FACE_OUTER_BOUND('',#1107,.T.);
#680=FACE_OUTER_BOUND('',#1108,.T.);
#681=FACE_OUTER_BOUND('',#1109,.T.);
#682=FACE_OUTER_BOUND('',#1110,.T.);
#683=FACE_OUTER_BOUND('',#1111,.T.);
#684=FACE_OUTER_BOUND('',#1112,.T.);
#685=FACE_OUTER_BOUND('',#1113,.T.);
#686=FACE_OUTER_BOUND('',#1114,.T.);
#687=FACE_OUTER_BOUND('',#1115,.T.);
#688=FACE_OUTER_BOUND('',#1116,.T.);
#689=FACE_OUTER_BOUND('',#1117,.T.);
#690=FACE_OUTER_BOUND('',#1118,.T.);
#691=FACE_OUTER_BOUND('',#1119,.T.);
#692=FACE_OUTER_BOUND('',#1120,.T.);
#693=FACE_OUTER_BOUND('',#1121,.T.);
#694=FACE_OUTER_BOUND('',#1122,.T.);
#695=FACE_OUTER_BOUND('',#1123,.T.);
#696=FACE_OUTER_BOUND('',#1124,.T.);
#697=FACE_OUTER_BOUND('',#1125,.T.);
#698=FACE_OUTER_BOUND('',#1126,.T.);
#699=FACE_OUTER_BOUND('',#1127,.T.);
#700=FACE_OUTER_BOUND('',#1128,.T.);
#701=FACE_OUTER_BOUND('',#1129,.T.);
#702=FACE_OUTER_BOUND('',#1131,.T.);
#703=FACE_OUTER_BOUND('',#1133,.T.);
#704=FACE_OUTER_BOUND('',#1135,.T.);
#705=FACE_OUTER_BOUND('',#1137,.T.);
#706=FACE_OUTER_BOUND('',#1138,.T.);
#707=FACE_OUTER_BOUND('',#1139,.T.);
#708=FACE_OUTER_BOUND('',#1140,.T.);
#709=FACE_OUTER_BOUND('',#1141,.T.);
#710=FACE_OUTER_BOUND('',#1142,.T.);
#711=FACE_OUTER_BOUND('',#1143,.T.);
#712=FACE_OUTER_BOUND('',#1144,.T.);
#713=FACE_OUTER_BOUND('',#1145,.T.);
#714=FACE_OUTER_BOUND('',#1146,.T.);
#715=FACE_OUTER_BOUND('',#1147,.T.);
#716=FACE_OUTER_BOUND('',#1148,.T.);
#717=FACE_OUTER_BOUND('',#1149,.T.);
#718=FACE_OUTER_BOUND('',#1150,.T.);
#719=FACE_OUTER_BOUND('',#1151,.T.);
#720=FACE_OUTER_BOUND('',#1152,.T.);
#721=FACE_OUTER_BOUND('',#1153,.T.);
#722=FACE_OUTER_BOUND('',#1154,.T.);
#723=FACE_OUTER_BOUND('',#1155,.T.);
#724=FACE_OUTER_BOUND('',#1156,.T.);
#725=FACE_OUTER_BOUND('',#1157,.T.);
#726=FACE_OUTER_BOUND('',#1158,.T.);
#727=FACE_OUTER_BOUND('',#1159,.T.);
#728=FACE_OUTER_BOUND('',#1160,.T.);
#729=FACE_OUTER_BOUND('',#1161,.T.);
#730=FACE_OUTER_BOUND('',#1162,.T.);
#731=FACE_OUTER_BOUND('',#1163,.T.);
#732=FACE_OUTER_BOUND('',#1164,.T.);
#733=FACE_OUTER_BOUND('',#1165,.T.);
#734=FACE_OUTER_BOUND('',#1166,.T.);
#735=FACE_OUTER_BOUND('',#1167,.T.);
#736=FACE_OUTER_BOUND('',#1168,.T.);
#737=FACE_OUTER_BOUND('',#1169,.T.);
#738=FACE_OUTER_BOUND('',#1170,.T.);
#739=FACE_OUTER_BOUND('',#1171,.T.);
#740=FACE_OUTER_BOUND('',#1172,.T.);
#741=FACE_OUTER_BOUND('',#1173,.T.);
#742=FACE_OUTER_BOUND('',#1174,.T.);
#743=FACE_OUTER_BOUND('',#1175,.T.);
#744=FACE_OUTER_BOUND('',#1176,.T.);
#745=FACE_OUTER_BOUND('',#1177,.T.);
#746=FACE_OUTER_BOUND('',#1178,.T.);
#747=FACE_OUTER_BOUND('',#1179,.T.);
#748=FACE_OUTER_BOUND('',#1180,.T.);
#749=FACE_OUTER_BOUND('',#1181,.T.);
#750=FACE_OUTER_BOUND('',#1182,.T.);
#751=FACE_OUTER_BOUND('',#1183,.T.);
#752=FACE_OUTER_BOUND('',#1184,.T.);
#753=FACE_OUTER_BOUND('',#1185,.T.);
#754=FACE_OUTER_BOUND('',#1186,.T.);
#755=FACE_OUTER_BOUND('',#1187,.T.);
#756=FACE_OUTER_BOUND('',#1188,.T.);
#757=FACE_OUTER_BOUND('',#1189,.T.);
#758=FACE_OUTER_BOUND('',#1190,.T.);
#759=FACE_OUTER_BOUND('',#1191,.T.);
#760=FACE_OUTER_BOUND('',#1192,.T.);
#761=FACE_OUTER_BOUND('',#1193,.T.);
#762=FACE_OUTER_BOUND('',#1194,.T.);
#763=FACE_OUTER_BOUND('',#1195,.T.);
#764=FACE_OUTER_BOUND('',#1196,.T.);
#765=FACE_OUTER_BOUND('',#1197,.T.);
#766=FACE_OUTER_BOUND('',#1198,.T.);
#767=FACE_OUTER_BOUND('',#1199,.T.);
#768=FACE_OUTER_BOUND('',#1200,.T.);
#769=FACE_OUTER_BOUND('',#1201,.T.);
#770=FACE_OUTER_BOUND('',#1202,.T.);
#771=FACE_OUTER_BOUND('',#1203,.T.);
#772=FACE_OUTER_BOUND('',#1204,.T.);
#773=FACE_OUTER_BOUND('',#1205,.T.);
#774=FACE_OUTER_BOUND('',#1206,.T.);
#775=FACE_OUTER_BOUND('',#1207,.T.);
#776=FACE_OUTER_BOUND('',#1208,.T.);
#777=FACE_OUTER_BOUND('',#1209,.T.);
#778=FACE_OUTER_BOUND('',#1210,.T.);
#779=FACE_OUTER_BOUND('',#1211,.T.);
#780=FACE_OUTER_BOUND('',#1212,.T.);
#781=FACE_OUTER_BOUND('',#1213,.T.);
#782=FACE_OUTER_BOUND('',#1214,.T.);
#783=FACE_OUTER_BOUND('',#1215,.T.);
#784=FACE_OUTER_BOUND('',#1216,.T.);
#785=FACE_OUTER_BOUND('',#1217,.T.);
#786=FACE_OUTER_BOUND('',#1218,.T.);
#787=FACE_OUTER_BOUND('',#1219,.T.);
#788=FACE_OUTER_BOUND('',#1220,.T.);
#789=FACE_OUTER_BOUND('',#1221,.T.);
#790=FACE_OUTER_BOUND('',#1222,.T.);
#791=FACE_OUTER_BOUND('',#1223,.T.);
#792=FACE_OUTER_BOUND('',#1224,.T.);
#793=FACE_OUTER_BOUND('',#1225,.T.);
#794=FACE_OUTER_BOUND('',#1226,.T.);
#795=FACE_OUTER_BOUND('',#1227,.T.);
#796=FACE_OUTER_BOUND('',#1228,.T.);
#797=FACE_OUTER_BOUND('',#1229,.T.);
#798=FACE_OUTER_BOUND('',#1230,.T.);
#799=FACE_OUTER_BOUND('',#1231,.T.);
#800=FACE_OUTER_BOUND('',#1232,.T.);
#801=FACE_OUTER_BOUND('',#1233,.T.);
#802=FACE_OUTER_BOUND('',#1234,.T.);
#803=FACE_OUTER_BOUND('',#1235,.T.);
#804=FACE_OUTER_BOUND('',#1236,.T.);
#805=FACE_OUTER_BOUND('',#1237,.T.);
#806=FACE_OUTER_BOUND('',#1238,.T.);
#807=FACE_OUTER_BOUND('',#1239,.T.);
#808=FACE_OUTER_BOUND('',#1240,.T.);
#809=FACE_OUTER_BOUND('',#1241,.T.);
#810=FACE_OUTER_BOUND('',#1242,.T.);
#811=FACE_OUTER_BOUND('',#1243,.T.);
#812=FACE_OUTER_BOUND('',#1244,.T.);
#813=FACE_OUTER_BOUND('',#1245,.T.);
#814=FACE_OUTER_BOUND('',#1246,.T.);
#815=FACE_OUTER_BOUND('',#1248,.T.);
#816=FACE_OUTER_BOUND('',#1249,.T.);
#817=FACE_OUTER_BOUND('',#1250,.T.);
#818=FACE_OUTER_BOUND('',#1252,.T.);
#819=FACE_OUTER_BOUND('',#1253,.T.);
#820=FACE_OUTER_BOUND('',#1254,.T.);
#821=FACE_OUTER_BOUND('',#1255,.T.);
#822=FACE_OUTER_BOUND('',#1256,.T.);
#823=FACE_OUTER_BOUND('',#1257,.T.);
#824=FACE_OUTER_BOUND('',#1258,.T.);
#825=FACE_OUTER_BOUND('',#1259,.T.);
#826=FACE_OUTER_BOUND('',#1260,.T.);
#827=FACE_OUTER_BOUND('',#1261,.T.);
#828=FACE_OUTER_BOUND('',#1262,.T.);
#829=FACE_OUTER_BOUND('',#1263,.T.);
#830=FACE_OUTER_BOUND('',#1264,.T.);
#831=FACE_OUTER_BOUND('',#1265,.T.);
#832=FACE_OUTER_BOUND('',#1266,.T.);
#833=FACE_OUTER_BOUND('',#1267,.T.);
#834=FACE_OUTER_BOUND('',#1268,.T.);
#835=FACE_OUTER_BOUND('',#1269,.T.);
#836=FACE_OUTER_BOUND('',#1270,.T.);
#837=FACE_OUTER_BOUND('',#1271,.T.);
#838=FACE_OUTER_BOUND('',#1272,.T.);
#839=FACE_OUTER_BOUND('',#1273,.T.);
#840=FACE_OUTER_BOUND('',#1274,.T.);
#841=FACE_OUTER_BOUND('',#1275,.T.);
#842=FACE_OUTER_BOUND('',#1276,.T.);
#843=FACE_OUTER_BOUND('',#1277,.T.);
#844=FACE_OUTER_BOUND('',#1278,.T.);
#845=FACE_OUTER_BOUND('',#1279,.T.);
#846=FACE_OUTER_BOUND('',#1280,.T.);
#847=FACE_OUTER_BOUND('',#1281,.T.);
#848=FACE_OUTER_BOUND('',#1282,.T.);
#849=FACE_OUTER_BOUND('',#1283,.T.);
#850=FACE_OUTER_BOUND('',#1284,.T.);
#851=FACE_OUTER_BOUND('',#1285,.T.);
#852=FACE_OUTER_BOUND('',#1286,.T.);
#853=FACE_OUTER_BOUND('',#1287,.T.);
#854=FACE_OUTER_BOUND('',#1288,.T.);
#855=FACE_OUTER_BOUND('',#1289,.T.);
#856=FACE_OUTER_BOUND('',#1290,.T.);
#857=FACE_OUTER_BOUND('',#1291,.T.);
#858=FACE_OUTER_BOUND('',#1293,.T.);
#859=FACE_OUTER_BOUND('',#1294,.T.);
#860=FACE_OUTER_BOUND('',#1295,.T.);
#861=FACE_OUTER_BOUND('',#1296,.T.);
#862=FACE_OUTER_BOUND('',#1297,.T.);
#863=FACE_OUTER_BOUND('',#1298,.T.);
#864=FACE_OUTER_BOUND('',#1299,.T.);
#865=FACE_OUTER_BOUND('',#1300,.T.);
#866=FACE_OUTER_BOUND('',#1301,.T.);
#867=FACE_OUTER_BOUND('',#1302,.T.);
#868=FACE_OUTER_BOUND('',#1303,.T.);
#869=FACE_OUTER_BOUND('',#1304,.T.);
#870=FACE_OUTER_BOUND('',#1305,.T.);
#871=FACE_OUTER_BOUND('',#1306,.T.);
#872=FACE_OUTER_BOUND('',#1307,.T.);
#873=FACE_OUTER_BOUND('',#1308,.T.);
#874=FACE_OUTER_BOUND('',#1309,.T.);
#875=FACE_OUTER_BOUND('',#1310,.T.);
#876=FACE_OUTER_BOUND('',#1311,.T.);
#877=FACE_OUTER_BOUND('',#1312,.T.);
#878=FACE_OUTER_BOUND('',#1313,.T.);
#879=FACE_OUTER_BOUND('',#1314,.T.);
#880=FACE_OUTER_BOUND('',#1315,.T.);
#881=FACE_OUTER_BOUND('',#1316,.T.);
#882=FACE_OUTER_BOUND('',#1317,.T.);
#883=FACE_OUTER_BOUND('',#1318,.T.);
#884=FACE_OUTER_BOUND('',#1319,.T.);
#885=FACE_OUTER_BOUND('',#1320,.T.);
#886=FACE_OUTER_BOUND('',#1321,.T.);
#887=FACE_OUTER_BOUND('',#1322,.T.);
#888=FACE_OUTER_BOUND('',#1323,.T.);
#889=FACE_OUTER_BOUND('',#1324,.T.);
#890=FACE_OUTER_BOUND('',#1325,.T.);
#891=FACE_OUTER_BOUND('',#1326,.T.);
#892=FACE_OUTER_BOUND('',#1327,.T.);
#893=FACE_OUTER_BOUND('',#1329,.T.);
#894=FACE_OUTER_BOUND('',#1330,.T.);
#895=FACE_OUTER_BOUND('',#1332,.T.);
#896=FACE_OUTER_BOUND('',#1333,.T.);
#897=FACE_OUTER_BOUND('',#1335,.T.);
#898=FACE_OUTER_BOUND('',#1336,.T.);
#899=FACE_OUTER_BOUND('',#1338,.T.);
#900=FACE_OUTER_BOUND('',#1339,.T.);
#901=FACE_OUTER_BOUND('',#1341,.T.);
#902=FACE_OUTER_BOUND('',#1342,.T.);
#903=FACE_OUTER_BOUND('',#1344,.T.);
#904=FACE_OUTER_BOUND('',#1345,.T.);
#905=FACE_OUTER_BOUND('',#1346,.T.);
#906=FACE_OUTER_BOUND('',#1347,.T.);
#907=FACE_OUTER_BOUND('',#1348,.T.);
#908=FACE_OUTER_BOUND('',#1349,.T.);
#909=FACE_OUTER_BOUND('',#1350,.T.);
#910=FACE_OUTER_BOUND('',#1351,.T.);
#911=FACE_OUTER_BOUND('',#1352,.T.);
#912=FACE_OUTER_BOUND('',#1353,.T.);
#913=FACE_OUTER_BOUND('',#1354,.T.);
#914=FACE_OUTER_BOUND('',#1355,.T.);
#915=FACE_OUTER_BOUND('',#1356,.T.);
#916=FACE_OUTER_BOUND('',#1357,.T.);
#917=FACE_OUTER_BOUND('',#1358,.T.);
#918=FACE_OUTER_BOUND('',#1359,.T.);
#919=FACE_OUTER_BOUND('',#1360,.T.);
#920=FACE_OUTER_BOUND('',#1361,.T.);
#921=FACE_OUTER_BOUND('',#1362,.T.);
#922=FACE_OUTER_BOUND('',#1363,.T.);
#923=FACE_OUTER_BOUND('',#1364,.T.);
#924=FACE_OUTER_BOUND('',#1365,.T.);
#925=FACE_OUTER_BOUND('',#1366,.T.);
#926=FACE_OUTER_BOUND('',#1367,.T.);
#927=FACE_OUTER_BOUND('',#1368,.T.);
#928=FACE_OUTER_BOUND('',#1369,.T.);
#929=FACE_OUTER_BOUND('',#1370,.T.);
#930=FACE_OUTER_BOUND('',#1371,.T.);
#931=FACE_OUTER_BOUND('',#1372,.T.);
#932=FACE_OUTER_BOUND('',#1373,.T.);
#933=FACE_OUTER_BOUND('',#1374,.T.);
#934=FACE_OUTER_BOUND('',#1375,.T.);
#935=FACE_OUTER_BOUND('',#1376,.T.);
#936=FACE_OUTER_BOUND('',#1377,.T.);
#937=FACE_OUTER_BOUND('',#1379,.T.);
#938=FACE_OUTER_BOUND('',#1380,.T.);
#939=FACE_OUTER_BOUND('',#1381,.T.);
#940=FACE_OUTER_BOUND('',#1382,.T.);
#941=FACE_OUTER_BOUND('',#1383,.T.);
#942=FACE_OUTER_BOUND('',#1384,.T.);
#943=FACE_OUTER_BOUND('',#1385,.T.);
#944=FACE_OUTER_BOUND('',#1386,.T.);
#945=FACE_OUTER_BOUND('',#1387,.T.);
#946=FACE_OUTER_BOUND('',#1388,.T.);
#947=FACE_OUTER_BOUND('',#1389,.T.);
#948=FACE_OUTER_BOUND('',#1390,.T.);
#949=FACE_OUTER_BOUND('',#1391,.T.);
#950=FACE_OUTER_BOUND('',#1392,.T.);
#951=FACE_OUTER_BOUND('',#1393,.T.);
#952=FACE_OUTER_BOUND('',#1394,.T.);
#953=FACE_OUTER_BOUND('',#1396,.T.);
#954=FACE_OUTER_BOUND('',#1397,.T.);
#955=FACE_OUTER_BOUND('',#1398,.T.);
#956=FACE_OUTER_BOUND('',#1399,.T.);
#957=FACE_OUTER_BOUND('',#1400,.T.);
#958=FACE_OUTER_BOUND('',#1401,.T.);
#959=FACE_OUTER_BOUND('',#1402,.T.);
#960=FACE_OUTER_BOUND('',#1403,.T.);
#961=FACE_OUTER_BOUND('',#1404,.T.);
#962=FACE_OUTER_BOUND('',#1405,.T.);
#963=FACE_OUTER_BOUND('',#1406,.T.);
#964=FACE_OUTER_BOUND('',#1407,.T.);
#965=FACE_OUTER_BOUND('',#1408,.T.);
#966=FACE_OUTER_BOUND('',#1409,.T.);
#967=FACE_OUTER_BOUND('',#1412,.T.);
#968=FACE_OUTER_BOUND('',#1413,.T.);
#969=FACE_OUTER_BOUND('',#1414,.T.);
#970=FACE_OUTER_BOUND('',#1415,.T.);
#971=FACE_OUTER_BOUND('',#1416,.T.);
#972=FACE_OUTER_BOUND('',#1417,.T.);
#973=FACE_OUTER_BOUND('',#1419,.T.);
#974=FACE_OUTER_BOUND('',#1420,.T.);
#975=FACE_OUTER_BOUND('',#1421,.T.);
#976=FACE_OUTER_BOUND('',#1422,.T.);
#977=FACE_OUTER_BOUND('',#1423,.T.);
#978=FACE_OUTER_BOUND('',#1424,.T.);
#979=FACE_OUTER_BOUND('',#1425,.T.);
#980=FACE_OUTER_BOUND('',#1426,.T.);
#981=FACE_OUTER_BOUND('',#1427,.T.);
#982=FACE_OUTER_BOUND('',#1428,.T.);
#983=FACE_OUTER_BOUND('',#1429,.T.);
#984=FACE_OUTER_BOUND('',#1430,.T.);
#985=FACE_OUTER_BOUND('',#1431,.T.);
#986=FACE_OUTER_BOUND('',#1432,.T.);
#987=FACE_OUTER_BOUND('',#1433,.T.);
#988=FACE_OUTER_BOUND('',#1434,.T.);
#989=FACE_OUTER_BOUND('',#1435,.T.);
#990=FACE_OUTER_BOUND('',#1436,.T.);
#991=FACE_OUTER_BOUND('',#1437,.T.);
#992=FACE_OUTER_BOUND('',#1438,.T.);
#993=FACE_OUTER_BOUND('',#1439,.T.);
#994=FACE_OUTER_BOUND('',#1440,.T.);
#995=FACE_OUTER_BOUND('',#1441,.T.);
#996=FACE_OUTER_BOUND('',#1442,.T.);
#997=FACE_OUTER_BOUND('',#1443,.T.);
#998=FACE_OUTER_BOUND('',#1444,.T.);
#999=FACE_OUTER_BOUND('',#1445,.T.);
#1000=FACE_OUTER_BOUND('',#1446,.T.);
#1001=FACE_OUTER_BOUND('',#1447,.T.);
#1002=FACE_OUTER_BOUND('',#1448,.T.);
#1003=FACE_OUTER_BOUND('',#1449,.T.);
#1004=FACE_OUTER_BOUND('',#1450,.T.);
#1005=FACE_OUTER_BOUND('',#1451,.T.);
#1006=FACE_OUTER_BOUND('',#1452,.T.);
#1007=FACE_OUTER_BOUND('',#1453,.T.);
#1008=FACE_OUTER_BOUND('',#1454,.T.);
#1009=FACE_OUTER_BOUND('',#1455,.T.);
#1010=FACE_OUTER_BOUND('',#1456,.T.);
#1011=FACE_OUTER_BOUND('',#1457,.T.);
#1012=FACE_OUTER_BOUND('',#1458,.T.);
#1013=FACE_OUTER_BOUND('',#1459,.T.);
#1014=FACE_OUTER_BOUND('',#1460,.T.);
#1015=FACE_OUTER_BOUND('',#1461,.T.);
#1016=FACE_OUTER_BOUND('',#1462,.T.);
#1017=FACE_OUTER_BOUND('',#1463,.T.);
#1018=FACE_OUTER_BOUND('',#1464,.T.);
#1019=FACE_OUTER_BOUND('',#1465,.T.);
#1020=FACE_OUTER_BOUND('',#1466,.T.);
#1021=FACE_OUTER_BOUND('',#1467,.T.);
#1022=FACE_OUTER_BOUND('',#1468,.T.);
#1023=FACE_OUTER_BOUND('',#1469,.T.);
#1024=FACE_OUTER_BOUND('',#1470,.T.);
#1025=EDGE_LOOP('',(#4834,#4835,#4836,#4837));
#1026=EDGE_LOOP('',(#4838,#4839,#4840,#4841,#4842));
#1027=EDGE_LOOP('',(#4843,#4844,#4845,#4846));
#1028=EDGE_LOOP('',(#4847,#4848,#4849,#4850,#4851,#4852,#4853,#4854,#4855,
#4856,#4857,#4858,#4859,#4860,#4861,#4862,#4863,#4864,#4865,#4866,#4867));
#1029=EDGE_LOOP('',(#4868,#4869,#4870,#4871));
#1030=EDGE_LOOP('',(#4872,#4873,#4874,#4875));
#1031=EDGE_LOOP('',(#4876,#4877,#4878,#4879));
#1032=EDGE_LOOP('',(#4880,#4881,#4882));
#1033=EDGE_LOOP('',(#4883,#4884,#4885,#4886));
#1034=EDGE_LOOP('',(#4887,#4888,#4889,#4890,#4891,#4892));
#1035=EDGE_LOOP('',(#4893,#4894,#4895,#4896));
#1036=EDGE_LOOP('',(#4897,#4898,#4899,#4900));
#1037=EDGE_LOOP('',(#4901,#4902,#4903));
#1038=EDGE_LOOP('',(#4904,#4905,#4906,#4907));
#1039=EDGE_LOOP('',(#4908,#4909,#4910,#4911,#4912,#4913,#4914,#4915,#4916));
#1040=EDGE_LOOP('',(#4917,#4918,#4919,#4920,#4921,#4922,#4923,#4924));
#1041=EDGE_LOOP('',(#4925,#4926,#4927,#4928,#4929,#4930));
#1042=EDGE_LOOP('',(#4931,#4932,#4933,#4934));
#1043=EDGE_LOOP('',(#4935,#4936,#4937,#4938,#4939,#4940,#4941,#4942,#4943,
#4944,#4945,#4946,#4947,#4948));
#1044=EDGE_LOOP('',(#4949,#4950,#4951,#4952,#4953,#4954,#4955,#4956,#4957,
#4958,#4959,#4960,#4961,#4962,#4963,#4964,#4965,#4966,#4967,#4968,#4969,
#4970,#4971,#4972,#4973,#4974,#4975));
#1045=EDGE_LOOP('',(#4976,#4977,#4978));
#1046=EDGE_LOOP('',(#4979,#4980,#4981,#4982,#4983));
#1047=EDGE_LOOP('',(#4984,#4985,#4986,#4987));
#1048=EDGE_LOOP('',(#4988,#4989,#4990,#4991,#4992,#4993,#4994,#4995,#4996,
#4997,#4998,#4999));
#1049=EDGE_LOOP('',(#5000,#5001,#5002,#5003,#5004,#5005,#5006));
#1050=EDGE_LOOP('',(#5007,#5008,#5009));
#1051=EDGE_LOOP('',(#5010,#5011,#5012));
#1052=EDGE_LOOP('',(#5013,#5014,#5015,#5016,#5017,#5018));
#1053=EDGE_LOOP('',(#5019,#5020,#5021,#5022));
#1054=EDGE_LOOP('',(#5023,#5024,#5025));
#1055=EDGE_LOOP('',(#5026,#5027,#5028,#5029));
#1056=EDGE_LOOP('',(#5030,#5031,#5032,#5033,#5034,#5035,#5036,#5037,#5038,
#5039,#5040,#5041,#5042,#5043,#5044,#5045,#5046,#5047,#5048,#5049,#5050,
#5051,#5052,#5053,#5054,#5055,#5056,#5057,#5058,#5059,#5060,#5061));
#1057=EDGE_LOOP('',(#5062));
#1058=EDGE_LOOP('',(#5063));
#1059=EDGE_LOOP('',(#5064,#5065,#5066,#5067,#5068,#5069));
#1060=EDGE_LOOP('',(#5070));
#1061=EDGE_LOOP('',(#5071));
#1062=EDGE_LOOP('',(#5072,#5073,#5074,#5075,#5076,#5077,#5078,#5079,#5080,
#5081,#5082,#5083,#5084,#5085,#5086,#5087));
#1063=EDGE_LOOP('',(#5088,#5089,#5090,#5091));
#1064=EDGE_LOOP('',(#5092,#5093,#5094,#5095,#5096,#5097,#5098,#5099,#5100,
#5101,#5102,#5103,#5104,#5105,#5106,#5107));
#1065=EDGE_LOOP('',(#5108,#5109,#5110,#5111));
#1066=EDGE_LOOP('',(#5112,#5113,#5114,#5115,#5116,#5117,#5118,#5119,#5120,
#5121,#5122,#5123,#5124,#5125,#5126,#5127));
#1067=EDGE_LOOP('',(#5128,#5129,#5130,#5131));
#1068=EDGE_LOOP('',(#5132,#5133,#5134,#5135,#5136,#5137,#5138,#5139,#5140,
#5141,#5142,#5143,#5144,#5145,#5146,#5147));
#1069=EDGE_LOOP('',(#5148,#5149,#5150,#5151));
#1070=EDGE_LOOP('',(#5152,#5153,#5154,#5155));
#1071=EDGE_LOOP('',(#5156,#5157,#5158,#5159));
#1072=EDGE_LOOP('',(#5160,#5161,#5162,#5163));
#1073=EDGE_LOOP('',(#5164,#5165,#5166,#5167));
#1074=EDGE_LOOP('',(#5168,#5169,#5170,#5171));
#1075=EDGE_LOOP('',(#5172,#5173,#5174,#5175));
#1076=EDGE_LOOP('',(#5176,#5177,#5178,#5179,#5180,#5181,#5182,#5183,#5184,
#5185,#5186,#5187,#5188,#5189,#5190,#5191));
#1077=EDGE_LOOP('',(#5192,#5193,#5194,#5195));
#1078=EDGE_LOOP('',(#5196,#5197,#5198,#5199));
#1079=EDGE_LOOP('',(#5200,#5201,#5202,#5203,#5204,#5205,#5206,#5207,#5208,
#5209,#5210,#5211,#5212,#5213,#5214,#5215));
#1080=EDGE_LOOP('',(#5216,#5217,#5218,#5219));
#1081=EDGE_LOOP('',(#5220,#5221,#5222,#5223));
#1082=EDGE_LOOP('',(#5224,#5225,#5226,#5227));
#1083=EDGE_LOOP('',(#5228,#5229,#5230,#5231));
#1084=EDGE_LOOP('',(#5232,#5233,#5234,#5235,#5236));
#1085=EDGE_LOOP('',(#5237,#5238,#5239,#5240,#5241,#5242));
#1086=EDGE_LOOP('',(#5243,#5244,#5245,#5246,#5247,#5248,#5249));
#1087=EDGE_LOOP('',(#5250,#5251,#5252,#5253,#5254,#5255,#5256,#5257,#5258,
#5259,#5260,#5261));
#1088=EDGE_LOOP('',(#5262,#5263,#5264,#5265,#5266,#5267));
#1089=EDGE_LOOP('',(#5268,#5269,#5270,#5271));
#1090=EDGE_LOOP('',(#5272,#5273,#5274,#5275,#5276,#5277));
#1091=EDGE_LOOP('',(#5278,#5279,#5280));
#1092=EDGE_LOOP('',(#5281,#5282,#5283,#5284));
#1093=EDGE_LOOP('',(#5285,#5286,#5287,#5288));
#1094=EDGE_LOOP('',(#5289,#5290,#5291,#5292));
#1095=EDGE_LOOP('',(#5293,#5294,#5295));
#1096=EDGE_LOOP('',(#5296,#5297,#5298,#5299,#5300,#5301,#5302,#5303,#5304,
#5305));
#1097=EDGE_LOOP('',(#5306,#5307,#5308,#5309));
#1098=EDGE_LOOP('',(#5310,#5311,#5312,#5313,#5314,#5315,#5316,#5317));
#1099=EDGE_LOOP('',(#5318,#5319,#5320,#5321,#5322,#5323));
#1100=EDGE_LOOP('',(#5324,#5325,#5326,#5327));
#1101=EDGE_LOOP('',(#5328,#5329,#5330,#5331,#5332,#5333));
#1102=EDGE_LOOP('',(#5334,#5335,#5336,#5337,#5338,#5339));
#1103=EDGE_LOOP('',(#5340,#5341,#5342,#5343,#5344,#5345,#5346,#5347));
#1104=EDGE_LOOP('',(#5348,#5349,#5350,#5351));
#1105=EDGE_LOOP('',(#5352,#5353,#5354,#5355,#5356,#5357));
#1106=EDGE_LOOP('',(#5358,#5359,#5360,#5361,#5362,#5363));
#1107=EDGE_LOOP('',(#5364,#5365,#5366,#5367,#5368,#5369,#5370));
#1108=EDGE_LOOP('',(#5371,#5372,#5373,#5374,#5375));
#1109=EDGE_LOOP('',(#5376,#5377,#5378,#5379,#5380,#5381,#5382,#5383,#5384,
#5385,#5386,#5387));
#1110=EDGE_LOOP('',(#5388,#5389,#5390,#5391));
#1111=EDGE_LOOP('',(#5392,#5393,#5394,#5395,#5396,#5397));
#1112=EDGE_LOOP('',(#5398,#5399,#5400,#5401));
#1113=EDGE_LOOP('',(#5402,#5403,#5404,#5405));
#1114=EDGE_LOOP('',(#5406,#5407,#5408,#5409,#5410,#5411,#5412));
#1115=EDGE_LOOP('',(#5413,#5414,#5415,#5416,#5417,#5418,#5419,#5420,#5421,
#5422));
#1116=EDGE_LOOP('',(#5423,#5424,#5425,#5426,#5427,#5428,#5429));
#1117=EDGE_LOOP('',(#5430,#5431,#5432,#5433));
#1118=EDGE_LOOP('',(#5434,#5435,#5436,#5437,#5438,#5439));
#1119=EDGE_LOOP('',(#5440,#5441,#5442,#5443,#5444));
#1120=EDGE_LOOP('',(#5445,#5446,#5447,#5448));
#1121=EDGE_LOOP('',(#5449,#5450,#5451,#5452,#5453,#5454));
#1122=EDGE_LOOP('',(#5455,#5456,#5457,#5458,#5459,#5460));
#1123=EDGE_LOOP('',(#5461,#5462,#5463,#5464));
#1124=EDGE_LOOP('',(#5465,#5466,#5467,#5468,#5469,#5470,#5471,#5472,#5473,
#5474,#5475,#5476));
#1125=EDGE_LOOP('',(#5477,#5478,#5479,#5480,#5481,#5482,#5483));
#1126=EDGE_LOOP('',(#5484,#5485,#5486,#5487));
#1127=EDGE_LOOP('',(#5488,#5489,#5490,#5491));
#1128=EDGE_LOOP('',(#5492,#5493,#5494,#5495,#5496,#5497));
#1129=EDGE_LOOP('',(#5498,#5499,#5500,#5501,#5502,#5503,#5504,#5505,#5506,
#5507,#5508,#5509));
#1130=EDGE_LOOP('',(#5510));
#1131=EDGE_LOOP('',(#5511,#5512,#5513,#5514,#5515,#5516,#5517,#5518,#5519,
#5520,#5521,#5522,#5523,#5524));
#1132=EDGE_LOOP('',(#5525));
#1133=EDGE_LOOP('',(#5526,#5527,#5528,#5529,#5530,#5531,#5532,#5533,#5534,
#5535,#5536));
#1134=EDGE_LOOP('',(#5537));
#1135=EDGE_LOOP('',(#5538,#5539,#5540,#5541,#5542,#5543,#5544,#5545,#5546,
#5547,#5548,#5549,#5550,#5551));
#1136=EDGE_LOOP('',(#5552));
#1137=EDGE_LOOP('',(#5553,#5554,#5555,#5556));
#1138=EDGE_LOOP('',(#5557,#5558,#5559,#5560));
#1139=EDGE_LOOP('',(#5561,#5562,#5563,#5564));
#1140=EDGE_LOOP('',(#5565,#5566,#5567,#5568));
#1141=EDGE_LOOP('',(#5569,#5570,#5571,#5572,#5573));
#1142=EDGE_LOOP('',(#5574,#5575,#5576,#5577));
#1143=EDGE_LOOP('',(#5578,#5579,#5580,#5581));
#1144=EDGE_LOOP('',(#5582,#5583,#5584,#5585));
#1145=EDGE_LOOP('',(#5586,#5587,#5588,#5589,#5590,#5591));
#1146=EDGE_LOOP('',(#5592,#5593,#5594,#5595));
#1147=EDGE_LOOP('',(#5596,#5597,#5598,#5599,#5600,#5601));
#1148=EDGE_LOOP('',(#5602,#5603,#5604,#5605));
#1149=EDGE_LOOP('',(#5606,#5607,#5608,#5609));
#1150=EDGE_LOOP('',(#5610,#5611,#5612,#5613));
#1151=EDGE_LOOP('',(#5614,#5615,#5616,#5617));
#1152=EDGE_LOOP('',(#5618,#5619,#5620,#5621,#5622,#5623,#5624,#5625));
#1153=EDGE_LOOP('',(#5626,#5627,#5628,#5629));
#1154=EDGE_LOOP('',(#5630,#5631,#5632,#5633));
#1155=EDGE_LOOP('',(#5634,#5635,#5636,#5637,#5638,#5639,#5640,#5641,#5642,
#5643));
#1156=EDGE_LOOP('',(#5644,#5645,#5646,#5647));
#1157=EDGE_LOOP('',(#5648,#5649,#5650,#5651));
#1158=EDGE_LOOP('',(#5652,#5653,#5654,#5655));
#1159=EDGE_LOOP('',(#5656,#5657,#5658,#5659));
#1160=EDGE_LOOP('',(#5660,#5661,#5662,#5663));
#1161=EDGE_LOOP('',(#5664,#5665,#5666,#5667,#5668));
#1162=EDGE_LOOP('',(#5669,#5670,#5671,#5672,#5673,#5674));
#1163=EDGE_LOOP('',(#5675,#5676,#5677,#5678,#5679,#5680));
#1164=EDGE_LOOP('',(#5681,#5682,#5683,#5684,#5685));
#1165=EDGE_LOOP('',(#5686,#5687,#5688,#5689));
#1166=EDGE_LOOP('',(#5690,#5691,#5692,#5693,#5694,#5695,#5696,#5697));
#1167=EDGE_LOOP('',(#5698,#5699,#5700,#5701));
#1168=EDGE_LOOP('',(#5702,#5703,#5704,#5705,#5706));
#1169=EDGE_LOOP('',(#5707,#5708,#5709,#5710,#5711));
#1170=EDGE_LOOP('',(#5712,#5713,#5714,#5715,#5716));
#1171=EDGE_LOOP('',(#5717,#5718,#5719,#5720,#5721));
#1172=EDGE_LOOP('',(#5722,#5723,#5724,#5725));
#1173=EDGE_LOOP('',(#5726,#5727,#5728,#5729));
#1174=EDGE_LOOP('',(#5730,#5731,#5732,#5733));
#1175=EDGE_LOOP('',(#5734,#5735,#5736,#5737,#5738));
#1176=EDGE_LOOP('',(#5739,#5740,#5741,#5742,#5743));
#1177=EDGE_LOOP('',(#5744,#5745,#5746,#5747));
#1178=EDGE_LOOP('',(#5748,#5749,#5750,#5751));
#1179=EDGE_LOOP('',(#5752,#5753,#5754,#5755,#5756));
#1180=EDGE_LOOP('',(#5757,#5758,#5759,#5760));
#1181=EDGE_LOOP('',(#5761,#5762,#5763,#5764,#5765));
#1182=EDGE_LOOP('',(#5766,#5767,#5768,#5769));
#1183=EDGE_LOOP('',(#5770,#5771,#5772,#5773,#5774,#5775));
#1184=EDGE_LOOP('',(#5776,#5777,#5778,#5779));
#1185=EDGE_LOOP('',(#5780,#5781,#5782));
#1186=EDGE_LOOP('',(#5783,#5784,#5785,#5786));
#1187=EDGE_LOOP('',(#5787,#5788,#5789,#5790));
#1188=EDGE_LOOP('',(#5791,#5792,#5793,#5794,#5795,#5796,#5797,#5798,#5799,
#5800,#5801,#5802,#5803,#5804,#5805,#5806,#5807,#5808));
#1189=EDGE_LOOP('',(#5809,#5810,#5811,#5812));
#1190=EDGE_LOOP('',(#5813,#5814,#5815));
#1191=EDGE_LOOP('',(#5816,#5817,#5818,#5819));
#1192=EDGE_LOOP('',(#5820,#5821,#5822,#5823));
#1193=EDGE_LOOP('',(#5824,#5825,#5826,#5827));
#1194=EDGE_LOOP('',(#5828,#5829,#5830,#5831));
#1195=EDGE_LOOP('',(#5832,#5833,#5834,#5835));
#1196=EDGE_LOOP('',(#5836,#5837,#5838,#5839,#5840));
#1197=EDGE_LOOP('',(#5841,#5842,#5843,#5844));
#1198=EDGE_LOOP('',(#5845,#5846,#5847,#5848,#5849,#5850,#5851,#5852,#5853,
#5854,#5855,#5856,#5857,#5858,#5859,#5860));
#1199=EDGE_LOOP('',(#5861,#5862,#5863,#5864,#5865));
#1200=EDGE_LOOP('',(#5866,#5867,#5868,#5869,#5870,#5871,#5872,#5873,#5874,
#5875,#5876,#5877,#5878,#5879,#5880,#5881,#5882,#5883,#5884,#5885,#5886,
#5887,#5888,#5889,#5890,#5891,#5892,#5893,#5894,#5895,#5896,#5897,#5898,
#5899,#5900,#5901));
#1201=EDGE_LOOP('',(#5902,#5903,#5904,#5905));
#1202=EDGE_LOOP('',(#5906,#5907,#5908,#5909));
#1203=EDGE_LOOP('',(#5910,#5911,#5912,#5913,#5914,#5915,#5916,#5917));
#1204=EDGE_LOOP('',(#5918,#5919,#5920,#5921));
#1205=EDGE_LOOP('',(#5922,#5923,#5924,#5925));
#1206=EDGE_LOOP('',(#5926,#5927,#5928,#5929,#5930,#5931,#5932,#5933,#5934,
#5935));
#1207=EDGE_LOOP('',(#5936,#5937,#5938,#5939));
#1208=EDGE_LOOP('',(#5940,#5941,#5942,#5943));
#1209=EDGE_LOOP('',(#5944,#5945,#5946,#5947));
#1210=EDGE_LOOP('',(#5948,#5949,#5950,#5951));
#1211=EDGE_LOOP('',(#5952,#5953,#5954,#5955));
#1212=EDGE_LOOP('',(#5956,#5957,#5958,#5959));
#1213=EDGE_LOOP('',(#5960,#5961,#5962,#5963));
#1214=EDGE_LOOP('',(#5964,#5965,#5966,#5967));
#1215=EDGE_LOOP('',(#5968,#5969,#5970,#5971));
#1216=EDGE_LOOP('',(#5972,#5973,#5974,#5975));
#1217=EDGE_LOOP('',(#5976,#5977,#5978,#5979,#5980,#5981));
#1218=EDGE_LOOP('',(#5982,#5983,#5984,#5985));
#1219=EDGE_LOOP('',(#5986,#5987,#5988,#5989));
#1220=EDGE_LOOP('',(#5990,#5991,#5992,#5993));
#1221=EDGE_LOOP('',(#5994,#5995,#5996,#5997));
#1222=EDGE_LOOP('',(#5998,#5999,#6000,#6001));
#1223=EDGE_LOOP('',(#6002,#6003,#6004,#6005));
#1224=EDGE_LOOP('',(#6006,#6007,#6008,#6009));
#1225=EDGE_LOOP('',(#6010,#6011,#6012,#6013));
#1226=EDGE_LOOP('',(#6014,#6015,#6016,#6017));
#1227=EDGE_LOOP('',(#6018,#6019,#6020,#6021));
#1228=EDGE_LOOP('',(#6022,#6023,#6024,#6025,#6026,#6027,#6028));
#1229=EDGE_LOOP('',(#6029,#6030,#6031,#6032));
#1230=EDGE_LOOP('',(#6033,#6034,#6035,#6036));
#1231=EDGE_LOOP('',(#6037,#6038,#6039,#6040,#6041,#6042,#6043));
#1232=EDGE_LOOP('',(#6044,#6045,#6046,#6047));
#1233=EDGE_LOOP('',(#6048,#6049,#6050,#6051,#6052,#6053,#6054,#6055));
#1234=EDGE_LOOP('',(#6056,#6057,#6058,#6059));
#1235=EDGE_LOOP('',(#6060,#6061,#6062,#6063,#6064,#6065,#6066,#6067,#6068,
#6069,#6070));
#1236=EDGE_LOOP('',(#6071,#6072,#6073,#6074,#6075,#6076,#6077));
#1237=EDGE_LOOP('',(#6078,#6079,#6080,#6081));
#1238=EDGE_LOOP('',(#6082,#6083,#6084,#6085));
#1239=EDGE_LOOP('',(#6086,#6087,#6088,#6089));
#1240=EDGE_LOOP('',(#6090,#6091,#6092,#6093));
#1241=EDGE_LOOP('',(#6094,#6095,#6096,#6097));
#1242=EDGE_LOOP('',(#6098,#6099,#6100,#6101));
#1243=EDGE_LOOP('',(#6102,#6103,#6104,#6105));
#1244=EDGE_LOOP('',(#6106,#6107,#6108,#6109));
#1245=EDGE_LOOP('',(#6110,#6111,#6112,#6113));
#1246=EDGE_LOOP('',(#6114,#6115,#6116,#6117,#6118,#6119,#6120,#6121));
#1247=EDGE_LOOP('',(#6122,#6123,#6124,#6125));
#1248=EDGE_LOOP('',(#6126,#6127,#6128,#6129));
#1249=EDGE_LOOP('',(#6130,#6131,#6132,#6133));
#1250=EDGE_LOOP('',(#6134,#6135,#6136,#6137,#6138,#6139,#6140,#6141));
#1251=EDGE_LOOP('',(#6142,#6143,#6144,#6145));
#1252=EDGE_LOOP('',(#6146,#6147,#6148,#6149,#6150,#6151));
#1253=EDGE_LOOP('',(#6152,#6153,#6154,#6155,#6156,#6157));
#1254=EDGE_LOOP('',(#6158,#6159,#6160,#6161));
#1255=EDGE_LOOP('',(#6162,#6163,#6164,#6165));
#1256=EDGE_LOOP('',(#6166,#6167,#6168,#6169));
#1257=EDGE_LOOP('',(#6170,#6171,#6172,#6173));
#1258=EDGE_LOOP('',(#6174,#6175,#6176,#6177));
#1259=EDGE_LOOP('',(#6178,#6179,#6180,#6181,#6182,#6183,#6184,#6185,#6186,
#6187,#6188,#6189,#6190,#6191,#6192,#6193));
#1260=EDGE_LOOP('',(#6194,#6195,#6196,#6197));
#1261=EDGE_LOOP('',(#6198,#6199,#6200,#6201,#6202));
#1262=EDGE_LOOP('',(#6203,#6204,#6205,#6206));
#1263=EDGE_LOOP('',(#6207,#6208,#6209,#6210));
#1264=EDGE_LOOP('',(#6211,#6212,#6213,#6214));
#1265=EDGE_LOOP('',(#6215,#6216,#6217,#6218));
#1266=EDGE_LOOP('',(#6219,#6220,#6221,#6222,#6223));
#1267=EDGE_LOOP('',(#6224,#6225,#6226,#6227,#6228));
#1268=EDGE_LOOP('',(#6229,#6230,#6231,#6232));
#1269=EDGE_LOOP('',(#6233,#6234,#6235,#6236,#6237,#6238));
#1270=EDGE_LOOP('',(#6239,#6240,#6241,#6242,#6243,#6244));
#1271=EDGE_LOOP('',(#6245,#6246,#6247,#6248,#6249,#6250,#6251));
#1272=EDGE_LOOP('',(#6252,#6253,#6254,#6255,#6256,#6257,#6258,#6259,#6260,
#6261,#6262,#6263,#6264,#6265,#6266,#6267,#6268,#6269,#6270,#6271));
#1273=EDGE_LOOP('',(#6272,#6273,#6274,#6275,#6276,#6277));
#1274=EDGE_LOOP('',(#6278,#6279,#6280));
#1275=EDGE_LOOP('',(#6281,#6282,#6283,#6284,#6285,#6286,#6287,#6288));
#1276=EDGE_LOOP('',(#6289,#6290,#6291,#6292,#6293,#6294,#6295));
#1277=EDGE_LOOP('',(#6296,#6297,#6298,#6299,#6300,#6301));
#1278=EDGE_LOOP('',(#6302,#6303,#6304,#6305,#6306,#6307,#6308));
#1279=EDGE_LOOP('',(#6309,#6310,#6311,#6312,#6313));
#1280=EDGE_LOOP('',(#6314,#6315,#6316,#6317,#6318,#6319));
#1281=EDGE_LOOP('',(#6320,#6321,#6322,#6323,#6324,#6325,#6326,#6327,#6328,
#6329,#6330,#6331));
#1282=EDGE_LOOP('',(#6332,#6333,#6334,#6335));
#1283=EDGE_LOOP('',(#6336,#6337,#6338,#6339));
#1284=EDGE_LOOP('',(#6340,#6341,#6342,#6343,#6344));
#1285=EDGE_LOOP('',(#6345,#6346,#6347,#6348,#6349,#6350,#6351,#6352));
#1286=EDGE_LOOP('',(#6353,#6354,#6355,#6356,#6357));
#1287=EDGE_LOOP('',(#6358,#6359,#6360,#6361,#6362,#6363));
#1288=EDGE_LOOP('',(#6364,#6365,#6366,#6367));
#1289=EDGE_LOOP('',(#6368,#6369,#6370,#6371));
#1290=EDGE_LOOP('',(#6372,#6373,#6374,#6375));
#1291=EDGE_LOOP('',(#6376,#6377,#6378,#6379,#6380,#6381,#6382,#6383,#6384,
#6385,#6386,#6387,#6388,#6389,#6390,#6391));
#1292=EDGE_LOOP('',(#6392,#6393,#6394));
#1293=EDGE_LOOP('',(#6395,#6396,#6397,#6398));
#1294=EDGE_LOOP('',(#6399,#6400,#6401,#6402));
#1295=EDGE_LOOP('',(#6403,#6404,#6405,#6406));
#1296=EDGE_LOOP('',(#6407,#6408,#6409,#6410));
#1297=EDGE_LOOP('',(#6411,#6412,#6413,#6414,#6415,#6416));
#1298=EDGE_LOOP('',(#6417,#6418,#6419,#6420));
#1299=EDGE_LOOP('',(#6421,#6422,#6423,#6424,#6425));
#1300=EDGE_LOOP('',(#6426,#6427,#6428,#6429));
#1301=EDGE_LOOP('',(#6430,#6431,#6432,#6433));
#1302=EDGE_LOOP('',(#6434,#6435,#6436,#6437));
#1303=EDGE_LOOP('',(#6438,#6439,#6440,#6441,#6442));
#1304=EDGE_LOOP('',(#6443,#6444,#6445,#6446));
#1305=EDGE_LOOP('',(#6447,#6448,#6449,#6450));
#1306=EDGE_LOOP('',(#6451,#6452,#6453,#6454));
#1307=EDGE_LOOP('',(#6455,#6456,#6457,#6458,#6459,#6460));
#1308=EDGE_LOOP('',(#6461,#6462,#6463,#6464,#6465,#6466));
#1309=EDGE_LOOP('',(#6467,#6468,#6469,#6470,#6471,#6472));
#1310=EDGE_LOOP('',(#6473,#6474,#6475,#6476));
#1311=EDGE_LOOP('',(#6477,#6478,#6479,#6480));
#1312=EDGE_LOOP('',(#6481,#6482,#6483,#6484));
#1313=EDGE_LOOP('',(#6485,#6486,#6487,#6488));
#1314=EDGE_LOOP('',(#6489,#6490,#6491,#6492));
#1315=EDGE_LOOP('',(#6493,#6494,#6495));
#1316=EDGE_LOOP('',(#6496,#6497,#6498,#6499,#6500,#6501,#6502,#6503,#6504,
#6505,#6506,#6507));
#1317=EDGE_LOOP('',(#6508,#6509,#6510,#6511,#6512,#6513));
#1318=EDGE_LOOP('',(#6514,#6515,#6516,#6517));
#1319=EDGE_LOOP('',(#6518,#6519,#6520,#6521));
#1320=EDGE_LOOP('',(#6522,#6523,#6524));
#1321=EDGE_LOOP('',(#6525,#6526,#6527,#6528));
#1322=EDGE_LOOP('',(#6529,#6530,#6531,#6532));
#1323=EDGE_LOOP('',(#6533,#6534,#6535,#6536,#6537));
#1324=EDGE_LOOP('',(#6538,#6539,#6540,#6541));
#1325=EDGE_LOOP('',(#6542,#6543,#6544,#6545));
#1326=EDGE_LOOP('',(#6546,#6547,#6548,#6549,#6550));
#1327=EDGE_LOOP('',(#6551,#6552,#6553,#6554,#6555,#6556));
#1328=EDGE_LOOP('',(#6557));
#1329=EDGE_LOOP('',(#6558,#6559,#6560,#6561));
#1330=EDGE_LOOP('',(#6562));
#1331=EDGE_LOOP('',(#6563));
#1332=EDGE_LOOP('',(#6564,#6565,#6566,#6567));
#1333=EDGE_LOOP('',(#6568,#6569,#6570,#6571,#6572,#6573));
#1334=EDGE_LOOP('',(#6574));
#1335=EDGE_LOOP('',(#6575,#6576,#6577,#6578));
#1336=EDGE_LOOP('',(#6579,#6580,#6581,#6582,#6583,#6584));
#1337=EDGE_LOOP('',(#6585));
#1338=EDGE_LOOP('',(#6586,#6587,#6588,#6589));
#1339=EDGE_LOOP('',(#6590));
#1340=EDGE_LOOP('',(#6591));
#1341=EDGE_LOOP('',(#6592,#6593,#6594,#6595));
#1342=EDGE_LOOP('',(#6596,#6597,#6598,#6599,#6600,#6601));
#1343=EDGE_LOOP('',(#6602));
#1344=EDGE_LOOP('',(#6603,#6604,#6605,#6606));
#1345=EDGE_LOOP('',(#6607,#6608,#6609,#6610));
#1346=EDGE_LOOP('',(#6611,#6612));
#1347=EDGE_LOOP('',(#6613,#6614,#6615,#6616));
#1348=EDGE_LOOP('',(#6617,#6618));
#1349=EDGE_LOOP('',(#6619,#6620,#6621,#6622));
#1350=EDGE_LOOP('',(#6623,#6624));
#1351=EDGE_LOOP('',(#6625,#6626,#6627,#6628));
#1352=EDGE_LOOP('',(#6629,#6630));
#1353=EDGE_LOOP('',(#6631,#6632));
#1354=EDGE_LOOP('',(#6633,#6634));
#1355=EDGE_LOOP('',(#6635,#6636,#6637,#6638));
#1356=EDGE_LOOP('',(#6639,#6640,#6641));
#1357=EDGE_LOOP('',(#6642,#6643,#6644,#6645));
#1358=EDGE_LOOP('',(#6646,#6647,#6648));
#1359=EDGE_LOOP('',(#6649,#6650));
#1360=EDGE_LOOP('',(#6651,#6652,#6653,#6654));
#1361=EDGE_LOOP('',(#6655,#6656,#6657));
#1362=EDGE_LOOP('',(#6658,#6659,#6660,#6661));
#1363=EDGE_LOOP('',(#6662,#6663,#6664));
#1364=EDGE_LOOP('',(#6665,#6666));
#1365=EDGE_LOOP('',(#6667,#6668,#6669,#6670));
#1366=EDGE_LOOP('',(#6671));
#1367=EDGE_LOOP('',(#6672,#6673,#6674,#6675));
#1368=EDGE_LOOP('',(#6676,#6677,#6678,#6679));
#1369=EDGE_LOOP('',(#6680,#6681,#6682,#6683));
#1370=EDGE_LOOP('',(#6684,#6685,#6686,#6687));
#1371=EDGE_LOOP('',(#6688,#6689,#6690,#6691));
#1372=EDGE_LOOP('',(#6692,#6693,#6694,#6695));
#1373=EDGE_LOOP('',(#6696,#6697,#6698,#6699));
#1374=EDGE_LOOP('',(#6700,#6701,#6702,#6703,#6704));
#1375=EDGE_LOOP('',(#6705,#6706,#6707,#6708,#6709,#6710));
#1376=EDGE_LOOP('',(#6711,#6712,#6713,#6714));
#1377=EDGE_LOOP('',(#6715,#6716,#6717));
#1378=EDGE_LOOP('',(#6718,#6719,#6720));
#1379=EDGE_LOOP('',(#6721,#6722,#6723,#6724));
#1380=EDGE_LOOP('',(#6725,#6726,#6727,#6728));
#1381=EDGE_LOOP('',(#6729,#6730,#6731,#6732));
#1382=EDGE_LOOP('',(#6733,#6734,#6735,#6736));
#1383=EDGE_LOOP('',(#6737,#6738,#6739));
#1384=EDGE_LOOP('',(#6740,#6741,#6742,#6743));
#1385=EDGE_LOOP('',(#6744,#6745,#6746,#6747));
#1386=EDGE_LOOP('',(#6748,#6749,#6750,#6751,#6752,#6753));
#1387=EDGE_LOOP('',(#6754,#6755,#6756,#6757));
#1388=EDGE_LOOP('',(#6758,#6759,#6760,#6761));
#1389=EDGE_LOOP('',(#6762,#6763,#6764,#6765));
#1390=EDGE_LOOP('',(#6766,#6767,#6768,#6769));
#1391=EDGE_LOOP('',(#6770,#6771,#6772,#6773));
#1392=EDGE_LOOP('',(#6774,#6775,#6776,#6777));
#1393=EDGE_LOOP('',(#6778,#6779,#6780,#6781));
#1394=EDGE_LOOP('',(#6782,#6783,#6784,#6785,#6786,#6787));
#1395=EDGE_LOOP('',(#6788,#6789,#6790));
#1396=EDGE_LOOP('',(#6791,#6792,#6793,#6794));
#1397=EDGE_LOOP('',(#6795,#6796,#6797,#6798));
#1398=EDGE_LOOP('',(#6799,#6800,#6801,#6802,#6803));
#1399=EDGE_LOOP('',(#6804,#6805,#6806));
#1400=EDGE_LOOP('',(#6807,#6808,#6809,#6810,#6811,#6812,#6813,#6814,#6815,
#6816,#6817,#6818,#6819));
#1401=EDGE_LOOP('',(#6820,#6821,#6822,#6823,#6824,#6825,#6826,#6827,#6828,
#6829,#6830,#6831));
#1402=EDGE_LOOP('',(#6832,#6833,#6834,#6835));
#1403=EDGE_LOOP('',(#6836,#6837,#6838,#6839));
#1404=EDGE_LOOP('',(#6840,#6841,#6842,#6843,#6844,#6845));
#1405=EDGE_LOOP('',(#6846,#6847,#6848,#6849,#6850,#6851,#6852));
#1406=EDGE_LOOP('',(#6853,#6854,#6855,#6856));
#1407=EDGE_LOOP('',(#6857,#6858,#6859));
#1408=EDGE_LOOP('',(#6860,#6861,#6862,#6863));
#1409=EDGE_LOOP('',(#6864,#6865,#6866,#6867,#6868,#6869));
#1410=EDGE_LOOP('',(#6870,#6871,#6872,#6873,#6874,#6875));
#1411=EDGE_LOOP('',(#6876));
#1412=EDGE_LOOP('',(#6877,#6878,#6879,#6880));
#1413=EDGE_LOOP('',(#6881,#6882,#6883,#6884));
#1414=EDGE_LOOP('',(#6885,#6886,#6887,#6888));
#1415=EDGE_LOOP('',(#6889,#6890,#6891,#6892));
#1416=EDGE_LOOP('',(#6893,#6894,#6895,#6896));
#1417=EDGE_LOOP('',(#6897));
#1418=EDGE_LOOP('',(#6898));
#1419=EDGE_LOOP('',(#6899,#6900,#6901,#6902));
#1420=EDGE_LOOP('',(#6903,#6904,#6905,#6906));
#1421=EDGE_LOOP('',(#6907,#6908,#6909,#6910));
#1422=EDGE_LOOP('',(#6911,#6912,#6913,#6914));
#1423=EDGE_LOOP('',(#6915,#6916,#6917,#6918));
#1424=EDGE_LOOP('',(#6919,#6920,#6921,#6922));
#1425=EDGE_LOOP('',(#6923,#6924,#6925,#6926));
#1426=EDGE_LOOP('',(#6927,#6928,#6929,#6930));
#1427=EDGE_LOOP('',(#6931,#6932,#6933,#6934));
#1428=EDGE_LOOP('',(#6935,#6936,#6937,#6938));
#1429=EDGE_LOOP('',(#6939,#6940,#6941,#6942));
#1430=EDGE_LOOP('',(#6943,#6944,#6945,#6946));
#1431=EDGE_LOOP('',(#6947,#6948,#6949,#6950));
#1432=EDGE_LOOP('',(#6951,#6952,#6953,#6954));
#1433=EDGE_LOOP('',(#6955,#6956,#6957,#6958));
#1434=EDGE_LOOP('',(#6959,#6960,#6961,#6962));
#1435=EDGE_LOOP('',(#6963,#6964,#6965,#6966));
#1436=EDGE_LOOP('',(#6967,#6968,#6969,#6970));
#1437=EDGE_LOOP('',(#6971,#6972,#6973,#6974));
#1438=EDGE_LOOP('',(#6975,#6976,#6977,#6978));
#1439=EDGE_LOOP('',(#6979,#6980,#6981,#6982));
#1440=EDGE_LOOP('',(#6983,#6984,#6985,#6986));
#1441=EDGE_LOOP('',(#6987,#6988,#6989,#6990));
#1442=EDGE_LOOP('',(#6991,#6992,#6993,#6994));
#1443=EDGE_LOOP('',(#6995,#6996,#6997,#6998));
#1444=EDGE_LOOP('',(#6999,#7000,#7001,#7002));
#1445=EDGE_LOOP('',(#7003,#7004,#7005,#7006));
#1446=EDGE_LOOP('',(#7007,#7008,#7009,#7010));
#1447=EDGE_LOOP('',(#7011,#7012,#7013,#7014));
#1448=EDGE_LOOP('',(#7015,#7016,#7017,#7018));
#1449=EDGE_LOOP('',(#7019,#7020,#7021,#7022));
#1450=EDGE_LOOP('',(#7023,#7024,#7025,#7026));
#1451=EDGE_LOOP('',(#7027,#7028,#7029,#7030));
#1452=EDGE_LOOP('',(#7031,#7032,#7033,#7034));
#1453=EDGE_LOOP('',(#7035,#7036,#7037,#7038));
#1454=EDGE_LOOP('',(#7039,#7040,#7041,#7042));
#1455=EDGE_LOOP('',(#7043,#7044,#7045,#7046));
#1456=EDGE_LOOP('',(#7047,#7048,#7049,#7050,#7051));
#1457=EDGE_LOOP('',(#7052,#7053,#7054,#7055));
#1458=EDGE_LOOP('',(#7056,#7057,#7058,#7059));
#1459=EDGE_LOOP('',(#7060,#7061,#7062,#7063));
#1460=EDGE_LOOP('',(#7064,#7065,#7066,#7067,#7068));
#1461=EDGE_LOOP('',(#7069,#7070,#7071,#7072));
#1462=EDGE_LOOP('',(#7073,#7074,#7075,#7076));
#1463=EDGE_LOOP('',(#7077,#7078,#7079,#7080));
#1464=EDGE_LOOP('',(#7081,#7082,#7083,#7084));
#1465=EDGE_LOOP('',(#7085,#7086,#7087,#7088));
#1466=EDGE_LOOP('',(#7089,#7090,#7091,#7092));
#1467=EDGE_LOOP('',(#7093,#7094,#7095,#7096,#7097));
#1468=EDGE_LOOP('',(#7098,#7099,#7100,#7101));
#1469=EDGE_LOOP('',(#7102,#7103,#7104,#7105));
#1470=EDGE_LOOP('',(#7106,#7107,#7108,#7109));
#1471=LINE('',#10713,#2225);
#1472=LINE('',#10715,#2226);
#1473=LINE('',#10717,#2227);
#1474=LINE('',#10718,#2228);
#1475=LINE('',#10741,#2229);
#1476=LINE('',#10743,#2230);
#1477=LINE('',#10747,#2231);
#1478=LINE('',#10749,#2232);
#1479=LINE('',#10750,#2233);
#1480=LINE('',#10754,#2234);
#1481=LINE('',#10756,#2235);
#1482=LINE('',#10758,#2236);
#1483=LINE('',#10760,#2237);
#1484=LINE('',#10762,#2238);
#1485=LINE('',#10764,#2239);
#1486=LINE('',#10766,#2240);
#1487=LINE('',#10768,#2241);
#1488=LINE('',#10770,#2242);
#1489=LINE('',#10772,#2243);
#1490=LINE('',#10774,#2244);
#1491=LINE('',#10776,#2245);
#1492=LINE('',#10778,#2246);
#1493=LINE('',#10780,#2247);
#1494=LINE('',#10782,#2248);
#1495=LINE('',#10786,#2249);
#1496=LINE('',#10790,#2250);
#1497=LINE('',#10793,#2251);
#1498=LINE('',#10797,#2252);
#1499=LINE('',#10799,#2253);
#1500=LINE('',#10801,#2254);
#1501=LINE('',#10802,#2255);
#1502=LINE('',#10821,#2256);
#1503=LINE('',#10824,#2257);
#1504=LINE('',#10826,#2258);
#1505=LINE('',#10827,#2259);
#1506=LINE('',#10830,#2260);
#1507=LINE('',#10831,#2261);
#1508=LINE('',#10835,#2262);
#1509=LINE('',#10837,#2263);
#1510=LINE('',#10839,#2264);
#1511=LINE('',#10840,#2265);
#1512=LINE('',#10844,#2266);
#1513=LINE('',#10846,#2267);
#1514=LINE('',#10848,#2268);
#1515=LINE('',#10850,#2269);
#1516=LINE('',#10852,#2270);
#1517=LINE('',#10857,#2271);
#1518=LINE('',#10859,#2272);
#1519=LINE('',#10861,#2273);
#1520=LINE('',#10862,#2274);
#1521=LINE('',#10873,#2275);
#1522=LINE('',#10875,#2276);
#1523=LINE('',#10876,#2277);
#1524=LINE('',#10886,#2278);
#1525=LINE('',#10888,#2279);
#1526=LINE('',#10889,#2280);
#1527=LINE('',#10894,#2281);
#1528=LINE('',#10910,#2282);
#1529=LINE('',#10911,#2283);
#1530=LINE('',#10915,#2284);
#1531=LINE('',#10922,#2285);
#1532=LINE('',#10926,#2286);
#1533=LINE('',#10928,#2287);
#1534=LINE('',#10929,#2288);
#1535=LINE('',#10930,#2289);
#1536=LINE('',#10982,#2290);
#1537=LINE('',#10984,#2291);
#1538=LINE('',#10986,#2292);
#1539=LINE('',#10987,#2293);
#1540=LINE('',#10988,#2294);
#1541=LINE('',#10989,#2295);
#1542=LINE('',#10990,#2296);
#1543=LINE('',#10993,#2297);
#1544=LINE('',#10995,#2298);
#1545=LINE('',#10997,#2299);
#1546=LINE('',#11001,#2300);
#1547=LINE('',#11005,#2301);
#1548=LINE('',#11009,#2302);
#1549=LINE('',#11011,#2303);
#1550=LINE('',#11013,#2304);
#1551=LINE('',#11015,#2305);
#1552=LINE('',#11017,#2306);
#1553=LINE('',#11019,#2307);
#1554=LINE('',#11021,#2308);
#1555=LINE('',#11023,#2309);
#1556=LINE('',#11025,#2310);
#1557=LINE('',#11027,#2311);
#1558=LINE('',#11029,#2312);
#1559=LINE('',#11031,#2313);
#1560=LINE('',#11033,#2314);
#1561=LINE('',#11035,#2315);
#1562=LINE('',#11037,#2316);
#1563=LINE('',#11038,#2317);
#1564=LINE('',#11040,#2318);
#1565=LINE('',#11047,#2319);
#1566=LINE('',#11051,#2320);
#1567=LINE('',#11054,#2321);
#1568=LINE('',#11059,#2322);
#1569=LINE('',#11074,#2323);
#1570=LINE('',#11078,#2324);
#1571=LINE('',#11087,#2325);
#1572=LINE('',#11094,#2326);
#1573=LINE('',#11096,#2327);
#1574=LINE('',#11098,#2328);
#1575=LINE('',#11100,#2329);
#1576=LINE('',#11102,#2330);
#1577=LINE('',#11103,#2331);
#1578=LINE('',#11107,#2332);
#1579=LINE('',#11112,#2333);
#1580=LINE('',#11115,#2334);
#1581=LINE('',#11118,#2335);
#1582=LINE('',#11119,#2336);
#1583=LINE('',#11121,#2337);
#1584=LINE('',#11126,#2338);
#1585=LINE('',#11131,#2339);
#1586=LINE('',#11137,#2340);
#1587=LINE('',#11141,#2341);
#1588=LINE('',#11145,#2342);
#1589=LINE('',#11149,#2343);
#1590=LINE('',#11153,#2344);
#1591=LINE('',#11159,#2345);
#1592=LINE('',#11165,#2346);
#1593=LINE('',#11169,#2347);
#1594=LINE('',#11173,#2348);
#1595=LINE('',#11175,#2349);
#1596=LINE('',#11177,#2350);
#1597=LINE('',#11179,#2351);
#1598=LINE('',#11181,#2352);
#1599=LINE('',#11185,#2353);
#1600=LINE('',#11189,#2354);
#1601=LINE('',#11199,#2355);
#1602=LINE('',#11203,#2356);
#1603=LINE('',#11207,#2357);
#1604=LINE('',#11216,#2358);
#1605=LINE('',#11220,#2359);
#1606=LINE('',#11224,#2360);
#1607=LINE('',#11228,#2361);
#1608=LINE('',#11232,#2362);
#1609=LINE('',#11235,#2363);
#1610=LINE('',#11238,#2364);
#1611=LINE('',#11241,#2365);
#1612=LINE('',#11248,#2366);
#1613=LINE('',#11252,#2367);
#1614=LINE('',#11256,#2368);
#1615=LINE('',#11260,#2369);
#1616=LINE('',#11264,#2370);
#1617=LINE('',#11267,#2371);
#1618=LINE('',#11270,#2372);
#1619=LINE('',#11273,#2373);
#1620=LINE('',#11280,#2374);
#1621=LINE('',#11284,#2375);
#1622=LINE('',#11288,#2376);
#1623=LINE('',#11292,#2377);
#1624=LINE('',#11296,#2378);
#1625=LINE('',#11299,#2379);
#1626=LINE('',#11302,#2380);
#1627=LINE('',#11305,#2381);
#1628=LINE('',#11312,#2382);
#1629=LINE('',#11316,#2383);
#1630=LINE('',#11320,#2384);
#1631=LINE('',#11324,#2385);
#1632=LINE('',#11328,#2386);
#1633=LINE('',#11331,#2387);
#1634=LINE('',#11334,#2388);
#1635=LINE('',#11339,#2389);
#1636=LINE('',#11340,#2390);
#1637=LINE('',#11343,#2391);
#1638=LINE('',#11344,#2392);
#1639=LINE('',#11348,#2393);
#1640=LINE('',#11351,#2394);
#1641=LINE('',#11354,#2395);
#1642=LINE('',#11357,#2396);
#1643=LINE('',#11358,#2397);
#1644=LINE('',#11362,#2398);
#1645=LINE('',#11365,#2399);
#1646=LINE('',#11369,#2400);
#1647=LINE('',#11371,#2401);
#1648=LINE('',#11373,#2402);
#1649=LINE('',#11375,#2403);
#1650=LINE('',#11379,#2404);
#1651=LINE('',#11383,#2405);
#1652=LINE('',#11385,#2406);
#1653=LINE('',#11387,#2407);
#1654=LINE('',#11389,#2408);
#1655=LINE('',#11392,#2409);
#1656=LINE('',#11395,#2410);
#1657=LINE('',#11399,#2411);
#1658=LINE('',#11401,#2412);
#1659=LINE('',#11403,#2413);
#1660=LINE('',#11405,#2414);
#1661=LINE('',#11409,#2415);
#1662=LINE('',#11413,#2416);
#1663=LINE('',#11415,#2417);
#1664=LINE('',#11417,#2418);
#1665=LINE('',#11419,#2419);
#1666=LINE('',#11422,#2420);
#1667=LINE('',#11424,#2421);
#1668=LINE('',#11426,#2422);
#1669=LINE('',#11430,#2423);
#1670=LINE('',#11434,#2424);
#1671=LINE('',#11454,#2425);
#1672=LINE('',#11458,#2426);
#1673=LINE('',#11464,#2427);
#1674=LINE('',#11466,#2428);
#1675=LINE('',#11467,#2429);
#1676=LINE('',#11470,#2430);
#1677=LINE('',#11475,#2431);
#1678=LINE('',#11480,#2432);
#1679=LINE('',#11482,#2433);
#1680=LINE('',#11484,#2434);
#1681=LINE('',#11486,#2435);
#1682=LINE('',#11488,#2436);
#1683=LINE('',#11490,#2437);
#1684=LINE('',#11492,#2438);
#1685=LINE('',#11494,#2439);
#1686=LINE('',#11496,#2440);
#1687=LINE('',#11498,#2441);
#1688=LINE('',#11500,#2442);
#1689=LINE('',#11501,#2443);
#1690=LINE('',#11504,#2444);
#1691=LINE('',#11506,#2445);
#1692=LINE('',#11508,#2446);
#1693=LINE('',#11510,#2447);
#1694=LINE('',#11511,#2448);
#1695=LINE('',#11514,#2449);
#1696=LINE('',#11516,#2450);
#1697=LINE('',#11517,#2451);
#1698=LINE('',#11520,#2452);
#1699=LINE('',#11522,#2453);
#1700=LINE('',#11526,#2454);
#1701=LINE('',#11537,#2455);
#1702=LINE('',#11539,#2456);
#1703=LINE('',#11540,#2457);
#1704=LINE('',#11543,#2458);
#1705=LINE('',#11545,#2459);
#1706=LINE('',#11546,#2460);
#1707=LINE('',#11576,#2461);
#1708=LINE('',#11578,#2462);
#1709=LINE('',#11580,#2463);
#1710=LINE('',#11582,#2464);
#1711=LINE('',#11584,#2465);
#1712=LINE('',#11585,#2466);
#1713=LINE('',#11591,#2467);
#1714=LINE('',#11594,#2468);
#1715=LINE('',#11596,#2469);
#1716=LINE('',#11598,#2470);
#1717=LINE('',#11600,#2471);
#1718=LINE('',#11602,#2472);
#1719=LINE('',#11604,#2473);
#1720=LINE('',#11605,#2474);
#1721=LINE('',#11611,#2475);
#1722=LINE('',#11612,#2476);
#1723=LINE('',#11615,#2477);
#1724=LINE('',#11617,#2478);
#1725=LINE('',#11620,#2479);
#1726=LINE('',#11621,#2480);
#1727=LINE('',#11623,#2481);
#1728=LINE('',#11624,#2482);
#1729=LINE('',#11627,#2483);
#1730=LINE('',#11633,#2484);
#1731=LINE('',#11635,#2485);
#1732=LINE('',#11673,#2486);
#1733=LINE('',#11674,#2487);
#1734=LINE('',#11711,#2488);
#1735=LINE('',#11715,#2489);
#1736=LINE('',#11723,#2490);
#1737=LINE('',#11726,#2491);
#1738=LINE('',#11728,#2492);
#1739=LINE('',#11730,#2493);
#1740=LINE('',#11732,#2494);
#1741=LINE('',#11733,#2495);
#1742=LINE('',#11735,#2496);
#1743=LINE('',#11736,#2497);
#1744=LINE('',#11738,#2498);
#1745=LINE('',#11742,#2499);
#1746=LINE('',#11745,#2500);
#1747=LINE('',#11747,#2501);
#1748=LINE('',#11748,#2502);
#1749=LINE('',#11751,#2503);
#1750=LINE('',#11755,#2504);
#1751=LINE('',#11757,#2505);
#1752=LINE('',#11759,#2506);
#1753=LINE('',#11763,#2507);
#1754=LINE('',#11764,#2508);
#1755=LINE('',#11776,#2509);
#1756=LINE('',#11781,#2510);
#1757=LINE('',#11797,#2511);
#1758=LINE('',#11800,#2512);
#1759=LINE('',#11801,#2513);
#1760=LINE('',#11804,#2514);
#1761=LINE('',#11806,#2515);
#1762=LINE('',#11807,#2516);
#1763=LINE('',#11810,#2517);
#1764=LINE('',#11811,#2518);
#1765=LINE('',#11813,#2519);
#1766=LINE('',#11818,#2520);
#1767=LINE('',#11820,#2521);
#1768=LINE('',#11822,#2522);
#1769=LINE('',#11826,#2523);
#1770=LINE('',#11828,#2524);
#1771=LINE('',#11829,#2525);
#1772=LINE('',#11832,#2526);
#1773=LINE('',#11833,#2527);
#1774=LINE('',#11836,#2528);
#1775=LINE('',#11837,#2529);
#1776=LINE('',#11840,#2530);
#1777=LINE('',#11842,#2531);
#1778=LINE('',#11843,#2532);
#1779=LINE('',#11849,#2533);
#1780=LINE('',#11853,#2534);
#1781=LINE('',#11858,#2535);
#1782=LINE('',#11862,#2536);
#1783=LINE('',#11865,#2537);
#1784=LINE('',#11872,#2538);
#1785=LINE('',#11876,#2539);
#1786=LINE('',#11882,#2540);
#1787=LINE('',#11888,#2541);
#1788=LINE('',#11892,#2542);
#1789=LINE('',#11902,#2543);
#1790=LINE('',#11906,#2544);
#1791=LINE('',#11908,#2545);
#1792=LINE('',#11912,#2546);
#1793=LINE('',#11915,#2547);
#1794=LINE('',#11921,#2548);
#1795=LINE('',#11927,#2549);
#1796=LINE('',#11931,#2550);
#1797=LINE('',#11936,#2551);
#1798=LINE('',#11940,#2552);
#1799=LINE('',#11948,#2553);
#1800=LINE('',#11950,#2554);
#1801=LINE('',#11951,#2555);
#1802=LINE('',#11956,#2556);
#1803=LINE('',#11960,#2557);
#1804=LINE('',#11961,#2558);
#1805=LINE('',#11964,#2559);
#1806=LINE('',#11970,#2560);
#1807=LINE('',#11972,#2561);
#1808=LINE('',#11973,#2562);
#1809=LINE('',#11976,#2563);
#1810=LINE('',#11980,#2564);
#1811=LINE('',#11983,#2565);
#1812=LINE('',#11986,#2566);
#1813=LINE('',#11990,#2567);
#1814=LINE('',#11994,#2568);
#1815=LINE('',#11995,#2569);
#1816=LINE('',#11998,#2570);
#1817=LINE('',#12002,#2571);
#1818=LINE('',#12006,#2572);
#1819=LINE('',#12009,#2573);
#1820=LINE('',#12012,#2574);
#1821=LINE('',#12013,#2575);
#1822=LINE('',#12016,#2576);
#1823=LINE('',#12020,#2577);
#1824=LINE('',#12021,#2578);
#1825=LINE('',#12024,#2579);
#1826=LINE('',#12026,#2580);
#1827=LINE('',#12027,#2581);
#1828=LINE('',#12029,#2582);
#1829=LINE('',#12034,#2583);
#1830=LINE('',#12037,#2584);
#1831=LINE('',#12043,#2585);
#1832=LINE('',#12046,#2586);
#1833=LINE('',#12048,#2587);
#1834=LINE('',#12049,#2588);
#1835=LINE('',#12052,#2589);
#1836=LINE('',#12053,#2590);
#1837=LINE('',#12056,#2591);
#1838=LINE('',#12060,#2592);
#1839=LINE('',#12061,#2593);
#1840=LINE('',#12064,#2594);
#1841=LINE('',#12067,#2595);
#1842=LINE('',#12069,#2596);
#1843=LINE('',#12071,#2597);
#1844=LINE('',#12072,#2598);
#1845=LINE('',#12076,#2599);
#1846=LINE('',#12077,#2600);
#1847=LINE('',#12078,#2601);
#1848=LINE('',#12081,#2602);
#1849=LINE('',#12085,#2603);
#1850=LINE('',#12086,#2604);
#1851=LINE('',#12089,#2605);
#1852=LINE('',#12091,#2606);
#1853=LINE('',#12093,#2607);
#1854=LINE('',#12096,#2608);
#1855=LINE('',#12098,#2609);
#1856=LINE('',#12101,#2610);
#1857=LINE('',#12105,#2611);
#1858=LINE('',#12108,#2612);
#1859=LINE('',#12110,#2613);
#1860=LINE('',#12112,#2614);
#1861=LINE('',#12114,#2615);
#1862=LINE('',#12115,#2616);
#1863=LINE('',#12118,#2617);
#1864=LINE('',#12120,#2618);
#1865=LINE('',#12121,#2619);
#1866=LINE('',#12124,#2620);
#1867=LINE('',#12126,#2621);
#1868=LINE('',#12127,#2622);
#1869=LINE('',#12130,#2623);
#1870=LINE('',#12131,#2624);
#1871=LINE('',#12134,#2625);
#1872=LINE('',#12135,#2626);
#1873=LINE('',#12137,#2627);
#1874=LINE('',#12139,#2628);
#1875=LINE('',#12141,#2629);
#1876=LINE('',#12143,#2630);
#1877=LINE('',#12144,#2631);
#1878=LINE('',#12148,#2632);
#1879=LINE('',#12149,#2633);
#1880=LINE('',#12150,#2634);
#1881=LINE('',#12153,#2635);
#1882=LINE('',#12154,#2636);
#1883=LINE('',#12157,#2637);
#1884=LINE('',#12158,#2638);
#1885=LINE('',#12160,#2639);
#1886=LINE('',#12162,#2640);
#1887=LINE('',#12164,#2641);
#1888=LINE('',#12166,#2642);
#1889=LINE('',#12167,#2643);
#1890=LINE('',#12170,#2644);
#1891=LINE('',#12172,#2645);
#1892=LINE('',#12173,#2646);
#1893=LINE('',#12176,#2647);
#1894=LINE('',#12177,#2648);
#1895=LINE('',#12180,#2649);
#1896=LINE('',#12181,#2650);
#1897=LINE('',#12183,#2651);
#1898=LINE('',#12188,#2652);
#1899=LINE('',#12190,#2653);
#1900=LINE('',#12193,#2654);
#1901=LINE('',#12198,#2655);
#1902=LINE('',#12201,#2656);
#1903=LINE('',#12206,#2657);
#1904=LINE('',#12208,#2658);
#1905=LINE('',#12209,#2659);
#1906=LINE('',#12212,#2660);
#1907=LINE('',#12215,#2661);
#1908=LINE('',#12217,#2662);
#1909=LINE('',#12219,#2663);
#1910=LINE('',#12220,#2664);
#1911=LINE('',#12222,#2665);
#1912=LINE('',#12224,#2666);
#1913=LINE('',#12226,#2667);
#1914=LINE('',#12230,#2668);
#1915=LINE('',#12234,#2669);
#1916=LINE('',#12238,#2670);
#1917=LINE('',#12244,#2671);
#1918=LINE('',#12249,#2672);
#1919=LINE('',#12253,#2673);
#1920=LINE('',#12254,#2674);
#1921=LINE('',#12258,#2675);
#1922=LINE('',#12260,#2676);
#1923=LINE('',#12262,#2677);
#1924=LINE('',#12263,#2678);
#1925=LINE('',#12294,#2679);
#1926=LINE('',#12332,#2680);
#1927=LINE('',#12338,#2681);
#1928=LINE('',#12341,#2682);
#1929=LINE('',#12342,#2683);
#1930=LINE('',#12343,#2684);
#1931=LINE('',#12363,#2685);
#1932=LINE('',#12365,#2686);
#1933=LINE('',#12367,#2687);
#1934=LINE('',#12369,#2688);
#1935=LINE('',#12371,#2689);
#1936=LINE('',#12373,#2690);
#1937=LINE('',#12375,#2691);
#1938=LINE('',#12377,#2692);
#1939=LINE('',#12379,#2693);
#1940=LINE('',#12381,#2694);
#1941=LINE('',#12383,#2695);
#1942=LINE('',#12385,#2696);
#1943=LINE('',#12386,#2697);
#1944=LINE('',#12436,#2698);
#1945=LINE('',#12438,#2699);
#1946=LINE('',#12439,#2700);
#1947=LINE('',#12441,#2701);
#1948=LINE('',#12443,#2702);
#1949=LINE('',#12445,#2703);
#1950=LINE('',#12447,#2704);
#1951=LINE('',#12450,#2705);
#1952=LINE('',#12452,#2706);
#1953=LINE('',#12454,#2707);
#1954=LINE('',#12456,#2708);
#1955=LINE('',#12458,#2709);
#1956=LINE('',#12460,#2710);
#1957=LINE('',#12462,#2711);
#1958=LINE('',#12464,#2712);
#1959=LINE('',#12466,#2713);
#1960=LINE('',#12468,#2714);
#1961=LINE('',#12470,#2715);
#1962=LINE('',#12472,#2716);
#1963=LINE('',#12474,#2717);
#1964=LINE('',#12476,#2718);
#1965=LINE('',#12478,#2719);
#1966=LINE('',#12480,#2720);
#1967=LINE('',#12482,#2721);
#1968=LINE('',#12483,#2722);
#1969=LINE('',#12487,#2723);
#1970=LINE('',#12489,#2724);
#1971=LINE('',#12491,#2725);
#1972=LINE('',#12499,#2726);
#1973=LINE('',#12516,#2727);
#1974=LINE('',#12518,#2728);
#1975=LINE('',#12523,#2729);
#1976=LINE('',#12527,#2730);
#1977=LINE('',#12531,#2731);
#1978=LINE('',#12538,#2732);
#1979=LINE('',#12540,#2733);
#1980=LINE('',#12541,#2734);
#1981=LINE('',#12545,#2735);
#1982=LINE('',#12551,#2736);
#1983=LINE('',#12552,#2737);
#1984=LINE('',#12553,#2738);
#1985=LINE('',#12557,#2739);
#1986=LINE('',#12564,#2740);
#1987=LINE('',#12565,#2741);
#1988=LINE('',#12570,#2742);
#1989=LINE('',#12571,#2743);
#1990=LINE('',#12574,#2744);
#1991=LINE('',#12578,#2745);
#1992=LINE('',#12579,#2746);
#1993=LINE('',#12582,#2747);
#1994=LINE('',#12587,#2748);
#1995=LINE('',#12594,#2749);
#1996=LINE('',#12596,#2750);
#1997=LINE('',#12598,#2751);
#1998=LINE('',#12599,#2752);
#1999=LINE('',#12602,#2753);
#2000=LINE('',#12603,#2754);
#2001=LINE('',#12638,#2755);
#2002=LINE('',#12648,#2756);
#2003=LINE('',#12659,#2757);
#2004=LINE('',#12660,#2758);
#2005=LINE('',#12695,#2759);
#2006=LINE('',#12738,#2760);
#2007=LINE('',#12740,#2761);
#2008=LINE('',#12741,#2762);
#2009=LINE('',#12744,#2763);
#2010=LINE('',#12746,#2764);
#2011=LINE('',#12747,#2765);
#2012=LINE('',#12773,#2766);
#2013=LINE('',#12775,#2767);
#2014=LINE('',#12776,#2768);
#2015=LINE('',#12779,#2769);
#2016=LINE('',#12782,#2770);
#2017=LINE('',#12783,#2771);
#2018=LINE('',#12790,#2772);
#2019=LINE('',#12793,#2773);
#2020=LINE('',#12797,#2774);
#2021=LINE('',#12799,#2775);
#2022=LINE('',#12801,#2776);
#2023=LINE('',#12802,#2777);
#2024=LINE('',#12803,#2778);
#2025=LINE('',#12811,#2779);
#2026=LINE('',#12813,#2780);
#2027=LINE('',#12821,#2781);
#2028=LINE('',#12829,#2782);
#2029=LINE('',#12837,#2783);
#2030=LINE('',#12842,#2784);
#2031=LINE('',#12843,#2785);
#2032=LINE('',#12846,#2786);
#2033=LINE('',#12848,#2787);
#2034=LINE('',#12849,#2788);
#2035=LINE('',#12854,#2789);
#2036=LINE('',#12855,#2790);
#2037=LINE('',#12857,#2791);
#2038=LINE('',#12859,#2792);
#2039=LINE('',#12862,#2793);
#2040=LINE('',#12866,#2794);
#2041=LINE('',#12867,#2795);
#2042=LINE('',#12870,#2796);
#2043=LINE('',#12874,#2797);
#2044=LINE('',#12875,#2798);
#2045=LINE('',#12880,#2799);
#2046=LINE('',#12882,#2800);
#2047=LINE('',#12884,#2801);
#2048=LINE('',#12886,#2802);
#2049=LINE('',#12888,#2803);
#2050=LINE('',#12892,#2804);
#2051=LINE('',#12893,#2805);
#2052=LINE('',#12896,#2806);
#2053=LINE('',#12897,#2807);
#2054=LINE('',#12942,#2808);
#2055=LINE('',#12946,#2809);
#2056=LINE('',#12949,#2810);
#2057=LINE('',#12973,#2811);
#2058=LINE('',#12985,#2812);
#2059=LINE('',#12988,#2813);
#2060=LINE('',#12994,#2814);
#2061=LINE('',#12995,#2815);
#2062=LINE('',#12997,#2816);
#2063=LINE('',#12999,#2817);
#2064=LINE('',#13004,#2818);
#2065=LINE('',#13006,#2819);
#2066=LINE('',#13008,#2820);
#2067=LINE('',#13010,#2821);
#2068=LINE('',#13012,#2822);
#2069=LINE('',#13013,#2823);
#2070=LINE('',#13017,#2824);
#2071=LINE('',#13018,#2825);
#2072=LINE('',#13019,#2826);
#2073=LINE('',#13020,#2827);
#2074=LINE('',#13021,#2828);
#2075=LINE('',#13039,#2829);
#2076=LINE('',#13043,#2830);
#2077=LINE('',#13044,#2831);
#2078=LINE('',#13071,#2832);
#2079=LINE('',#13073,#2833);
#2080=LINE('',#13077,#2834);
#2081=LINE('',#13080,#2835);
#2082=LINE('',#13087,#2836);
#2083=LINE('',#13091,#2837);
#2084=LINE('',#13095,#2838);
#2085=LINE('',#13097,#2839);
#2086=LINE('',#13099,#2840);
#2087=LINE('',#13112,#2841);
#2088=LINE('',#13138,#2842);
#2089=LINE('',#13140,#2843);
#2090=LINE('',#13164,#2844);
#2091=LINE('',#13166,#2845);
#2092=LINE('',#13168,#2846);
#2093=LINE('',#13170,#2847);
#2094=LINE('',#13172,#2848);
#2095=LINE('',#13174,#2849);
#2096=LINE('',#13176,#2850);
#2097=LINE('',#13177,#2851);
#2098=LINE('',#13179,#2852);
#2099=LINE('',#13181,#2853);
#2100=LINE('',#13183,#2854);
#2101=LINE('',#13185,#2855);
#2102=LINE('',#13187,#2856);
#2103=LINE('',#13188,#2857);
#2104=LINE('',#13193,#2858);
#2105=LINE('',#13194,#2859);
#2106=LINE('',#13197,#2860);
#2107=LINE('',#13198,#2861);
#2108=LINE('',#13217,#2862);
#2109=LINE('',#13219,#2863);
#2110=LINE('',#13234,#2864);
#2111=LINE('',#13238,#2865);
#2112=LINE('',#13242,#2866);
#2113=LINE('',#13244,#2867);
#2114=LINE('',#13245,#2868);
#2115=LINE('',#13247,#2869);
#2116=LINE('',#13249,#2870);
#2117=LINE('',#13252,#2871);
#2118=LINE('',#13254,#2872);
#2119=LINE('',#13256,#2873);
#2120=LINE('',#13257,#2874);
#2121=LINE('',#13289,#2875);
#2122=LINE('',#13292,#2876);
#2123=LINE('',#13294,#2877);
#2124=LINE('',#13298,#2878);
#2125=LINE('',#13301,#2879);
#2126=LINE('',#13304,#2880);
#2127=LINE('',#13305,#2881);
#2128=LINE('',#13309,#2882);
#2129=LINE('',#13311,#2883);
#2130=LINE('',#13312,#2884);
#2131=LINE('',#13314,#2885);
#2132=LINE('',#13316,#2886);
#2133=LINE('',#13320,#2887);
#2134=LINE('',#13321,#2888);
#2135=LINE('',#13323,#2889);
#2136=LINE('',#13324,#2890);
#2137=LINE('',#13325,#2891);
#2138=LINE('',#13329,#2892);
#2139=LINE('',#13338,#2893);
#2140=LINE('',#13340,#2894);
#2141=LINE('',#13341,#2895);
#2142=LINE('',#13342,#2896);
#2143=LINE('',#13344,#2897);
#2144=LINE('',#13346,#2898);
#2145=LINE('',#13347,#2899);
#2146=LINE('',#13348,#2900);
#2147=LINE('',#13352,#2901);
#2148=LINE('',#13361,#2902);
#2149=LINE('',#13363,#2903);
#2150=LINE('',#13364,#2904);
#2151=LINE('',#13365,#2905);
#2152=LINE('',#13367,#2906);
#2153=LINE('',#13369,#2907);
#2154=LINE('',#13372,#2908);
#2155=LINE('',#13375,#2909);
#2156=LINE('',#13378,#2910);
#2157=LINE('',#13383,#2911);
#2158=LINE('',#13386,#2912);
#2159=LINE('',#13390,#2913);
#2160=LINE('',#13393,#2914);
#2161=LINE('',#13400,#2915);
#2162=LINE('',#13404,#2916);
#2163=LINE('',#13405,#2917);
#2164=LINE('',#13407,#2918);
#2165=LINE('',#13409,#2919);
#2166=LINE('',#13411,#2920);
#2167=LINE('',#13414,#2921);
#2168=LINE('',#13415,#2922);
#2169=LINE('',#13417,#2923);
#2170=LINE('',#13420,#2924);
#2171=LINE('',#13423,#2925);
#2172=LINE('',#13429,#2926);
#2173=LINE('',#13430,#2927);
#2174=LINE('',#13434,#2928);
#2175=LINE('',#13435,#2929);
#2176=LINE('',#13436,#2930);
#2177=LINE('',#13439,#2931);
#2178=LINE('',#13440,#2932);
#2179=LINE('',#13468,#2933);
#2180=LINE('',#13471,#2934);
#2181=LINE('',#13474,#2935);
#2182=LINE('',#13475,#2936);
#2183=LINE('',#13486,#2937);
#2184=LINE('',#13487,#2938);
#2185=LINE('',#13502,#2939);
#2186=LINE('',#13503,#2940);
#2187=LINE('',#13508,#2941);
#2188=LINE('',#13521,#2942);
#2189=LINE('',#13566,#2943);
#2190=LINE('',#13568,#2944);
#2191=LINE('',#13575,#2945);
#2192=LINE('',#13578,#2946);
#2193=LINE('',#13579,#2947);
#2194=LINE('',#13584,#2948);
#2195=LINE('',#13589,#2949);
#2196=LINE('',#13591,#2950);
#2197=LINE('',#13593,#2951);
#2198=LINE('',#13595,#2952);
#2199=LINE('',#13598,#2953);
#2200=LINE('',#13599,#2954);
#2201=LINE('',#13602,#2955);
#2202=LINE('',#13603,#2956);
#2203=LINE('',#13606,#2957);
#2204=LINE('',#13608,#2958);
#2205=LINE('',#13610,#2959);
#2206=LINE('',#13615,#2960);
#2207=LINE('',#13618,#2961);
#2208=LINE('',#13619,#2962);
#2209=LINE('',#13623,#2963);
#2210=LINE('',#13625,#2964);
#2211=LINE('',#13628,#2965);
#2212=LINE('',#13630,#2966);
#2213=LINE('',#13633,#2967);
#2214=LINE('',#13634,#2968);
#2215=LINE('',#13638,#2969);
#2216=LINE('',#13641,#2970);
#2217=LINE('',#13653,#2971);
#2218=LINE('',#13655,#2972);
#2219=LINE('',#13661,#2973);
#2220=LINE('',#13663,#2974);
#2221=LINE('',#13682,#2975);
#2222=LINE('',#13684,#2976);
#2223=LINE('',#13692,#2977);
#2224=LINE('',#13694,#2978);
#2225=VECTOR('',#8507,10.);
#2226=VECTOR('',#8508,10.);
#2227=VECTOR('',#8509,10.);
#2228=VECTOR('',#8510,10.);
#2229=VECTOR('',#8513,10.);
#2230=VECTOR('',#8514,10.);
#2231=VECTOR('',#8519,10.);
#2232=VECTOR('',#8520,10.);
#2233=VECTOR('',#8521,10.);
#2234=VECTOR('',#8524,10.);
#2235=VECTOR('',#8525,10.);
#2236=VECTOR('',#8526,10.);
#2237=VECTOR('',#8527,10.);
#2238=VECTOR('',#8528,0.4);
#2239=VECTOR('',#8529,10.);
#2240=VECTOR('',#8530,10.);
#2241=VECTOR('',#8531,10.);
#2242=VECTOR('',#8532,10.);
#2243=VECTOR('',#8533,10.);
#2244=VECTOR('',#8534,10.);
#2245=VECTOR('',#8535,10.);
#2246=VECTOR('',#8536,10.);
#2247=VECTOR('',#8537,10.);
#2248=VECTOR('',#8538,10.);
#2249=VECTOR('',#8541,10.);
#2250=VECTOR('',#8544,10.);
#2251=VECTOR('',#8547,10.);
#2252=VECTOR('',#8550,10.);
#2253=VECTOR('',#8551,10.);
#2254=VECTOR('',#8552,10.);
#2255=VECTOR('',#8553,10.);
#2256=VECTOR('',#8554,10.);
#2257=VECTOR('',#8557,10.);
#2258=VECTOR('',#8558,10.);
#2259=VECTOR('',#8559,10.);
#2260=VECTOR('',#8562,10.);
#2261=VECTOR('',#8563,10.);
#2262=VECTOR('',#8566,10.);
#2263=VECTOR('',#8567,10.);
#2264=VECTOR('',#8568,10.);
#2265=VECTOR('',#8569,10.);
#2266=VECTOR('',#8572,10.);
#2267=VECTOR('',#8573,10.);
#2268=VECTOR('',#8574,10.);
#2269=VECTOR('',#8575,10.);
#2270=VECTOR('',#8576,10.);
#2271=VECTOR('',#8581,10.);
#2272=VECTOR('',#8582,10.);
#2273=VECTOR('',#8583,10.);
#2274=VECTOR('',#8584,10.);
#2275=VECTOR('',#8587,10.);
#2276=VECTOR('',#8588,10.);
#2277=VECTOR('',#8589,10.);
#2278=VECTOR('',#8600,10.);
#2279=VECTOR('',#8601,10.);
#2280=VECTOR('',#8602,10.);
#2281=VECTOR('',#8607,10.);
#2282=VECTOR('',#8608,10.);
#2283=VECTOR('',#8609,10.);
#2284=VECTOR('',#8614,10.);
#2285=VECTOR('',#8615,10.);
#2286=VECTOR('',#8618,10.);
#2287=VECTOR('',#8619,10.);
#2288=VECTOR('',#8620,10.);
#2289=VECTOR('',#8621,10.);
#2290=VECTOR('',#8626,10.);
#2291=VECTOR('',#8627,10.);
#2292=VECTOR('',#8628,10.);
#2293=VECTOR('',#8629,10.);
#2294=VECTOR('',#8630,10.);
#2295=VECTOR('',#8631,10.);
#2296=VECTOR('',#8632,10.);
#2297=VECTOR('',#8635,10.);
#2298=VECTOR('',#8636,10.);
#2299=VECTOR('',#8637,10.);
#2300=VECTOR('',#8640,10.);
#2301=VECTOR('',#8643,10.);
#2302=VECTOR('',#8646,10.);
#2303=VECTOR('',#8647,10.);
#2304=VECTOR('',#8648,10.);
#2305=VECTOR('',#8649,10.);
#2306=VECTOR('',#8650,10.);
#2307=VECTOR('',#8651,10.);
#2308=VECTOR('',#8652,10.);
#2309=VECTOR('',#8653,10.);
#2310=VECTOR('',#8654,10.);
#2311=VECTOR('',#8655,10.);
#2312=VECTOR('',#8656,10.);
#2313=VECTOR('',#8657,10.);
#2314=VECTOR('',#8658,10.);
#2315=VECTOR('',#8659,10.);
#2316=VECTOR('',#8660,10.);
#2317=VECTOR('',#8661,10.);
#2318=VECTOR('',#8664,10.);
#2319=VECTOR('',#8667,10.);
#2320=VECTOR('',#8672,10.);
#2321=VECTOR('',#8675,10.);
#2322=VECTOR('',#8680,10.);
#2323=VECTOR('',#8681,10.);
#2324=VECTOR('',#8684,10.);
#2325=VECTOR('',#8685,10.);
#2326=VECTOR('',#8688,10.);
#2327=VECTOR('',#8689,10.);
#2328=VECTOR('',#8690,10.);
#2329=VECTOR('',#8691,10.);
#2330=VECTOR('',#8692,10.);
#2331=VECTOR('',#8693,10.);
#2332=VECTOR('',#8698,10.);
#2333=VECTOR('',#8705,10.);
#2334=VECTOR('',#8708,10.);
#2335=VECTOR('',#8711,10.);
#2336=VECTOR('',#8712,10.);
#2337=VECTOR('',#8715,10.);
#2338=VECTOR('',#8720,3.00000000000001);
#2339=VECTOR('',#8725,10.);
#2340=VECTOR('',#8730,10.);
#2341=VECTOR('',#8733,10.);
#2342=VECTOR('',#8736,10.);
#2343=VECTOR('',#8739,10.);
#2344=VECTOR('',#8742,10.);
#2345=VECTOR('',#8747,10.);
#2346=VECTOR('',#8752,10.);
#2347=VECTOR('',#8755,10.);
#2348=VECTOR('',#8758,10.);
#2349=VECTOR('',#8759,10.);
#2350=VECTOR('',#8760,10.);
#2351=VECTOR('',#8761,10.);
#2352=VECTOR('',#8762,10.);
#2353=VECTOR('',#8765,10.);
#2354=VECTOR('',#8768,10.);
#2355=VECTOR('',#8777,10.);
#2356=VECTOR('',#8780,10.);
#2357=VECTOR('',#8783,10.);
#2358=VECTOR('',#8792,10.);
#2359=VECTOR('',#8795,10.);
#2360=VECTOR('',#8798,10.);
#2361=VECTOR('',#8801,10.);
#2362=VECTOR('',#8804,10.);
#2363=VECTOR('',#8807,2.80000000000001);
#2364=VECTOR('',#8810,10.);
#2365=VECTOR('',#8813,3.00000000000001);
#2366=VECTOR('',#8820,10.);
#2367=VECTOR('',#8823,10.);
#2368=VECTOR('',#8826,10.);
#2369=VECTOR('',#8829,10.);
#2370=VECTOR('',#8832,10.);
#2371=VECTOR('',#8835,2.80000000000001);
#2372=VECTOR('',#8838,10.);
#2373=VECTOR('',#8841,3.00000000000001);
#2374=VECTOR('',#8848,10.);
#2375=VECTOR('',#8851,10.);
#2376=VECTOR('',#8854,10.);
#2377=VECTOR('',#8857,10.);
#2378=VECTOR('',#8860,10.);
#2379=VECTOR('',#8863,2.80000000000001);
#2380=VECTOR('',#8866,10.);
#2381=VECTOR('',#8869,3.00000000000001);
#2382=VECTOR('',#8876,10.);
#2383=VECTOR('',#8879,10.);
#2384=VECTOR('',#8882,10.);
#2385=VECTOR('',#8885,10.);
#2386=VECTOR('',#8888,10.);
#2387=VECTOR('',#8891,2.80000000000001);
#2388=VECTOR('',#8894,10.);
#2389=VECTOR('',#8899,10.);
#2390=VECTOR('',#8900,10.);
#2391=VECTOR('',#8903,10.);
#2392=VECTOR('',#8904,10.);
#2393=VECTOR('',#8909,10.);
#2394=VECTOR('',#8912,10.);
#2395=VECTOR('',#8915,10.);
#2396=VECTOR('',#8918,10.);
#2397=VECTOR('',#8919,10.);
#2398=VECTOR('',#8924,10.);
#2399=VECTOR('',#8927,2.);
#2400=VECTOR('',#8932,10.);
#2401=VECTOR('',#8933,10.);
#2402=VECTOR('',#8934,10.);
#2403=VECTOR('',#8935,10.);
#2404=VECTOR('',#8938,10.);
#2405=VECTOR('',#8941,10.);
#2406=VECTOR('',#8942,10.);
#2407=VECTOR('',#8943,10.);
#2408=VECTOR('',#8944,10.);
#2409=VECTOR('',#8949,2.);
#2410=VECTOR('',#8952,2.);
#2411=VECTOR('',#8957,10.);
#2412=VECTOR('',#8958,10.);
#2413=VECTOR('',#8959,10.);
#2414=VECTOR('',#8960,10.);
#2415=VECTOR('',#8963,10.);
#2416=VECTOR('',#8966,10.);
#2417=VECTOR('',#8967,10.);
#2418=VECTOR('',#8968,10.);
#2419=VECTOR('',#8969,10.);
#2420=VECTOR('',#8974,2.);
#2421=VECTOR('',#8977,10.);
#2422=VECTOR('',#8980,10.);
#2423=VECTOR('',#8983,10.);
#2424=VECTOR('',#8986,10.);
#2425=VECTOR('',#8991,10.);
#2426=VECTOR('',#8994,10.);
#2427=VECTOR('',#8997,10.);
#2428=VECTOR('',#8998,10.);
#2429=VECTOR('',#8999,10.);
#2430=VECTOR('',#9002,10.);
#2431=VECTOR('',#9007,10.);
#2432=VECTOR('',#9012,10.);
#2433=VECTOR('',#9013,10.);
#2434=VECTOR('',#9014,10.);
#2435=VECTOR('',#9015,10.);
#2436=VECTOR('',#9016,10.);
#2437=VECTOR('',#9017,10.);
#2438=VECTOR('',#9018,10.);
#2439=VECTOR('',#9019,10.);
#2440=VECTOR('',#9020,10.);
#2441=VECTOR('',#9021,10.);
#2442=VECTOR('',#9022,10.);
#2443=VECTOR('',#9023,10.);
#2444=VECTOR('',#9026,10.);
#2445=VECTOR('',#9027,10.);
#2446=VECTOR('',#9028,10.);
#2447=VECTOR('',#9029,10.);
#2448=VECTOR('',#9030,10.);
#2449=VECTOR('',#9033,10.);
#2450=VECTOR('',#9034,10.);
#2451=VECTOR('',#9035,10.);
#2452=VECTOR('',#9038,10.);
#2453=VECTOR('',#9039,10.);
#2454=VECTOR('',#9042,10.);
#2455=VECTOR('',#9055,10.);
#2456=VECTOR('',#9056,10.);
#2457=VECTOR('',#9057,10.);
#2458=VECTOR('',#9060,10.);
#2459=VECTOR('',#9061,10.);
#2460=VECTOR('',#9062,10.);
#2461=VECTOR('',#9071,10.);
#2462=VECTOR('',#9072,10.);
#2463=VECTOR('',#9073,10.);
#2464=VECTOR('',#9074,10.);
#2465=VECTOR('',#9075,10.);
#2466=VECTOR('',#9076,10.);
#2467=VECTOR('',#9083,10.);
#2468=VECTOR('',#9086,10.);
#2469=VECTOR('',#9087,10.);
#2470=VECTOR('',#9088,10.);
#2471=VECTOR('',#9089,10.);
#2472=VECTOR('',#9090,10.);
#2473=VECTOR('',#9091,10.);
#2474=VECTOR('',#9092,10.);
#2475=VECTOR('',#9097,10.);
#2476=VECTOR('',#9098,10.);
#2477=VECTOR('',#9101,10.);
#2478=VECTOR('',#9104,10.);
#2479=VECTOR('',#9107,10.);
#2480=VECTOR('',#9108,10.);
#2481=VECTOR('',#9109,10.);
#2482=VECTOR('',#9110,10.);
#2483=VECTOR('',#9115,10.);
#2484=VECTOR('',#9120,10.);
#2485=VECTOR('',#9123,10.);
#2486=VECTOR('',#9130,10.);
#2487=VECTOR('',#9131,10.);
#2488=VECTOR('',#9138,10.);
#2489=VECTOR('',#9141,10.);
#2490=VECTOR('',#9146,10.);
#2491=VECTOR('',#9149,10.);
#2492=VECTOR('',#9150,10.);
#2493=VECTOR('',#9151,10.);
#2494=VECTOR('',#9152,10.);
#2495=VECTOR('',#9153,10.);
#2496=VECTOR('',#9154,10.);
#2497=VECTOR('',#9155,10.);
#2498=VECTOR('',#9158,10.);
#2499=VECTOR('',#9165,10.);
#2500=VECTOR('',#9168,10.);
#2501=VECTOR('',#9169,10.);
#2502=VECTOR('',#9170,10.);
#2503=VECTOR('',#9173,10.);
#2504=VECTOR('',#9176,10.);
#2505=VECTOR('',#9177,10.);
#2506=VECTOR('',#9178,10.);
#2507=VECTOR('',#9181,10.);
#2508=VECTOR('',#9182,10.);
#2509=VECTOR('',#9189,10.);
#2510=VECTOR('',#9196,10.);
#2511=VECTOR('',#9205,10.);
#2512=VECTOR('',#9208,10.);
#2513=VECTOR('',#9209,10.);
#2514=VECTOR('',#9212,10.);
#2515=VECTOR('',#9213,10.);
#2516=VECTOR('',#9214,10.);
#2517=VECTOR('',#9217,10.);
#2518=VECTOR('',#9218,10.);
#2519=VECTOR('',#9221,10.);
#2520=VECTOR('',#9226,10.);
#2521=VECTOR('',#9227,10.);
#2522=VECTOR('',#9228,10.);
#2523=VECTOR('',#9233,10.);
#2524=VECTOR('',#9234,10.);
#2525=VECTOR('',#9235,10.);
#2526=VECTOR('',#9238,10.);
#2527=VECTOR('',#9239,10.);
#2528=VECTOR('',#9242,10.);
#2529=VECTOR('',#9243,10.);
#2530=VECTOR('',#9246,10.);
#2531=VECTOR('',#9247,10.);
#2532=VECTOR('',#9248,10.);
#2533=VECTOR('',#9253,10.);
#2534=VECTOR('',#9256,10.);
#2535=VECTOR('',#9261,10.);
#2536=VECTOR('',#9264,10.);
#2537=VECTOR('',#9267,10.);
#2538=VECTOR('',#9274,10.);
#2539=VECTOR('',#9277,10.);
#2540=VECTOR('',#9282,10.);
#2541=VECTOR('',#9287,10.);
#2542=VECTOR('',#9290,10.);
#2543=VECTOR('',#9301,10.);
#2544=VECTOR('',#9304,10.);
#2545=VECTOR('',#9305,10.);
#2546=VECTOR('',#9308,10.);
#2547=VECTOR('',#9311,10.);
#2548=VECTOR('',#9316,10.);
#2549=VECTOR('',#9321,10.);
#2550=VECTOR('',#9324,10.);
#2551=VECTOR('',#9329,10.);
#2552=VECTOR('',#9332,10.);
#2553=VECTOR('',#9341,10.);
#2554=VECTOR('',#9342,10.);
#2555=VECTOR('',#9343,10.);
#2556=VECTOR('',#9350,10.);
#2557=VECTOR('',#9355,10.);
#2558=VECTOR('',#9356,10.);
#2559=VECTOR('',#9359,10.);
#2560=VECTOR('',#9366,10.);
#2561=VECTOR('',#9367,10.);
#2562=VECTOR('',#9368,10.);
#2563=VECTOR('',#9371,10.);
#2564=VECTOR('',#9376,10.);
#2565=VECTOR('',#9379,10.);
#2566=VECTOR('',#9382,10.);
#2567=VECTOR('',#9385,10.);
#2568=VECTOR('',#9390,10.);
#2569=VECTOR('',#9391,10.);
#2570=VECTOR('',#9394,10.);
#2571=VECTOR('',#9397,10.);
#2572=VECTOR('',#9402,10.);
#2573=VECTOR('',#9405,10.);
#2574=VECTOR('',#9408,10.);
#2575=VECTOR('',#9409,10.);
#2576=VECTOR('',#9412,10.);
#2577=VECTOR('',#9417,10.);
#2578=VECTOR('',#9418,10.);
#2579=VECTOR('',#9421,10.);
#2580=VECTOR('',#9422,10.);
#2581=VECTOR('',#9423,10.);
#2582=VECTOR('',#9424,10.);
#2583=VECTOR('',#9431,10.);
#2584=VECTOR('',#9434,10.);
#2585=VECTOR('',#9441,10.);
#2586=VECTOR('',#9444,10.);
#2587=VECTOR('',#9445,10.);
#2588=VECTOR('',#9446,10.);
#2589=VECTOR('',#9449,10.);
#2590=VECTOR('',#9450,10.);
#2591=VECTOR('',#9453,10.);
#2592=VECTOR('',#9458,10.);
#2593=VECTOR('',#9459,10.);
#2594=VECTOR('',#9462,10.);
#2595=VECTOR('',#9467,10.);
#2596=VECTOR('',#9468,10.);
#2597=VECTOR('',#9469,10.);
#2598=VECTOR('',#9470,10.);
#2599=VECTOR('',#9473,10.);
#2600=VECTOR('',#9474,10.);
#2601=VECTOR('',#9475,10.);
#2602=VECTOR('',#9478,10.);
#2603=VECTOR('',#9481,10.);
#2604=VECTOR('',#9482,10.);
#2605=VECTOR('',#9485,10.);
#2606=VECTOR('',#9486,10.);
#2607=VECTOR('',#9487,10.);
#2608=VECTOR('',#9492,10.);
#2609=VECTOR('',#9495,10.);
#2610=VECTOR('',#9498,10.);
#2611=VECTOR('',#9501,10.);
#2612=VECTOR('',#9504,10.);
#2613=VECTOR('',#9507,10.);
#2614=VECTOR('',#9508,10.);
#2615=VECTOR('',#9509,10.);
#2616=VECTOR('',#9510,10.);
#2617=VECTOR('',#9513,10.);
#2618=VECTOR('',#9514,10.);
#2619=VECTOR('',#9515,10.);
#2620=VECTOR('',#9518,10.);
#2621=VECTOR('',#9519,10.);
#2622=VECTOR('',#9520,10.);
#2623=VECTOR('',#9523,10.);
#2624=VECTOR('',#9524,10.);
#2625=VECTOR('',#9527,10.);
#2626=VECTOR('',#9528,10.);
#2627=VECTOR('',#9531,10.);
#2628=VECTOR('',#9534,10.);
#2629=VECTOR('',#9535,10.);
#2630=VECTOR('',#9536,10.);
#2631=VECTOR('',#9537,10.);
#2632=VECTOR('',#9540,10.);
#2633=VECTOR('',#9541,10.);
#2634=VECTOR('',#9542,10.);
#2635=VECTOR('',#9545,10.);
#2636=VECTOR('',#9546,10.);
#2637=VECTOR('',#9549,10.);
#2638=VECTOR('',#9550,10.);
#2639=VECTOR('',#9553,10.);
#2640=VECTOR('',#9556,10.);
#2641=VECTOR('',#9557,10.);
#2642=VECTOR('',#9558,10.);
#2643=VECTOR('',#9559,10.);
#2644=VECTOR('',#9562,10.);
#2645=VECTOR('',#9563,10.);
#2646=VECTOR('',#9564,10.);
#2647=VECTOR('',#9567,10.);
#2648=VECTOR('',#9568,10.);
#2649=VECTOR('',#9571,10.);
#2650=VECTOR('',#9572,10.);
#2651=VECTOR('',#9575,10.);
#2652=VECTOR('',#9580,10.);
#2653=VECTOR('',#9581,10.);
#2654=VECTOR('',#9584,10.);
#2655=VECTOR('',#9589,10.);
#2656=VECTOR('',#9592,10.);
#2657=VECTOR('',#9599,10.);
#2658=VECTOR('',#9600,10.);
#2659=VECTOR('',#9601,10.);
#2660=VECTOR('',#9604,10.);
#2661=VECTOR('',#9609,10.);
#2662=VECTOR('',#9610,10.);
#2663=VECTOR('',#9611,10.);
#2664=VECTOR('',#9612,10.);
#2665=VECTOR('',#9613,10.);
#2666=VECTOR('',#9614,10.);
#2667=VECTOR('',#9615,10.);
#2668=VECTOR('',#9618,10.);
#2669=VECTOR('',#9621,10.);
#2670=VECTOR('',#9624,10.);
#2671=VECTOR('',#9633,10.);
#2672=VECTOR('',#9640,10.);
#2673=VECTOR('',#9645,10.);
#2674=VECTOR('',#9646,10.);
#2675=VECTOR('',#9649,10.);
#2676=VECTOR('',#9650,10.);
#2677=VECTOR('',#9651,10.);
#2678=VECTOR('',#9652,10.);
#2679=VECTOR('',#9653,10.);
#2680=VECTOR('',#9656,10.);
#2681=VECTOR('',#9657,10.);
#2682=VECTOR('',#9660,10.);
#2683=VECTOR('',#9661,10.);
#2684=VECTOR('',#9662,10.);
#2685=VECTOR('',#9665,10.);
#2686=VECTOR('',#9666,10.);
#2687=VECTOR('',#9667,10.);
#2688=VECTOR('',#9668,10.);
#2689=VECTOR('',#9669,10.);
#2690=VECTOR('',#9670,10.);
#2691=VECTOR('',#9671,10.);
#2692=VECTOR('',#9672,10.);
#2693=VECTOR('',#9673,10.);
#2694=VECTOR('',#9674,10.);
#2695=VECTOR('',#9675,10.);
#2696=VECTOR('',#9676,10.);
#2697=VECTOR('',#9677,10.);
#2698=VECTOR('',#9678,10.);
#2699=VECTOR('',#9681,10.);
#2700=VECTOR('',#9682,10.);
#2701=VECTOR('',#9683,10.);
#2702=VECTOR('',#9684,10.);
#2703=VECTOR('',#9685,10.);
#2704=VECTOR('',#9686,10.);
#2705=VECTOR('',#9689,10.);
#2706=VECTOR('',#9690,10.);
#2707=VECTOR('',#9691,10.);
#2708=VECTOR('',#9692,10.);
#2709=VECTOR('',#9693,10.);
#2710=VECTOR('',#9694,10.);
#2711=VECTOR('',#9695,10.);
#2712=VECTOR('',#9696,10.);
#2713=VECTOR('',#9697,10.);
#2714=VECTOR('',#9698,10.);
#2715=VECTOR('',#9699,10.);
#2716=VECTOR('',#9700,10.);
#2717=VECTOR('',#9701,10.);
#2718=VECTOR('',#9702,10.);
#2719=VECTOR('',#9703,10.);
#2720=VECTOR('',#9704,10.);
#2721=VECTOR('',#9705,10.);
#2722=VECTOR('',#9706,10.);
#2723=VECTOR('',#9709,10.);
#2724=VECTOR('',#9710,10.);
#2725=VECTOR('',#9711,10.);
#2726=VECTOR('',#9712,10.);
#2727=VECTOR('',#9713,10.);
#2728=VECTOR('',#9716,10.);
#2729=VECTOR('',#9725,10.);
#2730=VECTOR('',#9730,10.);
#2731=VECTOR('',#9735,10.);
#2732=VECTOR('',#9742,10.);
#2733=VECTOR('',#9743,10.);
#2734=VECTOR('',#9744,10.);
#2735=VECTOR('',#9747,10.);
#2736=VECTOR('',#9754,10.);
#2737=VECTOR('',#9755,10.);
#2738=VECTOR('',#9756,10.);
#2739=VECTOR('',#9759,10.);
#2740=VECTOR('',#9768,10.);
#2741=VECTOR('',#9769,10.);
#2742=VECTOR('',#9774,10.);
#2743=VECTOR('',#9775,10.);
#2744=VECTOR('',#9778,10.);
#2745=VECTOR('',#9783,10.);
#2746=VECTOR('',#9784,10.);
#2747=VECTOR('',#9787,10.);
#2748=VECTOR('',#9794,10.);
#2749=VECTOR('',#9805,10.);
#2750=VECTOR('',#9806,10.);
#2751=VECTOR('',#9807,10.);
#2752=VECTOR('',#9808,10.);
#2753=VECTOR('',#9811,10.);
#2754=VECTOR('',#9812,10.);
#2755=VECTOR('',#9813,10.);
#2756=VECTOR('',#9814,10.);
#2757=VECTOR('',#9817,10.);
#2758=VECTOR('',#9818,10.);
#2759=VECTOR('',#9819,10.);
#2760=VECTOR('',#9822,10.);
#2761=VECTOR('',#9823,10.);
#2762=VECTOR('',#9824,10.);
#2763=VECTOR('',#9827,10.);
#2764=VECTOR('',#9828,10.);
#2765=VECTOR('',#9829,10.);
#2766=VECTOR('',#9832,10.);
#2767=VECTOR('',#9833,10.);
#2768=VECTOR('',#9834,10.);
#2769=VECTOR('',#9839,10.);
#2770=VECTOR('',#9842,10.);
#2771=VECTOR('',#9843,10.);
#2772=VECTOR('',#9854,10.);
#2773=VECTOR('',#9857,10.);
#2774=VECTOR('',#9860,10.);
#2775=VECTOR('',#9861,10.);
#2776=VECTOR('',#9862,10.);
#2777=VECTOR('',#9863,10.);
#2778=VECTOR('',#9864,10.);
#2779=VECTOR('',#9871,10.);
#2780=VECTOR('',#9874,10.);
#2781=VECTOR('',#9885,10.);
#2782=VECTOR('',#9896,10.);
#2783=VECTOR('',#9907,10.);
#2784=VECTOR('',#9914,10.);
#2785=VECTOR('',#9915,10.);
#2786=VECTOR('',#9918,10.);
#2787=VECTOR('',#9919,10.);
#2788=VECTOR('',#9920,10.);
#2789=VECTOR('',#9927,10.);
#2790=VECTOR('',#9928,10.);
#2791=VECTOR('',#9931,10.);
#2792=VECTOR('',#9934,10.);
#2793=VECTOR('',#9937,10.);
#2794=VECTOR('',#9942,10.);
#2795=VECTOR('',#9943,10.);
#2796=VECTOR('',#9946,10.);
#2797=VECTOR('',#9951,10.);
#2798=VECTOR('',#9952,10.);
#2799=VECTOR('',#9961,10.);
#2800=VECTOR('',#9964,10.);
#2801=VECTOR('',#9967,10.);
#2802=VECTOR('',#9970,10.);
#2803=VECTOR('',#9973,10.);
#2804=VECTOR('',#9980,10.);
#2805=VECTOR('',#9981,10.);
#2806=VECTOR('',#9986,10.);
#2807=VECTOR('',#9987,10.);
#2808=VECTOR('',#9996,10.);
#2809=VECTOR('',#9999,10.);
#2810=VECTOR('',#10002,10.);
#2811=VECTOR('',#10005,10.);
#2812=VECTOR('',#10008,10.);
#2813=VECTOR('',#10011,10.);
#2814=VECTOR('',#10020,10.);
#2815=VECTOR('',#10021,10.);
#2816=VECTOR('',#10024,10.);
#2817=VECTOR('',#10025,10.);
#2818=VECTOR('',#10030,10.);
#2819=VECTOR('',#10031,10.);
#2820=VECTOR('',#10032,10.);
#2821=VECTOR('',#10033,10.);
#2822=VECTOR('',#10034,10.);
#2823=VECTOR('',#10035,10.);
#2824=VECTOR('',#10038,10.);
#2825=VECTOR('',#10039,10.);
#2826=VECTOR('',#10040,10.);
#2827=VECTOR('',#10041,10.);
#2828=VECTOR('',#10042,10.);
#2829=VECTOR('',#10045,10.);
#2830=VECTOR('',#10048,10.);
#2831=VECTOR('',#10049,10.);
#2832=VECTOR('',#10054,10.);
#2833=VECTOR('',#10055,10.);
#2834=VECTOR('',#10058,10.);
#2835=VECTOR('',#10061,10.);
#2836=VECTOR('',#10072,10.);
#2837=VECTOR('',#10077,10.);
#2838=VECTOR('',#10080,10.);
#2839=VECTOR('',#10081,10.);
#2840=VECTOR('',#10082,10.);
#2841=VECTOR('',#10089,10.);
#2842=VECTOR('',#10096,10.);
#2843=VECTOR('',#10097,10.);
#2844=VECTOR('',#10104,10.);
#2845=VECTOR('',#10105,10.);
#2846=VECTOR('',#10106,10.);
#2847=VECTOR('',#10107,10.);
#2848=VECTOR('',#10108,10.);
#2849=VECTOR('',#10109,10.);
#2850=VECTOR('',#10110,10.);
#2851=VECTOR('',#10111,10.);
#2852=VECTOR('',#10112,10.);
#2853=VECTOR('',#10113,10.);
#2854=VECTOR('',#10114,10.);
#2855=VECTOR('',#10115,10.);
#2856=VECTOR('',#10116,10.);
#2857=VECTOR('',#10117,10.);
#2858=VECTOR('',#10120,10.);
#2859=VECTOR('',#10121,10.);
#2860=VECTOR('',#10124,10.);
#2861=VECTOR('',#10125,10.);
#2862=VECTOR('',#10140,10.);
#2863=VECTOR('',#10143,10.);
#2864=VECTOR('',#10152,10.);
#2865=VECTOR('',#10157,10.);
#2866=VECTOR('',#10164,10.);
#2867=VECTOR('',#10167,10.);
#2868=VECTOR('',#10168,10.);
#2869=VECTOR('',#10171,10.);
#2870=VECTOR('',#10174,10.);
#2871=VECTOR('',#10179,10.);
#2872=VECTOR('',#10182,10.);
#2873=VECTOR('',#10185,10.);
#2874=VECTOR('',#10186,10.);
#2875=VECTOR('',#10203,10.);
#2876=VECTOR('',#10206,10.);
#2877=VECTOR('',#10209,10.);
#2878=VECTOR('',#10214,10.);
#2879=VECTOR('',#10217,10.);
#2880=VECTOR('',#10220,10.);
#2881=VECTOR('',#10221,10.);
#2882=VECTOR('',#10228,10.);
#2883=VECTOR('',#10231,10.);
#2884=VECTOR('',#10232,10.);
#2885=VECTOR('',#10235,10.);
#2886=VECTOR('',#10238,10.);
#2887=VECTOR('',#10243,10.);
#2888=VECTOR('',#10244,10.);
#2889=VECTOR('',#10247,10.);
#2890=VECTOR('',#10248,10.);
#2891=VECTOR('',#10249,10.);
#2892=VECTOR('',#10254,10.);
#2893=VECTOR('',#10265,1.74499999999998);
#2894=VECTOR('',#10268,10.);
#2895=VECTOR('',#10269,10.);
#2896=VECTOR('',#10270,10.);
#2897=VECTOR('',#10273,10.);
#2898=VECTOR('',#10276,10.);
#2899=VECTOR('',#10277,10.);
#2900=VECTOR('',#10278,10.);
#2901=VECTOR('',#10283,10.);
#2902=VECTOR('',#10294,1.74499999999998);
#2903=VECTOR('',#10297,10.);
#2904=VECTOR('',#10298,10.);
#2905=VECTOR('',#10299,10.);
#2906=VECTOR('',#10302,10.);
#2907=VECTOR('',#10305,10.);
#2908=VECTOR('',#10310,10.);
#2909=VECTOR('',#10315,10.);
#2910=VECTOR('',#10320,10.);
#2911=VECTOR('',#10329,10.);
#2912=VECTOR('',#10334,10.);
#2913=VECTOR('',#10341,10.);
#2914=VECTOR('',#10346,10.);
#2915=VECTOR('',#10355,3.50000000000001);
#2916=VECTOR('',#10362,10.);
#2917=VECTOR('',#10363,10.);
#2918=VECTOR('',#10366,10.);
#2919=VECTOR('',#10369,10.);
#2920=VECTOR('',#10372,10.);
#2921=VECTOR('',#10377,10.);
#2922=VECTOR('',#10378,10.);
#2923=VECTOR('',#10381,10.);
#2924=VECTOR('',#10386,10.);
#2925=VECTOR('',#10391,10.);
#2926=VECTOR('',#10396,10.);
#2927=VECTOR('',#10397,10.);
#2928=VECTOR('',#10400,10.);
#2929=VECTOR('',#10401,10.);
#2930=VECTOR('',#10402,10.);
#2931=VECTOR('',#10405,10.);
#2932=VECTOR('',#10406,10.);
#2933=VECTOR('',#10421,10.);
#2934=VECTOR('',#10424,10.);
#2935=VECTOR('',#10427,10.);
#2936=VECTOR('',#10428,10.);
#2937=VECTOR('',#10441,10.);
#2938=VECTOR('',#10442,10.);
#2939=VECTOR('',#10471,10.);
#2940=VECTOR('',#10472,10.);
#2941=VECTOR('',#10479,10.);
#2942=VECTOR('',#10480,10.);
#2943=VECTOR('',#10497,10.);
#2944=VECTOR('',#10500,10.);
#2945=VECTOR('',#10511,10.);
#2946=VECTOR('',#10514,10.);
#2947=VECTOR('',#10515,10.);
#2948=VECTOR('',#10522,11.2);
#2949=VECTOR('',#10531,1.75);
#2950=VECTOR('',#10534,1.75);
#2951=VECTOR('',#10537,1.75);
#2952=VECTOR('',#10540,1.75);
#2953=VECTOR('',#10543,10.);
#2954=VECTOR('',#10544,10.);
#2955=VECTOR('',#10549,10.);
#2956=VECTOR('',#10550,9.99999999999999);
#2957=VECTOR('',#10555,10.);
#2958=VECTOR('',#10558,10.);
#2959=VECTOR('',#10561,10.);
#2960=VECTOR('',#10568,10.);
#2961=VECTOR('',#10571,10.);
#2962=VECTOR('',#10572,10.);
#2963=VECTOR('',#10579,10.);
#2964=VECTOR('',#10582,10.);
#2965=VECTOR('',#10587,9.99999999999999);
#2966=VECTOR('',#10590,10.);
#2967=VECTOR('',#10595,10.);
#2968=VECTOR('',#10596,10.);
#2969=VECTOR('',#10603,10.);
#2970=VECTOR('',#10606,10.);
#2971=VECTOR('',#10627,10.);
#2972=VECTOR('',#10630,10.);
#2973=VECTOR('',#10639,10.);
#2974=VECTOR('',#10642,10.);
#2975=VECTOR('',#10677,10.);
#2976=VECTOR('',#10680,10.);
#2977=VECTOR('',#10695,10.);
#2978=VECTOR('',#10698,10.);
#2979=VERTEX_POINT('',#10711);
#2980=VERTEX_POINT('',#10712);
#2981=VERTEX_POINT('',#10714);
#2982=VERTEX_POINT('',#10716);
#2983=VERTEX_POINT('',#10720);
#2984=VERTEX_POINT('',#10740);
#2985=VERTEX_POINT('',#10742);
#2986=VERTEX_POINT('',#10746);
#2987=VERTEX_POINT('',#10748);
#2988=VERTEX_POINT('',#10752);
#2989=VERTEX_POINT('',#10753);
#2990=VERTEX_POINT('',#10755);
#2991=VERTEX_POINT('',#10757);
#2992=VERTEX_POINT('',#10759);
#2993=VERTEX_POINT('',#10761);
#2994=VERTEX_POINT('',#10763);
#2995=VERTEX_POINT('',#10765);
#2996=VERTEX_POINT('',#10767);
#2997=VERTEX_POINT('',#10769);
#2998=VERTEX_POINT('',#10771);
#2999=VERTEX_POINT('',#10773);
#3000=VERTEX_POINT('',#10775);
#3001=VERTEX_POINT('',#10777);
#3002=VERTEX_POINT('',#10779);
#3003=VERTEX_POINT('',#10781);
#3004=VERTEX_POINT('',#10783);
#3005=VERTEX_POINT('',#10785);
#3006=VERTEX_POINT('',#10787);
#3007=VERTEX_POINT('',#10789);
#3008=VERTEX_POINT('',#10791);
#3009=VERTEX_POINT('',#10795);
#3010=VERTEX_POINT('',#10796);
#3011=VERTEX_POINT('',#10798);
#3012=VERTEX_POINT('',#10800);
#3013=VERTEX_POINT('',#10811);
#3014=VERTEX_POINT('',#10816);
#3015=VERTEX_POINT('',#10823);
#3016=VERTEX_POINT('',#10825);
#3017=VERTEX_POINT('',#10829);
#3018=VERTEX_POINT('',#10833);
#3019=VERTEX_POINT('',#10834);
#3020=VERTEX_POINT('',#10836);
#3021=VERTEX_POINT('',#10838);
#3022=VERTEX_POINT('',#10842);
#3023=VERTEX_POINT('',#10843);
#3024=VERTEX_POINT('',#10845);
#3025=VERTEX_POINT('',#10847);
#3026=VERTEX_POINT('',#10849);
#3027=VERTEX_POINT('',#10851);
#3028=VERTEX_POINT('',#10855);
#3029=VERTEX_POINT('',#10856);
#3030=VERTEX_POINT('',#10858);
#3031=VERTEX_POINT('',#10860);
#3032=VERTEX_POINT('',#10864);
#3033=VERTEX_POINT('',#10865);
#3034=VERTEX_POINT('',#10872);
#3035=VERTEX_POINT('',#10874);
#3036=VERTEX_POINT('',#10878);
#3037=VERTEX_POINT('',#10879);
#3038=VERTEX_POINT('',#10881);
#3039=VERTEX_POINT('',#10885);
#3040=VERTEX_POINT('',#10887);
#3041=VERTEX_POINT('',#10891);
#3042=VERTEX_POINT('',#10893);
#3043=VERTEX_POINT('',#10895);
#3044=VERTEX_POINT('',#10914);
#3045=VERTEX_POINT('',#10924);
#3046=VERTEX_POINT('',#10925);
#3047=VERTEX_POINT('',#10927);
#3048=VERTEX_POINT('',#10980);
#3049=VERTEX_POINT('',#10981);
#3050=VERTEX_POINT('',#10983);
#3051=VERTEX_POINT('',#10985);
#3052=VERTEX_POINT('',#10992);
#3053=VERTEX_POINT('',#10994);
#3054=VERTEX_POINT('',#10996);
#3055=VERTEX_POINT('',#10998);
#3056=VERTEX_POINT('',#11000);
#3057=VERTEX_POINT('',#11002);
#3058=VERTEX_POINT('',#11004);
#3059=VERTEX_POINT('',#11006);
#3060=VERTEX_POINT('',#11008);
#3061=VERTEX_POINT('',#11010);
#3062=VERTEX_POINT('',#11012);
#3063=VERTEX_POINT('',#11014);
#3064=VERTEX_POINT('',#11016);
#3065=VERTEX_POINT('',#11018);
#3066=VERTEX_POINT('',#11020);
#3067=VERTEX_POINT('',#11022);
#3068=VERTEX_POINT('',#11024);
#3069=VERTEX_POINT('',#11026);
#3070=VERTEX_POINT('',#11028);
#3071=VERTEX_POINT('',#11030);
#3072=VERTEX_POINT('',#11032);
#3073=VERTEX_POINT('',#11034);
#3074=VERTEX_POINT('',#11036);
#3075=VERTEX_POINT('',#11042);
#3076=VERTEX_POINT('',#11046);
#3077=VERTEX_POINT('',#11050);
#3078=VERTEX_POINT('',#11052);
#3079=VERTEX_POINT('',#11056);
#3080=VERTEX_POINT('',#11058);
#3081=VERTEX_POINT('',#11060);
#3082=VERTEX_POINT('',#11073);
#3083=VERTEX_POINT('',#11075);
#3084=VERTEX_POINT('',#11077);
#3085=VERTEX_POINT('',#11079);
#3086=VERTEX_POINT('',#11086);
#3087=VERTEX_POINT('',#11093);
#3088=VERTEX_POINT('',#11095);
#3089=VERTEX_POINT('',#11097);
#3090=VERTEX_POINT('',#11099);
#3091=VERTEX_POINT('',#11101);
#3092=VERTEX_POINT('',#11105);
#3093=VERTEX_POINT('',#11111);
#3094=VERTEX_POINT('',#11113);
#3095=VERTEX_POINT('',#11117);
#3096=VERTEX_POINT('',#11123);
#3097=VERTEX_POINT('',#11125);
#3098=VERTEX_POINT('',#11129);
#3099=VERTEX_POINT('',#11130);
#3100=VERTEX_POINT('',#11132);
#3101=VERTEX_POINT('',#11134);
#3102=VERTEX_POINT('',#11136);
#3103=VERTEX_POINT('',#11138);
#3104=VERTEX_POINT('',#11140);
#3105=VERTEX_POINT('',#11142);
#3106=VERTEX_POINT('',#11144);
#3107=VERTEX_POINT('',#11146);
#3108=VERTEX_POINT('',#11148);
#3109=VERTEX_POINT('',#11150);
#3110=VERTEX_POINT('',#11152);
#3111=VERTEX_POINT('',#11154);
#3112=VERTEX_POINT('',#11156);
#3113=VERTEX_POINT('',#11158);
#3114=VERTEX_POINT('',#11160);
#3115=VERTEX_POINT('',#11162);
#3116=VERTEX_POINT('',#11164);
#3117=VERTEX_POINT('',#11166);
#3118=VERTEX_POINT('',#11168);
#3119=VERTEX_POINT('',#11170);
#3120=VERTEX_POINT('',#11172);
#3121=VERTEX_POINT('',#11174);
#3122=VERTEX_POINT('',#11176);
#3123=VERTEX_POINT('',#11178);
#3124=VERTEX_POINT('',#11180);
#3125=VERTEX_POINT('',#11182);
#3126=VERTEX_POINT('',#11184);
#3127=VERTEX_POINT('',#11186);
#3128=VERTEX_POINT('',#11188);
#3129=VERTEX_POINT('',#11190);
#3130=VERTEX_POINT('',#11193);
#3131=VERTEX_POINT('',#11195);
#3132=VERTEX_POINT('',#11197);
#3133=VERTEX_POINT('',#11198);
#3134=VERTEX_POINT('',#11200);
#3135=VERTEX_POINT('',#11202);
#3136=VERTEX_POINT('',#11204);
#3137=VERTEX_POINT('',#11206);
#3138=VERTEX_POINT('',#11209);
#3139=VERTEX_POINT('',#11212);
#3140=VERTEX_POINT('',#11213);
#3141=VERTEX_POINT('',#11215);
#3142=VERTEX_POINT('',#11217);
#3143=VERTEX_POINT('',#11219);
#3144=VERTEX_POINT('',#11221);
#3145=VERTEX_POINT('',#11223);
#3146=VERTEX_POINT('',#11225);
#3147=VERTEX_POINT('',#11227);
#3148=VERTEX_POINT('',#11229);
#3149=VERTEX_POINT('',#11231);
#3150=VERTEX_POINT('',#11233);
#3151=VERTEX_POINT('',#11236);
#3152=VERTEX_POINT('',#11240);
#3153=VERTEX_POINT('',#11244);
#3154=VERTEX_POINT('',#11245);
#3155=VERTEX_POINT('',#11247);
#3156=VERTEX_POINT('',#11249);
#3157=VERTEX_POINT('',#11251);
#3158=VERTEX_POINT('',#11253);
#3159=VERTEX_POINT('',#11255);
#3160=VERTEX_POINT('',#11257);
#3161=VERTEX_POINT('',#11259);
#3162=VERTEX_POINT('',#11261);
#3163=VERTEX_POINT('',#11263);
#3164=VERTEX_POINT('',#11265);
#3165=VERTEX_POINT('',#11268);
#3166=VERTEX_POINT('',#11272);
#3167=VERTEX_POINT('',#11276);
#3168=VERTEX_POINT('',#11277);
#3169=VERTEX_POINT('',#11279);
#3170=VERTEX_POINT('',#11281);
#3171=VERTEX_POINT('',#11283);
#3172=VERTEX_POINT('',#11285);
#3173=VERTEX_POINT('',#11287);
#3174=VERTEX_POINT('',#11289);
#3175=VERTEX_POINT('',#11291);
#3176=VERTEX_POINT('',#11293);
#3177=VERTEX_POINT('',#11295);
#3178=VERTEX_POINT('',#11297);
#3179=VERTEX_POINT('',#11300);
#3180=VERTEX_POINT('',#11304);
#3181=VERTEX_POINT('',#11308);
#3182=VERTEX_POINT('',#11309);
#3183=VERTEX_POINT('',#11311);
#3184=VERTEX_POINT('',#11313);
#3185=VERTEX_POINT('',#11315);
#3186=VERTEX_POINT('',#11317);
#3187=VERTEX_POINT('',#11319);
#3188=VERTEX_POINT('',#11321);
#3189=VERTEX_POINT('',#11323);
#3190=VERTEX_POINT('',#11325);
#3191=VERTEX_POINT('',#11327);
#3192=VERTEX_POINT('',#11329);
#3193=VERTEX_POINT('',#11332);
#3194=VERTEX_POINT('',#11336);
#3195=VERTEX_POINT('',#11337);
#3196=VERTEX_POINT('',#11342);
#3197=VERTEX_POINT('',#11346);
#3198=VERTEX_POINT('',#11350);
#3199=VERTEX_POINT('',#11352);
#3200=VERTEX_POINT('',#11356);
#3201=VERTEX_POINT('',#11360);
#3202=VERTEX_POINT('',#11364);
#3203=VERTEX_POINT('',#11368);
#3204=VERTEX_POINT('',#11370);
#3205=VERTEX_POINT('',#11372);
#3206=VERTEX_POINT('',#11374);
#3207=VERTEX_POINT('',#11376);
#3208=VERTEX_POINT('',#11378);
#3209=VERTEX_POINT('',#11380);
#3210=VERTEX_POINT('',#11382);
#3211=VERTEX_POINT('',#11384);
#3212=VERTEX_POINT('',#11386);
#3213=VERTEX_POINT('',#11388);
#3214=VERTEX_POINT('',#11394);
#3215=VERTEX_POINT('',#11398);
#3216=VERTEX_POINT('',#11400);
#3217=VERTEX_POINT('',#11402);
#3218=VERTEX_POINT('',#11404);
#3219=VERTEX_POINT('',#11406);
#3220=VERTEX_POINT('',#11408);
#3221=VERTEX_POINT('',#11410);
#3222=VERTEX_POINT('',#11412);
#3223=VERTEX_POINT('',#11414);
#3224=VERTEX_POINT('',#11416);
#3225=VERTEX_POINT('',#11418);
#3226=VERTEX_POINT('',#11428);
#3227=VERTEX_POINT('',#11429);
#3228=VERTEX_POINT('',#11431);
#3229=VERTEX_POINT('',#11433);
#3230=VERTEX_POINT('',#11437);
#3231=VERTEX_POINT('',#11438);
#3232=VERTEX_POINT('',#11453);
#3233=VERTEX_POINT('',#11455);
#3234=VERTEX_POINT('',#11457);
#3235=VERTEX_POINT('',#11465);
#3236=VERTEX_POINT('',#11469);
#3237=VERTEX_POINT('',#11472);
#3238=VERTEX_POINT('',#11474);
#3239=VERTEX_POINT('',#11478);
#3240=VERTEX_POINT('',#11479);
#3241=VERTEX_POINT('',#11481);
#3242=VERTEX_POINT('',#11483);
#3243=VERTEX_POINT('',#11485);
#3244=VERTEX_POINT('',#11487);
#3245=VERTEX_POINT('',#11489);
#3246=VERTEX_POINT('',#11491);
#3247=VERTEX_POINT('',#11493);
#3248=VERTEX_POINT('',#11495);
#3249=VERTEX_POINT('',#11497);
#3250=VERTEX_POINT('',#11499);
#3251=VERTEX_POINT('',#11503);
#3252=VERTEX_POINT('',#11505);
#3253=VERTEX_POINT('',#11507);
#3254=VERTEX_POINT('',#11509);
#3255=VERTEX_POINT('',#11513);
#3256=VERTEX_POINT('',#11515);
#3257=VERTEX_POINT('',#11519);
#3258=VERTEX_POINT('',#11521);
#3259=VERTEX_POINT('',#11523);
#3260=VERTEX_POINT('',#11525);
#3261=VERTEX_POINT('',#11529);
#3262=VERTEX_POINT('',#11533);
#3263=VERTEX_POINT('',#11534);
#3264=VERTEX_POINT('',#11536);
#3265=VERTEX_POINT('',#11538);
#3266=VERTEX_POINT('',#11542);
#3267=VERTEX_POINT('',#11544);
#3268=VERTEX_POINT('',#11548);
#3269=VERTEX_POINT('',#11550);
#3270=VERTEX_POINT('',#11577);
#3271=VERTEX_POINT('',#11579);
#3272=VERTEX_POINT('',#11581);
#3273=VERTEX_POINT('',#11583);
#3274=VERTEX_POINT('',#11587);
#3275=VERTEX_POINT('',#11589);
#3276=VERTEX_POINT('',#11593);
#3277=VERTEX_POINT('',#11595);
#3278=VERTEX_POINT('',#11597);
#3279=VERTEX_POINT('',#11599);
#3280=VERTEX_POINT('',#11601);
#3281=VERTEX_POINT('',#11603);
#3282=VERTEX_POINT('',#11607);
#3283=VERTEX_POINT('',#11608);
#3284=VERTEX_POINT('',#11610);
#3285=VERTEX_POINT('',#11613);
#3286=VERTEX_POINT('',#11619);
#3287=VERTEX_POINT('',#11622);
#3288=VERTEX_POINT('',#11629);
#3289=VERTEX_POINT('',#11630);
#3290=VERTEX_POINT('',#11632);
#3291=VERTEX_POINT('',#11645);
#3292=VERTEX_POINT('',#11646);
#3293=VERTEX_POINT('',#11671);
#3294=VERTEX_POINT('',#11684);
#3295=VERTEX_POINT('',#11686);
#3296=VERTEX_POINT('',#11705);
#3297=VERTEX_POINT('',#11710);
#3298=VERTEX_POINT('',#11712);
#3299=VERTEX_POINT('',#11714);
#3300=VERTEX_POINT('',#11718);
#3301=VERTEX_POINT('',#11725);
#3302=VERTEX_POINT('',#11727);
#3303=VERTEX_POINT('',#11729);
#3304=VERTEX_POINT('',#11731);
#3305=VERTEX_POINT('',#11734);
#3306=VERTEX_POINT('',#11744);
#3307=VERTEX_POINT('',#11746);
#3308=VERTEX_POINT('',#11750);
#3309=VERTEX_POINT('',#11752);
#3310=VERTEX_POINT('',#11754);
#3311=VERTEX_POINT('',#11756);
#3312=VERTEX_POINT('',#11758);
#3313=VERTEX_POINT('',#11760);
#3314=VERTEX_POINT('',#11762);
#3315=VERTEX_POINT('',#11766);
#3316=VERTEX_POINT('',#11771);
#3317=VERTEX_POINT('',#11773);
#3318=VERTEX_POINT('',#11775);
#3319=VERTEX_POINT('',#11779);
#3320=VERTEX_POINT('',#11791);
#3321=VERTEX_POINT('',#11793);
#3322=VERTEX_POINT('',#11799);
#3323=VERTEX_POINT('',#11803);
#3324=VERTEX_POINT('',#11805);
#3325=VERTEX_POINT('',#11809);
#3326=VERTEX_POINT('',#11815);
#3327=VERTEX_POINT('',#11817);
#3328=VERTEX_POINT('',#11819);
#3329=VERTEX_POINT('',#11821);
#3330=VERTEX_POINT('',#11825);
#3331=VERTEX_POINT('',#11827);
#3332=VERTEX_POINT('',#11831);
#3333=VERTEX_POINT('',#11835);
#3334=VERTEX_POINT('',#11839);
#3335=VERTEX_POINT('',#11841);
#3336=VERTEX_POINT('',#11845);
#3337=VERTEX_POINT('',#11846);
#3338=VERTEX_POINT('',#11848);
#3339=VERTEX_POINT('',#11850);
#3340=VERTEX_POINT('',#11852);
#3341=VERTEX_POINT('',#11855);
#3342=VERTEX_POINT('',#11857);
#3343=VERTEX_POINT('',#11859);
#3344=VERTEX_POINT('',#11861);
#3345=VERTEX_POINT('',#11863);
#3346=VERTEX_POINT('',#11866);
#3347=VERTEX_POINT('',#11869);
#3348=VERTEX_POINT('',#11871);
#3349=VERTEX_POINT('',#11873);
#3350=VERTEX_POINT('',#11875);
#3351=VERTEX_POINT('',#11877);
#3352=VERTEX_POINT('',#11879);
#3353=VERTEX_POINT('',#11881);
#3354=VERTEX_POINT('',#11883);
#3355=VERTEX_POINT('',#11885);
#3356=VERTEX_POINT('',#11887);
#3357=VERTEX_POINT('',#11889);
#3358=VERTEX_POINT('',#11891);
#3359=VERTEX_POINT('',#11894);
#3360=VERTEX_POINT('',#11897);
#3361=VERTEX_POINT('',#11899);
#3362=VERTEX_POINT('',#11901);
#3363=VERTEX_POINT('',#11903);
#3364=VERTEX_POINT('',#11905);
#3365=VERTEX_POINT('',#11907);
#3366=VERTEX_POINT('',#11909);
#3367=VERTEX_POINT('',#11911);
#3368=VERTEX_POINT('',#11913);
#3369=VERTEX_POINT('',#11916);
#3370=VERTEX_POINT('',#11919);
#3371=VERTEX_POINT('',#11920);
#3372=VERTEX_POINT('',#11922);
#3373=VERTEX_POINT('',#11924);
#3374=VERTEX_POINT('',#11926);
#3375=VERTEX_POINT('',#11928);
#3376=VERTEX_POINT('',#11930);
#3377=VERTEX_POINT('',#11933);
#3378=VERTEX_POINT('',#11935);
#3379=VERTEX_POINT('',#11937);
#3380=VERTEX_POINT('',#11939);
#3381=VERTEX_POINT('',#11941);
#3382=VERTEX_POINT('',#11944);
#3383=VERTEX_POINT('',#11947);
#3384=VERTEX_POINT('',#11949);
#3385=VERTEX_POINT('',#11955);
#3386=VERTEX_POINT('',#11959);
#3387=VERTEX_POINT('',#11963);
#3388=VERTEX_POINT('',#11965);
#3389=VERTEX_POINT('',#11969);
#3390=VERTEX_POINT('',#11971);
#3391=VERTEX_POINT('',#11975);
#3392=VERTEX_POINT('',#11979);
#3393=VERTEX_POINT('',#11981);
#3394=VERTEX_POINT('',#11985);
#3395=VERTEX_POINT('',#11987);
#3396=VERTEX_POINT('',#11989);
#3397=VERTEX_POINT('',#11993);
#3398=VERTEX_POINT('',#11997);
#3399=VERTEX_POINT('',#11999);
#3400=VERTEX_POINT('',#12001);
#3401=VERTEX_POINT('',#12005);
#3402=VERTEX_POINT('',#12007);
#3403=VERTEX_POINT('',#12011);
#3404=VERTEX_POINT('',#12015);
#3405=VERTEX_POINT('',#12019);
#3406=VERTEX_POINT('',#12023);
#3407=VERTEX_POINT('',#12025);
#3408=VERTEX_POINT('',#12028);
#3409=VERTEX_POINT('',#12032);
#3410=VERTEX_POINT('',#12036);
#3411=VERTEX_POINT('',#12040);
#3412=VERTEX_POINT('',#12042);
#3413=VERTEX_POINT('',#12044);
#3414=VERTEX_POINT('',#12047);
#3415=VERTEX_POINT('',#12051);
#3416=VERTEX_POINT('',#12055);
#3417=VERTEX_POINT('',#12059);
#3418=VERTEX_POINT('',#12063);
#3419=VERTEX_POINT('',#12068);
#3420=VERTEX_POINT('',#12070);
#3421=VERTEX_POINT('',#12074);
#3422=VERTEX_POINT('',#12075);
#3423=VERTEX_POINT('',#12080);
#3424=VERTEX_POINT('',#12082);
#3425=VERTEX_POINT('',#12084);
#3426=VERTEX_POINT('',#12088);
#3427=VERTEX_POINT('',#12090);
#3428=VERTEX_POINT('',#12092);
#3429=VERTEX_POINT('',#12100);
#3430=VERTEX_POINT('',#12102);
#3431=VERTEX_POINT('',#12104);
#3432=VERTEX_POINT('',#12106);
#3433=VERTEX_POINT('',#12111);
#3434=VERTEX_POINT('',#12113);
#3435=VERTEX_POINT('',#12117);
#3436=VERTEX_POINT('',#12119);
#3437=VERTEX_POINT('',#12123);
#3438=VERTEX_POINT('',#12125);
#3439=VERTEX_POINT('',#12129);
#3440=VERTEX_POINT('',#12133);
#3441=VERTEX_POINT('',#12140);
#3442=VERTEX_POINT('',#12142);
#3443=VERTEX_POINT('',#12146);
#3444=VERTEX_POINT('',#12147);
#3445=VERTEX_POINT('',#12152);
#3446=VERTEX_POINT('',#12156);
#3447=VERTEX_POINT('',#12163);
#3448=VERTEX_POINT('',#12165);
#3449=VERTEX_POINT('',#12169);
#3450=VERTEX_POINT('',#12171);
#3451=VERTEX_POINT('',#12175);
#3452=VERTEX_POINT('',#12179);
#3453=VERTEX_POINT('',#12185);
#3454=VERTEX_POINT('',#12186);
#3455=VERTEX_POINT('',#12189);
#3456=VERTEX_POINT('',#12191);
#3457=VERTEX_POINT('',#12195);
#3458=VERTEX_POINT('',#12197);
#3459=VERTEX_POINT('',#12199);
#3460=VERTEX_POINT('',#12205);
#3461=VERTEX_POINT('',#12207);
#3462=VERTEX_POINT('',#12211);
#3463=VERTEX_POINT('',#12216);
#3464=VERTEX_POINT('',#12218);
#3465=VERTEX_POINT('',#12221);
#3466=VERTEX_POINT('',#12223);
#3467=VERTEX_POINT('',#12225);
#3468=VERTEX_POINT('',#12227);
#3469=VERTEX_POINT('',#12229);
#3470=VERTEX_POINT('',#12231);
#3471=VERTEX_POINT('',#12233);
#3472=VERTEX_POINT('',#12235);
#3473=VERTEX_POINT('',#12237);
#3474=VERTEX_POINT('',#12242);
#3475=VERTEX_POINT('',#12248);
#3476=VERTEX_POINT('',#12252);
#3477=VERTEX_POINT('',#12256);
#3478=VERTEX_POINT('',#12257);
#3479=VERTEX_POINT('',#12259);
#3480=VERTEX_POINT('',#12261);
#3481=VERTEX_POINT('',#12280);
#3482=VERTEX_POINT('',#12281);
#3483=VERTEX_POINT('',#12288);
#3484=VERTEX_POINT('',#12293);
#3485=VERTEX_POINT('',#12315);
#3486=VERTEX_POINT('',#12320);
#3487=VERTEX_POINT('',#12333);
#3488=VERTEX_POINT('',#12340);
#3489=VERTEX_POINT('',#12345);
#3490=VERTEX_POINT('',#12362);
#3491=VERTEX_POINT('',#12364);
#3492=VERTEX_POINT('',#12366);
#3493=VERTEX_POINT('',#12368);
#3494=VERTEX_POINT('',#12370);
#3495=VERTEX_POINT('',#12372);
#3496=VERTEX_POINT('',#12374);
#3497=VERTEX_POINT('',#12376);
#3498=VERTEX_POINT('',#12378);
#3499=VERTEX_POINT('',#12380);
#3500=VERTEX_POINT('',#12382);
#3501=VERTEX_POINT('',#12384);
#3502=VERTEX_POINT('',#12419);
#3503=VERTEX_POINT('',#12440);
#3504=VERTEX_POINT('',#12442);
#3505=VERTEX_POINT('',#12444);
#3506=VERTEX_POINT('',#12446);
#3507=VERTEX_POINT('',#12449);
#3508=VERTEX_POINT('',#12451);
#3509=VERTEX_POINT('',#12453);
#3510=VERTEX_POINT('',#12455);
#3511=VERTEX_POINT('',#12457);
#3512=VERTEX_POINT('',#12459);
#3513=VERTEX_POINT('',#12461);
#3514=VERTEX_POINT('',#12463);
#3515=VERTEX_POINT('',#12465);
#3516=VERTEX_POINT('',#12467);
#3517=VERTEX_POINT('',#12469);
#3518=VERTEX_POINT('',#12471);
#3519=VERTEX_POINT('',#12473);
#3520=VERTEX_POINT('',#12475);
#3521=VERTEX_POINT('',#12477);
#3522=VERTEX_POINT('',#12479);
#3523=VERTEX_POINT('',#12481);
#3524=VERTEX_POINT('',#12484);
#3525=VERTEX_POINT('',#12486);
#3526=VERTEX_POINT('',#12488);
#3527=VERTEX_POINT('',#12490);
#3528=VERTEX_POINT('',#12525);
#3529=VERTEX_POINT('',#12530);
#3530=VERTEX_POINT('',#12534);
#3531=VERTEX_POINT('',#12535);
#3532=VERTEX_POINT('',#12537);
#3533=VERTEX_POINT('',#12539);
#3534=VERTEX_POINT('',#12543);
#3535=VERTEX_POINT('',#12544);
#3536=VERTEX_POINT('',#12549);
#3537=VERTEX_POINT('',#12550);
#3538=VERTEX_POINT('',#12555);
#3539=VERTEX_POINT('',#12556);
#3540=VERTEX_POINT('',#12561);
#3541=VERTEX_POINT('',#12562);
#3542=VERTEX_POINT('',#12567);
#3543=VERTEX_POINT('',#12569);
#3544=VERTEX_POINT('',#12573);
#3545=VERTEX_POINT('',#12577);
#3546=VERTEX_POINT('',#12581);
#3547=VERTEX_POINT('',#12585);
#3548=VERTEX_POINT('',#12593);
#3549=VERTEX_POINT('',#12595);
#3550=VERTEX_POINT('',#12597);
#3551=VERTEX_POINT('',#12601);
#3552=VERTEX_POINT('',#12636);
#3553=VERTEX_POINT('',#12637);
#3554=VERTEX_POINT('',#12639);
#3555=VERTEX_POINT('',#12658);
#3556=VERTEX_POINT('',#12693);
#3557=VERTEX_POINT('',#12694);
#3558=VERTEX_POINT('',#12737);
#3559=VERTEX_POINT('',#12739);
#3560=VERTEX_POINT('',#12743);
#3561=VERTEX_POINT('',#12745);
#3562=VERTEX_POINT('',#12774);
#3563=VERTEX_POINT('',#12781);
#3564=VERTEX_POINT('',#12788);
#3565=VERTEX_POINT('',#12792);
#3566=VERTEX_POINT('',#12794);
#3567=VERTEX_POINT('',#12796);
#3568=VERTEX_POINT('',#12798);
#3569=VERTEX_POINT('',#12800);
#3570=VERTEX_POINT('',#12805);
#3571=VERTEX_POINT('',#12815);
#3572=VERTEX_POINT('',#12819);
#3573=VERTEX_POINT('',#12823);
#3574=VERTEX_POINT('',#12827);
#3575=VERTEX_POINT('',#12831);
#3576=VERTEX_POINT('',#12835);
#3577=VERTEX_POINT('',#12841);
#3578=VERTEX_POINT('',#12845);
#3579=VERTEX_POINT('',#12847);
#3580=VERTEX_POINT('',#12853);
#3581=VERTEX_POINT('',#12861);
#3582=VERTEX_POINT('',#12865);
#3583=VERTEX_POINT('',#12869);
#3584=VERTEX_POINT('',#12873);
#3585=VERTEX_POINT('',#12914);
#3586=VERTEX_POINT('',#12937);
#3587=VERTEX_POINT('',#12939);
#3588=VERTEX_POINT('',#12941);
#3589=VERTEX_POINT('',#12943);
#3590=VERTEX_POINT('',#12945);
#3591=VERTEX_POINT('',#12947);
#3592=VERTEX_POINT('',#12950);
#3593=VERTEX_POINT('',#12961);
#3594=VERTEX_POINT('',#12970);
#3595=VERTEX_POINT('',#12972);
#3596=VERTEX_POINT('',#12974);
#3597=VERTEX_POINT('',#12976);
#3598=VERTEX_POINT('',#12987);
#3599=VERTEX_POINT('',#12993);
#3600=VERTEX_POINT('',#12998);
#3601=VERTEX_POINT('',#13002);
#3602=VERTEX_POINT('',#13003);
#3603=VERTEX_POINT('',#13005);
#3604=VERTEX_POINT('',#13007);
#3605=VERTEX_POINT('',#13009);
#3606=VERTEX_POINT('',#13011);
#3607=VERTEX_POINT('',#13015);
#3608=VERTEX_POINT('',#13016);
#3609=VERTEX_POINT('',#13038);
#3610=VERTEX_POINT('',#13040);
#3611=VERTEX_POINT('',#13042);
#3612=VERTEX_POINT('',#13046);
#3613=VERTEX_POINT('',#13048);
#3614=VERTEX_POINT('',#13059);
#3615=VERTEX_POINT('',#13070);
#3616=VERTEX_POINT('',#13072);
#3617=VERTEX_POINT('',#13074);
#3618=VERTEX_POINT('',#13076);
#3619=VERTEX_POINT('',#13078);
#3620=VERTEX_POINT('',#13086);
#3621=VERTEX_POINT('',#13090);
#3622=VERTEX_POINT('',#13092);
#3623=VERTEX_POINT('',#13094);
#3624=VERTEX_POINT('',#13096);
#3625=VERTEX_POINT('',#13098);
#3626=VERTEX_POINT('',#13122);
#3627=VERTEX_POINT('',#13133);
#3628=VERTEX_POINT('',#13137);
#3629=VERTEX_POINT('',#13139);
#3630=VERTEX_POINT('',#13163);
#3631=VERTEX_POINT('',#13165);
#3632=VERTEX_POINT('',#13167);
#3633=VERTEX_POINT('',#13169);
#3634=VERTEX_POINT('',#13171);
#3635=VERTEX_POINT('',#13173);
#3636=VERTEX_POINT('',#13175);
#3637=VERTEX_POINT('',#13178);
#3638=VERTEX_POINT('',#13180);
#3639=VERTEX_POINT('',#13182);
#3640=VERTEX_POINT('',#13184);
#3641=VERTEX_POINT('',#13186);
#3642=VERTEX_POINT('',#13189);
#3643=VERTEX_POINT('',#13190);
#3644=VERTEX_POINT('',#13192);
#3645=VERTEX_POINT('',#13196);
#3646=VERTEX_POINT('',#13211);
#3647=VERTEX_POINT('',#13215);
#3648=VERTEX_POINT('',#13230);
#3649=VERTEX_POINT('',#13236);
#3650=VERTEX_POINT('',#13266);
#3651=VERTEX_POINT('',#13286);
#3652=VERTEX_POINT('',#13288);
#3653=VERTEX_POINT('',#13290);
#3654=VERTEX_POINT('',#13297);
#3655=VERTEX_POINT('',#13299);
#3656=VERTEX_POINT('',#13303);
#3657=VERTEX_POINT('',#13319);
#3658=VERTEX_POINT('',#13326);
#3659=VERTEX_POINT('',#13331);
#3660=VERTEX_POINT('',#13333);
#3661=VERTEX_POINT('',#13336);
#3662=VERTEX_POINT('',#13349);
#3663=VERTEX_POINT('',#13354);
#3664=VERTEX_POINT('',#13356);
#3665=VERTEX_POINT('',#13359);
#3666=VERTEX_POINT('',#13397);
#3667=VERTEX_POINT('',#13399);
#3668=VERTEX_POINT('',#13425);
#3669=VERTEX_POINT('',#13426);
#3670=VERTEX_POINT('',#13428);
#3671=VERTEX_POINT('',#13432);
#3672=VERTEX_POINT('',#13433);
#3673=VERTEX_POINT('',#13438);
#3674=VERTEX_POINT('',#13470);
#3675=VERTEX_POINT('',#13472);
#3676=VERTEX_POINT('',#13477);
#3677=VERTEX_POINT('',#13478);
#3678=VERTEX_POINT('',#13483);
#3679=VERTEX_POINT('',#13484);
#3680=VERTEX_POINT('',#13507);
#3681=VERTEX_POINT('',#13509);
#3682=VERTEX_POINT('',#13520);
#3683=VERTEX_POINT('',#13548);
#3684=VERTEX_POINT('',#13553);
#3685=VERTEX_POINT('',#13562);
#3686=VERTEX_POINT('',#13572);
#3687=VERTEX_POINT('',#13577);
#3688=VERTEX_POINT('',#13583);
#3689=VERTEX_POINT('',#13597);
#3690=VERTEX_POINT('',#13613);
#3691=VERTEX_POINT('',#13617);
#3692=VERTEX_POINT('',#13640);
#3693=VERTEX_POINT('',#13649);
#3694=VERTEX_POINT('',#13659);
#3695=VERTEX_POINT('',#13678);
#3696=EDGE_CURVE('',#2979,#2980,#1471,.T.);
#3697=EDGE_CURVE('',#2981,#2980,#1472,.T.);
#3698=EDGE_CURVE('',#2982,#2981,#1473,.T.);
#3699=EDGE_CURVE('',#2979,#2982,#1474,.T.);
#3700=EDGE_CURVE('',#2982,#2983,#549,.T.);
#3701=EDGE_CURVE('',#2983,#2984,#1475,.T.);
#3702=EDGE_CURVE('',#2985,#2984,#1476,.T.);
#3703=EDGE_CURVE('',#2979,#2985,#272,.T.);
#3704=EDGE_CURVE('',#2986,#2984,#1477,.T.);
#3705=EDGE_CURVE('',#2983,#2987,#1478,.T.);
#3706=EDGE_CURVE('',#2987,#2986,#1479,.T.);
#3707=EDGE_CURVE('',#2988,#2989,#1480,.T.);
#3708=EDGE_CURVE('',#2989,#2990,#1481,.T.);
#3709=EDGE_CURVE('',#2991,#2990,#1482,.T.);
#3710=EDGE_CURVE('',#2992,#2991,#1483,.T.);
#3711=EDGE_CURVE('',#2993,#2992,#1484,.T.);
#3712=EDGE_CURVE('',#2993,#2994,#1485,.T.);
#3713=EDGE_CURVE('',#2994,#2995,#1486,.T.);
#3714=EDGE_CURVE('',#2995,#2996,#1487,.T.);
#3715=EDGE_CURVE('',#2996,#2997,#1488,.T.);
#3716=EDGE_CURVE('',#2997,#2998,#1489,.T.);
#3717=EDGE_CURVE('',#2998,#2999,#1490,.T.);
#3718=EDGE_CURVE('',#2999,#3000,#1491,.T.);
#3719=EDGE_CURVE('',#3000,#3001,#1492,.T.);
#3720=EDGE_CURVE('',#3001,#3002,#1493,.T.);
#3721=EDGE_CURVE('',#3002,#3003,#1494,.T.);
#3722=EDGE_CURVE('',#3004,#3003,#273,.F.);
#3723=EDGE_CURVE('',#3005,#3004,#1495,.T.);
#3724=EDGE_CURVE('',#3006,#3005,#274,.T.);
#3725=EDGE_CURVE('',#3006,#3007,#1496,.T.);
#3726=EDGE_CURVE('',#3008,#3007,#275,.T.);
#3727=EDGE_CURVE('',#2988,#3008,#1497,.T.);
#3728=EDGE_CURVE('',#3009,#3010,#1498,.T.);
#3729=EDGE_CURVE('',#3011,#3010,#1499,.T.);
#3730=EDGE_CURVE('',#3012,#3011,#1500,.T.);
#3731=EDGE_CURVE('',#3012,#3009,#1501,.T.);
#3732=EDGE_CURVE('',#3013,#3009,#550,.T.);
#3733=EDGE_CURVE('',#3014,#3012,#253,.T.);
#3734=EDGE_CURVE('',#3014,#3013,#1502,.T.);
#3735=EDGE_CURVE('',#3015,#3013,#1503,.T.);
#3736=EDGE_CURVE('',#3014,#3016,#1504,.T.);
#3737=EDGE_CURVE('',#3016,#3015,#1505,.T.);
#3738=EDGE_CURVE('',#3011,#3017,#1506,.T.);
#3739=EDGE_CURVE('',#3010,#3017,#1507,.T.);
#3740=EDGE_CURVE('',#3018,#3019,#1508,.T.);
#3741=EDGE_CURVE('',#3019,#3020,#1509,.T.);
#3742=EDGE_CURVE('',#3021,#3020,#1510,.T.);
#3743=EDGE_CURVE('',#3018,#3021,#1511,.T.);
#3744=EDGE_CURVE('',#3022,#3023,#1512,.T.);
#3745=EDGE_CURVE('',#3022,#3024,#1513,.T.);
#3746=EDGE_CURVE('',#3024,#3025,#1514,.T.);
#3747=EDGE_CURVE('',#3026,#3025,#1515,.T.);
#3748=EDGE_CURVE('',#3027,#3026,#1516,.T.);
#3749=EDGE_CURVE('',#3023,#3027,#276,.T.);
#3750=EDGE_CURVE('',#3028,#3029,#1517,.T.);
#3751=EDGE_CURVE('',#3030,#3028,#1518,.T.);
#3752=EDGE_CURVE('',#3030,#3031,#1519,.T.);
#3753=EDGE_CURVE('',#3029,#3031,#1520,.T.);
#3754=EDGE_CURVE('',#3032,#3033,#551,.T.);
#3755=EDGE_CURVE('',#3034,#3032,#1521,.T.);
#3756=EDGE_CURVE('',#3034,#3035,#1522,.T.);
#3757=EDGE_CURVE('',#3035,#3033,#1523,.T.);
#3758=EDGE_CURVE('',#3036,#3037,#277,.T.);
#3759=EDGE_CURVE('',#3038,#3036,#278,.T.);
#3760=EDGE_CURVE('',#3037,#3038,#279,.T.);
#3761=EDGE_CURVE('',#3039,#3022,#1524,.T.);
#3762=EDGE_CURVE('',#3040,#3039,#1525,.T.);
#3763=EDGE_CURVE('',#3040,#3024,#1526,.T.);
#3764=EDGE_CURVE('',#3041,#3034,#280,.T.);
#3765=EDGE_CURVE('',#3042,#3041,#1527,.T.);
#3766=EDGE_CURVE('',#3043,#3042,#552,.T.);
#3767=EDGE_CURVE('',#3038,#3043,#1528,.T.);
#3768=EDGE_CURVE('',#3029,#3036,#1529,.T.);
#3769=EDGE_CURVE('',#3031,#3035,#281,.T.);
#3770=EDGE_CURVE('',#3044,#3040,#1530,.T.);
#3771=EDGE_CURVE('',#3033,#3044,#553,.T.);
#3772=EDGE_CURVE('',#3025,#3030,#1531,.T.);
#3773=EDGE_CURVE('',#3045,#3046,#1532,.T.);
#3774=EDGE_CURVE('',#3047,#3045,#1533,.T.);
#3775=EDGE_CURVE('',#2990,#3047,#1534,.T.);
#3776=EDGE_CURVE('',#2990,#3016,#1535,.T.);
#3777=EDGE_CURVE('',#3046,#3014,#90,.T.);
#3778=EDGE_CURVE('',#2981,#2987,#554,.T.);
#3779=EDGE_CURVE('',#3048,#3049,#1536,.T.);
#3780=EDGE_CURVE('',#3050,#3048,#1537,.T.);
#3781=EDGE_CURVE('',#3051,#3050,#1538,.T.);
#3782=EDGE_CURVE('',#3019,#3051,#1539,.T.);
#3783=EDGE_CURVE('',#3018,#3015,#1540,.T.);
#3784=EDGE_CURVE('',#2989,#2986,#1541,.T.);
#3785=EDGE_CURVE('',#2980,#3049,#1542,.T.);
#3786=EDGE_CURVE('',#3052,#3028,#1543,.T.);
#3787=EDGE_CURVE('',#3053,#3052,#1544,.T.);
#3788=EDGE_CURVE('',#3054,#3053,#1545,.T.);
#3789=EDGE_CURVE('',#3055,#3054,#282,.T.);
#3790=EDGE_CURVE('',#3056,#3055,#1546,.T.);
#3791=EDGE_CURVE('',#3057,#3056,#283,.T.);
#3792=EDGE_CURVE('',#3058,#3057,#1547,.T.);
#3793=EDGE_CURVE('',#3059,#3058,#284,.F.);
#3794=EDGE_CURVE('',#3059,#3060,#1548,.T.);
#3795=EDGE_CURVE('',#3061,#3060,#1549,.T.);
#3796=EDGE_CURVE('',#3061,#3062,#1550,.T.);
#3797=EDGE_CURVE('',#3062,#3063,#1551,.T.);
#3798=EDGE_CURVE('',#3063,#3064,#1552,.T.);
#3799=EDGE_CURVE('',#3065,#3064,#1553,.T.);
#3800=EDGE_CURVE('',#3065,#3066,#1554,.T.);
#3801=EDGE_CURVE('',#3066,#3067,#1555,.T.);
#3802=EDGE_CURVE('',#3067,#3068,#1556,.T.);
#3803=EDGE_CURVE('',#3069,#3068,#1557,.T.);
#3804=EDGE_CURVE('',#3070,#3069,#1558,.T.);
#3805=EDGE_CURVE('',#3071,#3070,#1559,.T.);
#3806=EDGE_CURVE('',#3072,#3071,#1560,.T.);
#3807=EDGE_CURVE('',#3073,#3072,#1561,.T.);
#3808=EDGE_CURVE('',#3074,#3073,#1562,.T.);
#3809=EDGE_CURVE('',#3074,#3026,#1563,.T.);
#3810=EDGE_CURVE('',#3052,#3029,#1564,.T.);
#3811=EDGE_CURVE('',#3032,#3075,#254,.T.);
#3812=EDGE_CURVE('',#3076,#3075,#1565,.T.);
#3813=EDGE_CURVE('',#3041,#3076,#285,.T.);
#3814=EDGE_CURVE('',#3037,#3077,#1566,.T.);
#3815=EDGE_CURVE('',#3078,#3077,#286,.T.);
#3816=EDGE_CURVE('',#3036,#3078,#1567,.T.);
#3817=EDGE_CURVE('',#3079,#3043,#287,.T.);
#3818=EDGE_CURVE('',#3080,#3079,#1568,.T.);
#3819=EDGE_CURVE('',#3081,#3080,#555,.T.);
#3820=EDGE_CURVE('',#3082,#3081,#1569,.T.);
#3821=EDGE_CURVE('',#3083,#3082,#288,.T.);
#3822=EDGE_CURVE('',#3084,#3083,#1570,.T.);
#3823=EDGE_CURVE('',#3085,#3084,#556,.T.);
#3824=EDGE_CURVE('',#3086,#3085,#1571,.T.);
#3825=EDGE_CURVE('',#3077,#3086,#557,.T.);
#3826=EDGE_CURVE('',#3046,#3087,#1572,.T.);
#3827=EDGE_CURVE('',#3088,#3087,#1573,.T.);
#3828=EDGE_CURVE('',#3089,#3088,#1574,.T.);
#3829=EDGE_CURVE('',#3090,#3089,#1575,.T.);
#3830=EDGE_CURVE('',#3091,#3090,#1576,.T.);
#3831=EDGE_CURVE('',#3045,#3091,#1577,.T.);
#3832=EDGE_CURVE('',#3092,#3012,#91,.T.);
#3833=EDGE_CURVE('',#3014,#3092,#1578,.T.);
#3834=EDGE_CURVE('',#3087,#3014,#92,.T.);
#3835=EDGE_CURVE('',#3017,#3093,#1579,.T.);
#3836=EDGE_CURVE('',#3093,#3094,#93,.T.);
#3837=EDGE_CURVE('',#3094,#3092,#1580,.T.);
#3838=EDGE_CURVE('',#3051,#3095,#1581,.T.);
#3839=EDGE_CURVE('',#3095,#3020,#1582,.T.);
#3840=EDGE_CURVE('',#3095,#3050,#1583,.T.);
#3841=EDGE_CURVE('',#3096,#3096,#289,.T.);
#3842=EDGE_CURVE('',#3096,#3097,#1584,.T.);
#3843=EDGE_CURVE('',#3097,#3097,#290,.T.);
#3844=EDGE_CURVE('',#3098,#3099,#1585,.T.);
#3845=EDGE_CURVE('',#3100,#3099,#94,.T.);
#3846=EDGE_CURVE('',#3101,#3100,#95,.T.);
#3847=EDGE_CURVE('',#3101,#3102,#1586,.T.);
#3848=EDGE_CURVE('',#3102,#3103,#291,.T.);
#3849=EDGE_CURVE('',#3103,#3104,#1587,.T.);
#3850=EDGE_CURVE('',#3104,#3105,#292,.T.);
#3851=EDGE_CURVE('',#3105,#3106,#1588,.T.);
#3852=EDGE_CURVE('',#3106,#3107,#293,.T.);
#3853=EDGE_CURVE('',#3107,#3108,#1589,.T.);
#3854=EDGE_CURVE('',#3108,#3109,#294,.T.);
#3855=EDGE_CURVE('',#3109,#3110,#1590,.T.);
#3856=EDGE_CURVE('',#3111,#3110,#96,.T.);
#3857=EDGE_CURVE('',#3112,#3111,#97,.T.);
#3858=EDGE_CURVE('',#3112,#3113,#1591,.T.);
#3859=EDGE_CURVE('',#3114,#3113,#98,.T.);
#3860=EDGE_CURVE('',#3115,#3114,#99,.T.);
#3861=EDGE_CURVE('',#3115,#3116,#1592,.T.);
#3862=EDGE_CURVE('',#3116,#3117,#295,.T.);
#3863=EDGE_CURVE('',#3117,#3118,#1593,.T.);
#3864=EDGE_CURVE('',#3118,#3119,#296,.T.);
#3865=EDGE_CURVE('',#3120,#3119,#1594,.T.);
#3866=EDGE_CURVE('',#3121,#3120,#1595,.T.);
#3867=EDGE_CURVE('',#3121,#3122,#1596,.T.);
#3868=EDGE_CURVE('',#3123,#3122,#1597,.T.);
#3869=EDGE_CURVE('',#3124,#3123,#1598,.T.);
#3870=EDGE_CURVE('',#3124,#3125,#297,.T.);
#3871=EDGE_CURVE('',#3125,#3126,#1599,.T.);
#3872=EDGE_CURVE('',#3126,#3127,#298,.T.);
#3873=EDGE_CURVE('',#3127,#3128,#1600,.T.);
#3874=EDGE_CURVE('',#3129,#3128,#100,.T.);
#3875=EDGE_CURVE('',#3098,#3129,#101,.T.);
#3876=EDGE_CURVE('',#3130,#3130,#299,.T.);
#3877=EDGE_CURVE('',#3131,#3131,#300,.T.);
#3878=EDGE_CURVE('',#3132,#3133,#1601,.T.);
#3879=EDGE_CURVE('',#3134,#3132,#301,.T.);
#3880=EDGE_CURVE('',#3135,#3134,#1602,.T.);
#3881=EDGE_CURVE('',#3136,#3135,#302,.T.);
#3882=EDGE_CURVE('',#3137,#3136,#1603,.T.);
#3883=EDGE_CURVE('',#3133,#3137,#303,.T.);
#3884=EDGE_CURVE('',#3138,#3138,#304,.T.);
#3885=EDGE_CURVE('',#3139,#3140,#305,.T.);
#3886=EDGE_CURVE('',#3140,#3141,#1604,.T.);
#3887=EDGE_CURVE('',#3141,#3142,#306,.T.);
#3888=EDGE_CURVE('',#3142,#3143,#1605,.T.);
#3889=EDGE_CURVE('',#3143,#3144,#307,.T.);
#3890=EDGE_CURVE('',#3144,#3145,#1606,.T.);
#3891=EDGE_CURVE('',#3145,#3146,#308,.T.);
#3892=EDGE_CURVE('',#3146,#3147,#1607,.T.);
#3893=EDGE_CURVE('',#3147,#3148,#309,.T.);
#3894=EDGE_CURVE('',#3148,#3149,#1608,.T.);
#3895=EDGE_CURVE('',#3149,#3150,#310,.T.);
#3896=EDGE_CURVE('',#3150,#3097,#1609,.T.);
#3897=EDGE_CURVE('',#3150,#3151,#311,.T.);
#3898=EDGE_CURVE('',#3151,#3139,#1610,.T.);
#3899=EDGE_CURVE('',#3130,#3152,#1611,.T.);
#3900=EDGE_CURVE('',#3152,#3152,#312,.T.);
#3901=EDGE_CURVE('',#3153,#3154,#313,.T.);
#3902=EDGE_CURVE('',#3154,#3155,#1612,.T.);
#3903=EDGE_CURVE('',#3155,#3156,#314,.T.);
#3904=EDGE_CURVE('',#3156,#3157,#1613,.T.);
#3905=EDGE_CURVE('',#3157,#3158,#315,.T.);
#3906=EDGE_CURVE('',#3158,#3159,#1614,.T.);
#3907=EDGE_CURVE('',#3159,#3160,#316,.T.);
#3908=EDGE_CURVE('',#3160,#3161,#1615,.T.);
#3909=EDGE_CURVE('',#3161,#3162,#317,.T.);
#3910=EDGE_CURVE('',#3162,#3163,#1616,.T.);
#3911=EDGE_CURVE('',#3163,#3164,#318,.T.);
#3912=EDGE_CURVE('',#3164,#3152,#1617,.T.);
#3913=EDGE_CURVE('',#3164,#3165,#319,.T.);
#3914=EDGE_CURVE('',#3165,#3153,#1618,.T.);
#3915=EDGE_CURVE('',#3138,#3166,#1619,.T.);
#3916=EDGE_CURVE('',#3166,#3166,#320,.T.);
#3917=EDGE_CURVE('',#3167,#3168,#321,.T.);
#3918=EDGE_CURVE('',#3168,#3169,#1620,.T.);
#3919=EDGE_CURVE('',#3169,#3170,#322,.T.);
#3920=EDGE_CURVE('',#3170,#3171,#1621,.T.);
#3921=EDGE_CURVE('',#3171,#3172,#323,.T.);
#3922=EDGE_CURVE('',#3172,#3173,#1622,.T.);
#3923=EDGE_CURVE('',#3173,#3174,#324,.T.);
#3924=EDGE_CURVE('',#3174,#3175,#1623,.T.);
#3925=EDGE_CURVE('',#3175,#3176,#325,.T.);
#3926=EDGE_CURVE('',#3176,#3177,#1624,.T.);
#3927=EDGE_CURVE('',#3177,#3178,#326,.T.);
#3928=EDGE_CURVE('',#3178,#3166,#1625,.T.);
#3929=EDGE_CURVE('',#3178,#3179,#327,.T.);
#3930=EDGE_CURVE('',#3179,#3167,#1626,.T.);
#3931=EDGE_CURVE('',#3131,#3180,#1627,.T.);
#3932=EDGE_CURVE('',#3180,#3180,#328,.T.);
#3933=EDGE_CURVE('',#3181,#3182,#329,.T.);
#3934=EDGE_CURVE('',#3182,#3183,#1628,.T.);
#3935=EDGE_CURVE('',#3183,#3184,#330,.T.);
#3936=EDGE_CURVE('',#3184,#3185,#1629,.T.);
#3937=EDGE_CURVE('',#3185,#3186,#331,.T.);
#3938=EDGE_CURVE('',#3186,#3187,#1630,.T.);
#3939=EDGE_CURVE('',#3187,#3188,#332,.T.);
#3940=EDGE_CURVE('',#3188,#3189,#1631,.T.);
#3941=EDGE_CURVE('',#3189,#3190,#333,.T.);
#3942=EDGE_CURVE('',#3190,#3191,#1632,.T.);
#3943=EDGE_CURVE('',#3191,#3192,#334,.T.);
#3944=EDGE_CURVE('',#3192,#3180,#1633,.T.);
#3945=EDGE_CURVE('',#3192,#3193,#335,.T.);
#3946=EDGE_CURVE('',#3193,#3181,#1634,.T.);
#3947=EDGE_CURVE('',#3194,#3195,#102,.T.);
#3948=EDGE_CURVE('',#3195,#3112,#1635,.T.);
#3949=EDGE_CURVE('',#3111,#3194,#1636,.T.);
#3950=EDGE_CURVE('',#3196,#3195,#1637,.T.);
#3951=EDGE_CURVE('',#3113,#3196,#1638,.T.);
#3952=EDGE_CURVE('',#3196,#3197,#103,.T.);
#3953=EDGE_CURVE('',#3197,#3114,#1639,.T.);
#3954=EDGE_CURVE('',#3099,#3198,#1640,.T.);
#3955=EDGE_CURVE('',#3198,#3199,#104,.T.);
#3956=EDGE_CURVE('',#3199,#3100,#1641,.T.);
#3957=EDGE_CURVE('',#3200,#3098,#1642,.T.);
#3958=EDGE_CURVE('',#3198,#3200,#1643,.T.);
#3959=EDGE_CURVE('',#3201,#3200,#105,.T.);
#3960=EDGE_CURVE('',#3129,#3201,#1644,.T.);
#3961=EDGE_CURVE('',#3128,#3202,#1645,.T.);
#3962=EDGE_CURVE('',#3202,#3201,#106,.T.);
#3963=EDGE_CURVE('',#3202,#3203,#1646,.T.);
#3964=EDGE_CURVE('',#3203,#3204,#1647,.T.);
#3965=EDGE_CURVE('',#3204,#3205,#1648,.T.);
#3966=EDGE_CURVE('',#3205,#3206,#1649,.T.);
#3967=EDGE_CURVE('',#3206,#3207,#336,.T.);
#3968=EDGE_CURVE('',#3207,#3208,#1650,.T.);
#3969=EDGE_CURVE('',#3208,#3209,#337,.T.);
#3970=EDGE_CURVE('',#3209,#3210,#1651,.T.);
#3971=EDGE_CURVE('',#3210,#3211,#1652,.T.);
#3972=EDGE_CURVE('',#3212,#3211,#1653,.T.);
#3973=EDGE_CURVE('',#3212,#3213,#1654,.T.);
#3974=EDGE_CURVE('',#3199,#3213,#107,.T.);
#3975=EDGE_CURVE('',#3213,#3101,#1655,.T.);
#3976=EDGE_CURVE('',#3110,#3214,#1656,.T.);
#3977=EDGE_CURVE('',#3214,#3194,#108,.T.);
#3978=EDGE_CURVE('',#3214,#3215,#1657,.T.);
#3979=EDGE_CURVE('',#3215,#3216,#1658,.T.);
#3980=EDGE_CURVE('',#3216,#3217,#1659,.T.);
#3981=EDGE_CURVE('',#3217,#3218,#1660,.T.);
#3982=EDGE_CURVE('',#3218,#3219,#338,.T.);
#3983=EDGE_CURVE('',#3219,#3220,#1661,.T.);
#3984=EDGE_CURVE('',#3220,#3221,#339,.T.);
#3985=EDGE_CURVE('',#3221,#3222,#1662,.T.);
#3986=EDGE_CURVE('',#3222,#3223,#1663,.T.);
#3987=EDGE_CURVE('',#3223,#3224,#1664,.T.);
#3988=EDGE_CURVE('',#3224,#3225,#1665,.T.);
#3989=EDGE_CURVE('',#3197,#3225,#109,.T.);
#3990=EDGE_CURVE('',#3225,#3115,#1666,.T.);
#3991=EDGE_CURVE('',#3127,#3203,#1667,.T.);
#3992=EDGE_CURVE('',#3109,#3215,#1668,.T.);
#3993=EDGE_CURVE('',#3226,#3227,#1669,.T.);
#3994=EDGE_CURVE('',#3228,#3226,#340,.T.);
#3995=EDGE_CURVE('',#3229,#3228,#1670,.T.);
#3996=EDGE_CURVE('',#3227,#3229,#341,.T.);
#3997=EDGE_CURVE('',#3230,#3231,#558,.T.);
#3998=EDGE_CURVE('',#3232,#3230,#1671,.T.);
#3999=EDGE_CURVE('',#3233,#3232,#342,.T.);
#4000=EDGE_CURVE('',#3234,#3233,#1672,.T.);
#4001=EDGE_CURVE('',#3231,#3234,#559,.T.);
#4002=EDGE_CURVE('',#3234,#3094,#1673,.T.);
#4003=EDGE_CURVE('',#3233,#3235,#1674,.T.);
#4004=EDGE_CURVE('',#3014,#3235,#1675,.T.);
#4005=EDGE_CURVE('',#3229,#3236,#1676,.T.);
#4006=EDGE_CURVE('',#3228,#3232,#343,.T.);
#4007=EDGE_CURVE('',#3237,#3230,#344,.T.);
#4008=EDGE_CURVE('',#3238,#3237,#1677,.T.);
#4009=EDGE_CURVE('',#3236,#3238,#110,.T.);
#4010=EDGE_CURVE('',#3239,#3240,#1678,.T.);
#4011=EDGE_CURVE('',#3241,#3239,#1679,.T.);
#4012=EDGE_CURVE('',#3242,#3241,#1680,.T.);
#4013=EDGE_CURVE('',#3243,#3242,#1681,.T.);
#4014=EDGE_CURVE('',#3244,#3243,#1682,.T.);
#4015=EDGE_CURVE('',#3244,#3245,#1683,.T.);
#4016=EDGE_CURVE('',#3246,#3245,#1684,.T.);
#4017=EDGE_CURVE('',#3247,#3246,#1685,.T.);
#4018=EDGE_CURVE('',#3248,#3247,#1686,.T.);
#4019=EDGE_CURVE('',#3249,#3248,#1687,.T.);
#4020=EDGE_CURVE('',#3250,#3249,#1688,.T.);
#4021=EDGE_CURVE('',#3250,#3240,#1689,.T.);
#4022=EDGE_CURVE('',#3090,#3251,#1690,.T.);
#4023=EDGE_CURVE('',#3252,#3089,#1691,.T.);
#4024=EDGE_CURVE('',#3252,#3253,#1692,.T.);
#4025=EDGE_CURVE('',#3253,#3254,#1693,.T.);
#4026=EDGE_CURVE('',#3251,#3254,#1694,.T.);
#4027=EDGE_CURVE('',#3254,#3255,#1695,.T.);
#4028=EDGE_CURVE('',#3253,#3256,#1696,.T.);
#4029=EDGE_CURVE('',#3256,#3255,#1697,.T.);
#4030=EDGE_CURVE('',#3255,#3257,#1698,.T.);
#4031=EDGE_CURVE('',#3256,#3258,#1699,.T.);
#4032=EDGE_CURVE('',#3258,#3259,#345,.T.);
#4033=EDGE_CURVE('',#3259,#3260,#1700,.T.);
#4034=EDGE_CURVE('',#3257,#3260,#346,.T.);
#4035=EDGE_CURVE('',#3261,#3085,#347,.T.);
#4036=EDGE_CURVE('',#3086,#3261,#348,.T.);
#4037=EDGE_CURVE('',#3262,#3263,#349,.T.);
#4038=EDGE_CURVE('',#3262,#3264,#1701,.T.);
#4039=EDGE_CURVE('',#3264,#3265,#1702,.T.);
#4040=EDGE_CURVE('',#3263,#3265,#1703,.T.);
#4041=EDGE_CURVE('',#3265,#3266,#1704,.T.);
#4042=EDGE_CURVE('',#3264,#3267,#1705,.T.);
#4043=EDGE_CURVE('',#3267,#3266,#1706,.T.);
#4044=EDGE_CURVE('',#3266,#3268,#350,.T.);
#4045=EDGE_CURVE('',#3267,#3269,#351,.T.);
#4046=EDGE_CURVE('',#3268,#3269,#560,.T.);
#4047=EDGE_CURVE('',#3079,#3042,#561,.T.);
#4048=EDGE_CURVE('',#3260,#3262,#1707,.T.);
#4049=EDGE_CURVE('',#3259,#3270,#1708,.T.);
#4050=EDGE_CURVE('',#3271,#3270,#1709,.T.);
#4051=EDGE_CURVE('',#3271,#3272,#1710,.T.);
#4052=EDGE_CURVE('',#3273,#3272,#1711,.T.);
#4053=EDGE_CURVE('',#3269,#3273,#1712,.T.);
#4054=EDGE_CURVE('',#3272,#3274,#111,.T.);
#4055=EDGE_CURVE('',#3275,#3271,#112,.T.);
#4056=EDGE_CURVE('',#3274,#3275,#1713,.T.);
#4057=EDGE_CURVE('',#3274,#3276,#1714,.T.);
#4058=EDGE_CURVE('',#3277,#3275,#1715,.T.);
#4059=EDGE_CURVE('',#3278,#3277,#1716,.T.);
#4060=EDGE_CURVE('',#3279,#3278,#1717,.T.);
#4061=EDGE_CURVE('',#3280,#3279,#1718,.T.);
#4062=EDGE_CURVE('',#3281,#3280,#1719,.T.);
#4063=EDGE_CURVE('',#3276,#3281,#1720,.T.);
#4064=EDGE_CURVE('',#3282,#3283,#352,.T.);
#4065=EDGE_CURVE('',#3284,#3282,#1721,.T.);
#4066=EDGE_CURVE('',#3246,#3284,#1722,.T.);
#4067=EDGE_CURVE('',#3245,#3285,#353,.T.);
#4068=EDGE_CURVE('',#3285,#3283,#1723,.T.);
#4069=EDGE_CURVE('',#3023,#3074,#1724,.T.);
#4070=EDGE_CURVE('',#3279,#3286,#1725,.T.);
#4071=EDGE_CURVE('',#3248,#3278,#1726,.T.);
#4072=EDGE_CURVE('',#3247,#3287,#1727,.T.);
#4073=EDGE_CURVE('',#3286,#3287,#1728,.T.);
#4074=EDGE_CURVE('',#3270,#3250,#113,.T.);
#4075=EDGE_CURVE('',#3277,#3249,#1729,.T.);
#4076=EDGE_CURVE('',#3288,#3289,#354,.T.);
#4077=EDGE_CURVE('',#3290,#3288,#1730,.T.);
#4078=EDGE_CURVE('',#3240,#3290,#114,.T.);
#4079=EDGE_CURVE('',#3289,#3258,#1731,.T.);
#4080=EDGE_CURVE('',#3291,#3292,#562,.T.);
#4081=EDGE_CURVE('',#3083,#3291,#563,.T.);
#4082=EDGE_CURVE('',#3082,#3292,#355,.F.);
#4083=EDGE_CURVE('',#3293,#3244,#356,.T.);
#4084=EDGE_CURVE('',#3292,#3293,#1732,.T.);
#4085=EDGE_CURVE('',#3285,#3082,#1733,.T.);
#4086=EDGE_CURVE('',#3294,#3226,#357,.T.);
#4087=EDGE_CURVE('',#3295,#3294,#564,.T.);
#4088=EDGE_CURVE('',#3295,#3233,#358,.F.);
#4089=EDGE_CURVE('',#3296,#3295,#565,.T.);
#4090=EDGE_CURVE('',#3297,#3296,#1734,.T.);
#4091=EDGE_CURVE('',#3298,#3297,#115,.T.);
#4092=EDGE_CURVE('',#3299,#3298,#1735,.T.);
#4093=EDGE_CURVE('',#3235,#3299,#116,.T.);
#4094=EDGE_CURVE('',#3300,#3081,#566,.T.);
#4095=EDGE_CURVE('',#3283,#3300,#1736,.T.);
#4096=EDGE_CURVE('',#3301,#3298,#1737,.T.);
#4097=EDGE_CURVE('',#3302,#3301,#1738,.T.);
#4098=EDGE_CURVE('',#3303,#3302,#1739,.T.);
#4099=EDGE_CURVE('',#3304,#3303,#1740,.T.);
#4100=EDGE_CURVE('',#3289,#3304,#1741,.T.);
#4101=EDGE_CURVE('',#3305,#3252,#1742,.T.);
#4102=EDGE_CURVE('',#3299,#3305,#1743,.T.);
#4103=EDGE_CURVE('',#3305,#3088,#1744,.T.);
#4104=EDGE_CURVE('',#3287,#3284,#1745,.T.);
#4105=EDGE_CURVE('',#3306,#3073,#1746,.T.);
#4106=EDGE_CURVE('',#3307,#3306,#1747,.T.);
#4107=EDGE_CURVE('',#3307,#3039,#1748,.T.);
#4108=EDGE_CURVE('',#3236,#3308,#1749,.T.);
#4109=EDGE_CURVE('',#3308,#3309,#359,.T.);
#4110=EDGE_CURVE('',#3309,#3310,#1750,.T.);
#4111=EDGE_CURVE('',#3310,#3311,#1751,.T.);
#4112=EDGE_CURVE('',#3311,#3312,#1752,.T.);
#4113=EDGE_CURVE('',#3312,#3313,#360,.T.);
#4114=EDGE_CURVE('',#3313,#3314,#1753,.T.);
#4115=EDGE_CURVE('',#3314,#3227,#1754,.T.);
#4116=EDGE_CURVE('',#3238,#3315,#567,.T.);
#4117=EDGE_CURVE('',#3315,#3316,#117,.T.);
#4118=EDGE_CURVE('',#3317,#3316,#361,.T.);
#4119=EDGE_CURVE('',#3318,#3317,#1755,.T.);
#4120=EDGE_CURVE('',#3308,#3318,#362,.T.);
#4121=EDGE_CURVE('',#3319,#3237,#363,.T.);
#4122=EDGE_CURVE('',#3315,#3319,#1756,.T.);
#4123=EDGE_CURVE('',#3231,#3320,#364,.F.);
#4124=EDGE_CURVE('',#3320,#3321,#365,.T.);
#4125=EDGE_CURVE('',#3319,#3321,#366,.T.);
#4126=EDGE_CURVE('',#3320,#3093,#1757,.T.);
#4127=EDGE_CURVE('',#3091,#3322,#1758,.T.);
#4128=EDGE_CURVE('',#3322,#3047,#1759,.T.);
#4129=EDGE_CURVE('',#3251,#3323,#1760,.T.);
#4130=EDGE_CURVE('',#3323,#3324,#1761,.T.);
#4131=EDGE_CURVE('',#3324,#3322,#1762,.T.);
#4132=EDGE_CURVE('',#3257,#3325,#1763,.T.);
#4133=EDGE_CURVE('',#3323,#3325,#1764,.T.);
#4134=EDGE_CURVE('',#3263,#3268,#1765,.T.);
#4135=EDGE_CURVE('',#3326,#3273,#118,.T.);
#4136=EDGE_CURVE('',#3327,#3326,#1766,.T.);
#4137=EDGE_CURVE('',#3328,#3327,#1767,.T.);
#4138=EDGE_CURVE('',#3329,#3328,#1768,.T.);
#4139=EDGE_CURVE('',#3325,#3329,#367,.T.);
#4140=EDGE_CURVE('',#3330,#3276,#1769,.T.);
#4141=EDGE_CURVE('',#3330,#3331,#1770,.T.);
#4142=EDGE_CURVE('',#3331,#3326,#1771,.T.);
#4143=EDGE_CURVE('',#3281,#3332,#1772,.T.);
#4144=EDGE_CURVE('',#3332,#3330,#1773,.T.);
#4145=EDGE_CURVE('',#3280,#3333,#1774,.T.);
#4146=EDGE_CURVE('',#3333,#3332,#1775,.T.);
#4147=EDGE_CURVE('',#3286,#3334,#1776,.T.);
#4148=EDGE_CURVE('',#3334,#3335,#1777,.T.);
#4149=EDGE_CURVE('',#3335,#3333,#1778,.T.);
#4150=EDGE_CURVE('',#3336,#3337,#368,.T.);
#4151=EDGE_CURVE('',#3338,#3336,#1779,.T.);
#4152=EDGE_CURVE('',#3339,#3338,#369,.T.);
#4153=EDGE_CURVE('',#3340,#3339,#1780,.T.);
#4154=EDGE_CURVE('',#3223,#3340,#370,.T.);
#4155=EDGE_CURVE('',#3341,#3222,#371,.T.);
#4156=EDGE_CURVE('',#3342,#3341,#1781,.T.);
#4157=EDGE_CURVE('',#3343,#3342,#372,.T.);
#4158=EDGE_CURVE('',#3344,#3343,#1782,.T.);
#4159=EDGE_CURVE('',#3345,#3344,#373,.T.);
#4160=EDGE_CURVE('',#3337,#3345,#1783,.T.);
#4161=EDGE_CURVE('',#3346,#3346,#374,.T.);
#4162=EDGE_CURVE('',#3347,#3210,#375,.T.);
#4163=EDGE_CURVE('',#3348,#3347,#1784,.T.);
#4164=EDGE_CURVE('',#3349,#3348,#376,.T.);
#4165=EDGE_CURVE('',#3350,#3349,#1785,.T.);
#4166=EDGE_CURVE('',#3351,#3350,#377,.T.);
#4167=EDGE_CURVE('',#3352,#3351,#378,.T.);
#4168=EDGE_CURVE('',#3353,#3352,#1786,.T.);
#4169=EDGE_CURVE('',#3354,#3353,#379,.T.);
#4170=EDGE_CURVE('',#3355,#3354,#380,.T.);
#4171=EDGE_CURVE('',#3356,#3355,#1787,.T.);
#4172=EDGE_CURVE('',#3357,#3356,#381,.T.);
#4173=EDGE_CURVE('',#3358,#3357,#1788,.T.);
#4174=EDGE_CURVE('',#3211,#3358,#382,.T.);
#4175=EDGE_CURVE('',#3359,#3359,#383,.T.);
#4176=EDGE_CURVE('',#3205,#3360,#384,.T.);
#4177=EDGE_CURVE('',#3361,#3204,#385,.T.);
#4178=EDGE_CURVE('',#3362,#3361,#1789,.T.);
#4179=EDGE_CURVE('',#3363,#3362,#386,.T.);
#4180=EDGE_CURVE('',#3364,#3363,#1790,.T.);
#4181=EDGE_CURVE('',#3365,#3364,#1791,.T.);
#4182=EDGE_CURVE('',#3366,#3365,#387,.T.);
#4183=EDGE_CURVE('',#3367,#3366,#1792,.T.);
#4184=EDGE_CURVE('',#3368,#3367,#388,.T.);
#4185=EDGE_CURVE('',#3360,#3368,#1793,.T.);
#4186=EDGE_CURVE('',#3369,#3369,#389,.T.);
#4187=EDGE_CURVE('',#3370,#3371,#1794,.T.);
#4188=EDGE_CURVE('',#3372,#3370,#390,.T.);
#4189=EDGE_CURVE('',#3373,#3372,#391,.T.);
#4190=EDGE_CURVE('',#3374,#3373,#1795,.T.);
#4191=EDGE_CURVE('',#3375,#3374,#392,.T.);
#4192=EDGE_CURVE('',#3376,#3375,#1796,.T.);
#4193=EDGE_CURVE('',#3217,#3376,#393,.T.);
#4194=EDGE_CURVE('',#3377,#3216,#394,.T.);
#4195=EDGE_CURVE('',#3378,#3377,#1797,.T.);
#4196=EDGE_CURVE('',#3379,#3378,#395,.T.);
#4197=EDGE_CURVE('',#3380,#3379,#1798,.T.);
#4198=EDGE_CURVE('',#3381,#3380,#396,.T.);
#4199=EDGE_CURVE('',#3371,#3381,#397,.T.);
#4200=EDGE_CURVE('',#3382,#3382,#398,.T.);
#4201=EDGE_CURVE('',#3341,#3383,#1799,.T.);
#4202=EDGE_CURVE('',#3383,#3384,#1800,.T.);
#4203=EDGE_CURVE('',#3384,#3342,#1801,.T.);
#4204=EDGE_CURVE('',#3383,#3221,#399,.T.);
#4205=EDGE_CURVE('',#3385,#3340,#1802,.T.);
#4206=EDGE_CURVE('',#3385,#3224,#400,.T.);
#4207=EDGE_CURVE('',#3386,#3339,#1803,.T.);
#4208=EDGE_CURVE('',#3386,#3385,#1804,.T.);
#4209=EDGE_CURVE('',#3387,#3338,#1805,.T.);
#4210=EDGE_CURVE('',#3388,#3387,#119,.T.);
#4211=EDGE_CURVE('',#3388,#3386,#401,.T.);
#4212=EDGE_CURVE('',#3389,#3357,#1806,.T.);
#4213=EDGE_CURVE('',#3389,#3390,#1807,.T.);
#4214=EDGE_CURVE('',#3390,#3358,#1808,.T.);
#4215=EDGE_CURVE('',#3391,#3356,#1809,.T.);
#4216=EDGE_CURVE('',#3391,#3389,#402,.T.);
#4217=EDGE_CURVE('',#3392,#3354,#1810,.T.);
#4218=EDGE_CURVE('',#3392,#3393,#403,.T.);
#4219=EDGE_CURVE('',#3355,#3393,#1811,.T.);
#4220=EDGE_CURVE('',#3394,#3353,#1812,.F.);
#4221=EDGE_CURVE('',#3394,#3395,#404,.T.);
#4222=EDGE_CURVE('',#3395,#3396,#1813,.T.);
#4223=EDGE_CURVE('',#3392,#3396,#405,.T.);
#4224=EDGE_CURVE('',#3397,#3352,#1814,.T.);
#4225=EDGE_CURVE('',#3394,#3397,#1815,.T.);
#4226=EDGE_CURVE('',#3398,#3351,#1816,.T.);
#4227=EDGE_CURVE('',#3398,#3399,#406,.T.);
#4228=EDGE_CURVE('',#3399,#3400,#1817,.T.);
#4229=EDGE_CURVE('',#3397,#3400,#407,.F.);
#4230=EDGE_CURVE('',#3401,#3367,#1818,.T.);
#4231=EDGE_CURVE('',#3402,#3401,#408,.F.);
#4232=EDGE_CURVE('',#3368,#3402,#1819,.T.);
#4233=EDGE_CURVE('',#3366,#3403,#1820,.T.);
#4234=EDGE_CURVE('',#3403,#3401,#1821,.T.);
#4235=EDGE_CURVE('',#3404,#3365,#1822,.T.);
#4236=EDGE_CURVE('',#3403,#3404,#409,.F.);
#4237=EDGE_CURVE('',#3405,#3364,#1823,.T.);
#4238=EDGE_CURVE('',#3405,#3404,#1824,.T.);
#4239=EDGE_CURVE('',#3363,#3406,#1825,.T.);
#4240=EDGE_CURVE('',#3407,#3406,#1826,.T.);
#4241=EDGE_CURVE('',#3054,#3407,#1827,.T.);
#4242=EDGE_CURVE('',#3053,#3408,#1828,.T.);
#4243=EDGE_CURVE('',#3408,#3405,#410,.T.);
#4244=EDGE_CURVE('',#3215,#3409,#411,.T.);
#4245=EDGE_CURVE('',#3409,#3377,#1829,.T.);
#4246=EDGE_CURVE('',#3410,#3376,#1830,.T.);
#4247=EDGE_CURVE('',#3410,#3218,#412,.T.);
#4248=EDGE_CURVE('',#3393,#3411,#413,.T.);
#4249=EDGE_CURVE('',#3411,#3412,#1831,.T.);
#4250=EDGE_CURVE('',#3412,#3413,#414,.T.);
#4251=EDGE_CURVE('',#3413,#3380,#1832,.T.);
#4252=EDGE_CURVE('',#3414,#3379,#1833,.T.);
#4253=EDGE_CURVE('',#3414,#3391,#1834,.T.);
#4254=EDGE_CURVE('',#3375,#3415,#1835,.T.);
#4255=EDGE_CURVE('',#3415,#3410,#1836,.T.);
#4256=EDGE_CURVE('',#3416,#3374,#1837,.T.);
#4257=EDGE_CURVE('',#3415,#3416,#415,.F.);
#4258=EDGE_CURVE('',#3373,#3417,#1838,.T.);
#4259=EDGE_CURVE('',#3417,#3416,#1839,.T.);
#4260=EDGE_CURVE('',#3418,#3372,#1840,.T.);
#4261=EDGE_CURVE('',#3417,#3418,#416,.F.);
#4262=EDGE_CURVE('',#2994,#2997,#1841,.T.);
#4263=EDGE_CURVE('',#2997,#3419,#1842,.T.);
#4264=EDGE_CURVE('',#3419,#3420,#1843,.T.);
#4265=EDGE_CURVE('',#3420,#2994,#1844,.T.);
#4266=EDGE_CURVE('',#3421,#3422,#1845,.T.);
#4267=EDGE_CURVE('',#3421,#3419,#1846,.T.);
#4268=EDGE_CURVE('',#3422,#2996,#1847,.T.);
#4269=EDGE_CURVE('',#3423,#3421,#1848,.T.);
#4270=EDGE_CURVE('',#3424,#3423,#417,.T.);
#4271=EDGE_CURVE('',#3425,#3424,#1849,.T.);
#4272=EDGE_CURVE('',#3425,#3420,#1850,.T.);
#4273=EDGE_CURVE('',#3422,#3426,#1851,.T.);
#4274=EDGE_CURVE('',#3427,#2995,#1852,.T.);
#4275=EDGE_CURVE('',#3428,#3427,#1853,.T.);
#4276=EDGE_CURVE('',#3426,#3428,#418,.T.);
#4277=EDGE_CURVE('',#3427,#3425,#1854,.T.);
#4278=EDGE_CURVE('',#3428,#3424,#1855,.T.);
#4279=EDGE_CURVE('',#3423,#3429,#1856,.T.);
#4280=EDGE_CURVE('',#3429,#3430,#419,.T.);
#4281=EDGE_CURVE('',#3430,#3431,#1857,.T.);
#4282=EDGE_CURVE('',#3431,#3432,#420,.T.);
#4283=EDGE_CURVE('',#3432,#3426,#1858,.T.);
#4284=EDGE_CURVE('',#3068,#3065,#1859,.T.);
#4285=EDGE_CURVE('',#3068,#3433,#1860,.T.);
#4286=EDGE_CURVE('',#3433,#3434,#1861,.T.);
#4287=EDGE_CURVE('',#3434,#3065,#1862,.T.);
#4288=EDGE_CURVE('',#3435,#3067,#1863,.T.);
#4289=EDGE_CURVE('',#3436,#3435,#1864,.T.);
#4290=EDGE_CURVE('',#3436,#3433,#1865,.T.);
#4291=EDGE_CURVE('',#3437,#3066,#1866,.T.);
#4292=EDGE_CURVE('',#3438,#3437,#1867,.T.);
#4293=EDGE_CURVE('',#3435,#3438,#1868,.T.);
#4294=EDGE_CURVE('',#3439,#3434,#1869,.T.);
#4295=EDGE_CURVE('',#3437,#3439,#1870,.T.);
#4296=EDGE_CURVE('',#3440,#3436,#1871,.T.);
#4297=EDGE_CURVE('',#3439,#3440,#1872,.T.);
#4298=EDGE_CURVE('',#3440,#3438,#1873,.T.);
#4299=EDGE_CURVE('',#2998,#3001,#1874,.T.);
#4300=EDGE_CURVE('',#3001,#3441,#1875,.T.);
#4301=EDGE_CURVE('',#3441,#3442,#1876,.T.);
#4302=EDGE_CURVE('',#3442,#2998,#1877,.T.);
#4303=EDGE_CURVE('',#3443,#3444,#1878,.T.);
#4304=EDGE_CURVE('',#3443,#3000,#1879,.T.);
#4305=EDGE_CURVE('',#3444,#2999,#1880,.T.);
#4306=EDGE_CURVE('',#3445,#3443,#1881,.T.);
#4307=EDGE_CURVE('',#3445,#3441,#1882,.T.);
#4308=EDGE_CURVE('',#3444,#3446,#1883,.T.);
#4309=EDGE_CURVE('',#3446,#3442,#1884,.T.);
#4310=EDGE_CURVE('',#3446,#3445,#1885,.T.);
#4311=EDGE_CURVE('',#3064,#3061,#1886,.T.);
#4312=EDGE_CURVE('',#3064,#3447,#1887,.T.);
#4313=EDGE_CURVE('',#3447,#3448,#1888,.T.);
#4314=EDGE_CURVE('',#3448,#3061,#1889,.T.);
#4315=EDGE_CURVE('',#3449,#3063,#1890,.T.);
#4316=EDGE_CURVE('',#3450,#3449,#1891,.T.);
#4317=EDGE_CURVE('',#3450,#3447,#1892,.T.);
#4318=EDGE_CURVE('',#3451,#3062,#1893,.T.);
#4319=EDGE_CURVE('',#3449,#3451,#1894,.T.);
#4320=EDGE_CURVE('',#3452,#3448,#1895,.T.);
#4321=EDGE_CURVE('',#3451,#3452,#1896,.T.);
#4322=EDGE_CURVE('',#3452,#3450,#1897,.T.);
#4323=EDGE_CURVE('',#3453,#3454,#421,.T.);
#4324=EDGE_CURVE('',#3454,#3440,#1898,.T.);
#4325=EDGE_CURVE('',#3438,#3455,#1899,.T.);
#4326=EDGE_CURVE('',#3455,#3456,#422,.T.);
#4327=EDGE_CURVE('',#3456,#3453,#1900,.T.);
#4328=EDGE_CURVE('',#3457,#3455,#423,.T.);
#4329=EDGE_CURVE('',#3455,#3458,#1901,.T.);
#4330=EDGE_CURVE('',#3458,#3459,#120,.F.);
#4331=EDGE_CURVE('',#3459,#3457,#1902,.T.);
#4332=EDGE_CURVE('',#3457,#3456,#424,.T.);
#4333=EDGE_CURVE('',#3460,#3456,#1903,.T.);
#4334=EDGE_CURVE('',#3461,#3460,#1904,.T.);
#4335=EDGE_CURVE('',#3461,#3453,#1905,.T.);
#4336=EDGE_CURVE('',#3457,#3462,#1906,.T.);
#4337=EDGE_CURVE('',#3462,#3460,#425,.T.);
#4338=EDGE_CURVE('',#3058,#3459,#1907,.T.);
#4339=EDGE_CURVE('',#3463,#3057,#1908,.T.);
#4340=EDGE_CURVE('',#3464,#3463,#1909,.T.);
#4341=EDGE_CURVE('',#3005,#3464,#1910,.T.);
#4342=EDGE_CURVE('',#3465,#3004,#1911,.T.);
#4343=EDGE_CURVE('',#3466,#3465,#1912,.T.);
#4344=EDGE_CURVE('',#3467,#3466,#1913,.T.);
#4345=EDGE_CURVE('',#3468,#3467,#426,.T.);
#4346=EDGE_CURVE('',#3469,#3468,#1914,.T.);
#4347=EDGE_CURVE('',#3470,#3469,#427,.T.);
#4348=EDGE_CURVE('',#3471,#3470,#1915,.T.);
#4349=EDGE_CURVE('',#3472,#3471,#428,.T.);
#4350=EDGE_CURVE('',#3473,#3472,#1916,.T.);
#4351=EDGE_CURVE('',#3462,#3473,#429,.T.);
#4352=EDGE_CURVE('',#3432,#3466,#430,.T.);
#4353=EDGE_CURVE('',#3465,#3474,#121,.F.);
#4354=EDGE_CURVE('',#3474,#3432,#1917,.T.);
#4355=EDGE_CURVE('',#3431,#3466,#431,.T.);
#4356=EDGE_CURVE('',#3431,#3475,#1918,.T.);
#4357=EDGE_CURVE('',#3467,#3475,#432,.T.);
#4358=EDGE_CURVE('',#3430,#3476,#1919,.T.);
#4359=EDGE_CURVE('',#3476,#3475,#1920,.T.);
#4360=EDGE_CURVE('',#3477,#3478,#1921,.T.);
#4361=EDGE_CURVE('',#3479,#3478,#1922,.T.);
#4362=EDGE_CURVE('',#3479,#3480,#1923,.T.);
#4363=EDGE_CURVE('',#3480,#3477,#1924,.T.);
#4364=EDGE_CURVE('',#3481,#3482,#568,.T.);
#4365=EDGE_CURVE('',#3481,#3483,#569,.T.);
#4366=EDGE_CURVE('',#3483,#3484,#1925,.T.);
#4367=EDGE_CURVE('',#3484,#3482,#570,.T.);
#4368=EDGE_CURVE('',#3485,#3484,#571,.T.);
#4369=EDGE_CURVE('',#3483,#3486,#572,.T.);
#4370=EDGE_CURVE('',#3486,#3485,#573,.T.);
#4371=EDGE_CURVE('',#3480,#3485,#1926,.T.);
#4372=EDGE_CURVE('',#3487,#3486,#574,.T.);
#4373=EDGE_CURVE('',#3487,#3477,#1927,.T.);
#4374=EDGE_CURVE('',#3477,#3488,#1928,.T.);
#4375=EDGE_CURVE('',#3095,#3488,#1929,.T.);
#4376=EDGE_CURVE('',#3095,#3478,#1930,.T.);
#4377=EDGE_CURVE('',#3489,#3487,#575,.T.);
#4378=EDGE_CURVE('',#3490,#3489,#1931,.T.);
#4379=EDGE_CURVE('',#3491,#3490,#1932,.T.);
#4380=EDGE_CURVE('',#3492,#3491,#1933,.T.);
#4381=EDGE_CURVE('',#3493,#3492,#1934,.T.);
#4382=EDGE_CURVE('',#3494,#3493,#1935,.T.);
#4383=EDGE_CURVE('',#3494,#3495,#1936,.T.);
#4384=EDGE_CURVE('',#3496,#3495,#1937,.T.);
#4385=EDGE_CURVE('',#3497,#3496,#1938,.T.);
#4386=EDGE_CURVE('',#3498,#3497,#1939,.T.);
#4387=EDGE_CURVE('',#3499,#3498,#1940,.T.);
#4388=EDGE_CURVE('',#3500,#3499,#1941,.T.);
#4389=EDGE_CURVE('',#3501,#3500,#1942,.T.);
#4390=EDGE_CURVE('',#3488,#3501,#1943,.T.);
#4391=EDGE_CURVE('',#3502,#3483,#576,.T.);
#4392=EDGE_CURVE('',#3502,#3489,#1944,.T.);
#4393=EDGE_CURVE('',#3095,#3020,#1945,.T.);
#4394=EDGE_CURVE('',#3021,#3020,#1946,.T.);
#4395=EDGE_CURVE('',#3021,#3503,#1947,.T.);
#4396=EDGE_CURVE('',#3503,#3504,#1948,.T.);
#4397=EDGE_CURVE('',#3504,#3505,#1949,.T.);
#4398=EDGE_CURVE('',#3505,#3506,#1950,.T.);
#4399=EDGE_CURVE('',#2992,#3506,#433,.F.);
#4400=EDGE_CURVE('',#2991,#3507,#1951,.T.);
#4401=EDGE_CURVE('',#3507,#3508,#1952,.T.);
#4402=EDGE_CURVE('',#3508,#3509,#1953,.T.);
#4403=EDGE_CURVE('',#3509,#3510,#1954,.T.);
#4404=EDGE_CURVE('',#3510,#3511,#1955,.T.);
#4405=EDGE_CURVE('',#3511,#3512,#1956,.T.);
#4406=EDGE_CURVE('',#3512,#3513,#1957,.T.);
#4407=EDGE_CURVE('',#3513,#3514,#1958,.T.);
#4408=EDGE_CURVE('',#3514,#3515,#1959,.T.);
#4409=EDGE_CURVE('',#3515,#3516,#1960,.T.);
#4410=EDGE_CURVE('',#3516,#3517,#1961,.T.);
#4411=EDGE_CURVE('',#3517,#3518,#1962,.T.);
#4412=EDGE_CURVE('',#3518,#3519,#1963,.T.);
#4413=EDGE_CURVE('',#3519,#3520,#1964,.T.);
#4414=EDGE_CURVE('',#3520,#3521,#1965,.T.);
#4415=EDGE_CURVE('',#3521,#3522,#1966,.T.);
#4416=EDGE_CURVE('',#3522,#3523,#1967,.T.);
#4417=EDGE_CURVE('',#3523,#3071,#1968,.T.);
#4418=EDGE_CURVE('',#3070,#3524,#434,.T.);
#4419=EDGE_CURVE('',#3524,#3525,#1969,.T.);
#4420=EDGE_CURVE('',#3525,#3526,#1970,.T.);
#4421=EDGE_CURVE('',#3526,#3527,#1971,.T.);
#4422=EDGE_CURVE('',#3527,#3481,#255,.T.);
#4423=EDGE_CURVE('',#3479,#3482,#1972,.T.);
#4424=EDGE_CURVE('',#3527,#3502,#1973,.T.);
#4425=EDGE_CURVE('',#3492,#3524,#1974,.T.);
#4426=EDGE_CURVE('',#3069,#3492,#122,.T.);
#4427=EDGE_CURVE('',#3493,#3060,#435,.T.);
#4428=EDGE_CURVE('',#3525,#3491,#1975,.T.);
#4429=EDGE_CURVE('',#2993,#3528,#123,.T.);
#4430=EDGE_CURVE('',#3506,#3528,#1976,.T.);
#4431=EDGE_CURVE('',#3496,#3002,#436,.F.);
#4432=EDGE_CURVE('',#3528,#3529,#1977,.F.);
#4433=EDGE_CURVE('',#3497,#3529,#124,.T.);
#4434=EDGE_CURVE('',#3530,#3531,#125,.T.);
#4435=EDGE_CURVE('',#3531,#3532,#1978,.T.);
#4436=EDGE_CURVE('',#3532,#3533,#1979,.T.);
#4437=EDGE_CURVE('',#3533,#3530,#1980,.T.);
#4438=EDGE_CURVE('',#3534,#3535,#1981,.T.);
#4439=EDGE_CURVE('',#3535,#3533,#437,.T.);
#4440=EDGE_CURVE('',#3532,#3534,#438,.T.);
#4441=EDGE_CURVE('',#3536,#3537,#1982,.T.);
#4442=EDGE_CURVE('',#3537,#3535,#1983,.T.);
#4443=EDGE_CURVE('',#3534,#3536,#1984,.T.);
#4444=EDGE_CURVE('',#3538,#3539,#1985,.T.);
#4445=EDGE_CURVE('',#3539,#3537,#439,.T.);
#4446=EDGE_CURVE('',#3536,#3538,#440,.T.);
#4447=EDGE_CURVE('',#3540,#3541,#126,.T.);
#4448=EDGE_CURVE('',#3541,#3539,#1986,.T.);
#4449=EDGE_CURVE('',#3538,#3540,#1987,.T.);
#4450=EDGE_CURVE('',#3134,#3542,#127,.T.);
#4451=EDGE_CURVE('',#3542,#3543,#1988,.T.);
#4452=EDGE_CURVE('',#3543,#3135,#1989,.T.);
#4453=EDGE_CURVE('',#3544,#3136,#1990,.T.);
#4454=EDGE_CURVE('',#3543,#3544,#441,.T.);
#4455=EDGE_CURVE('',#3545,#3137,#1991,.T.);
#4456=EDGE_CURVE('',#3544,#3545,#1992,.T.);
#4457=EDGE_CURVE('',#3546,#3133,#1993,.T.);
#4458=EDGE_CURVE('',#3545,#3546,#442,.T.);
#4459=EDGE_CURVE('',#3547,#3132,#128,.T.);
#4460=EDGE_CURVE('',#3546,#3547,#1994,.T.);
#4461=EDGE_CURVE('',#3530,#3541,#443,.T.);
#4462=EDGE_CURVE('',#3531,#3540,#444,.T.);
#4463=EDGE_CURVE('',#3122,#3548,#1995,.T.);
#4464=EDGE_CURVE('',#3548,#3549,#1996,.T.);
#4465=EDGE_CURVE('',#3549,#3550,#1997,.T.);
#4466=EDGE_CURVE('',#3550,#3122,#1998,.T.);
#4467=EDGE_CURVE('',#3550,#3551,#1999,.T.);
#4468=EDGE_CURVE('',#3551,#3123,#2000,.F.);
#4469=EDGE_CURVE('',#3552,#3553,#2001,.T.);
#4470=EDGE_CURVE('',#3553,#3554,#577,.T.);
#4471=EDGE_CURVE('',#3554,#3463,#2002,.T.);
#4472=EDGE_CURVE('',#3463,#3552,#578,.T.);
#4473=EDGE_CURVE('',#3555,#3464,#2003,.T.);
#4474=EDGE_CURVE('',#3554,#3555,#2004,.T.);
#4475=EDGE_CURVE('',#3556,#3557,#2005,.T.);
#4476=EDGE_CURVE('',#3557,#3464,#579,.T.);
#4477=EDGE_CURVE('',#3555,#3556,#580,.T.);
#4478=EDGE_CURVE('',#3552,#3549,#581,.T.);
#4479=EDGE_CURVE('',#3548,#3553,#582,.T.);
#4480=EDGE_CURVE('',#3120,#3558,#2006,.F.);
#4481=EDGE_CURVE('',#3558,#3559,#2007,.T.);
#4482=EDGE_CURVE('',#3559,#3121,#2008,.T.);
#4483=EDGE_CURVE('',#3559,#3560,#2009,.T.);
#4484=EDGE_CURVE('',#3560,#3561,#2010,.T.);
#4485=EDGE_CURVE('',#3561,#3121,#2011,.T.);
#4486=EDGE_CURVE('',#3560,#3557,#583,.T.);
#4487=EDGE_CURVE('',#3556,#3561,#584,.T.);
#4488=EDGE_CURVE('',#3056,#3552,#2012,.T.);
#4489=EDGE_CURVE('',#3562,#3055,#2013,.T.);
#4490=EDGE_CURVE('',#3551,#3562,#2014,.T.);
#4491=EDGE_CURVE('',#3557,#3006,#2015,.T.);
#4492=EDGE_CURVE('',#3563,#3558,#2016,.T.);
#4493=EDGE_CURVE('',#3007,#3563,#2017,.T.);
#4494=EDGE_CURVE('',#3407,#3562,#129,.T.);
#4495=EDGE_CURVE('',#3563,#3564,#130,.T.);
#4496=EDGE_CURVE('',#3564,#3008,#2018,.T.);
#4497=EDGE_CURVE('',#3336,#3565,#2019,.T.);
#4498=EDGE_CURVE('',#3565,#3566,#445,.T.);
#4499=EDGE_CURVE('',#3567,#3566,#2020,.T.);
#4500=EDGE_CURVE('',#3568,#3567,#2021,.T.);
#4501=EDGE_CURVE('',#3569,#3568,#2022,.T.);
#4502=EDGE_CURVE('',#2988,#3569,#2023,.T.);
#4503=EDGE_CURVE('',#3387,#3564,#2024,.T.);
#4504=EDGE_CURVE('',#3406,#3570,#131,.T.);
#4505=EDGE_CURVE('',#3570,#3124,#256,.T.);
#4506=EDGE_CURVE('',#3003,#3474,#2025,.T.);
#4507=EDGE_CURVE('',#3458,#3059,#2026,.T.);
#4508=EDGE_CURVE('',#3473,#3571,#446,.T.);
#4509=EDGE_CURVE('',#3571,#3460,#447,.T.);
#4510=EDGE_CURVE('',#3472,#3572,#448,.T.);
#4511=EDGE_CURVE('',#3572,#3571,#2027,.T.);
#4512=EDGE_CURVE('',#3471,#3573,#449,.T.);
#4513=EDGE_CURVE('',#3573,#3572,#450,.T.);
#4514=EDGE_CURVE('',#3470,#3574,#451,.T.);
#4515=EDGE_CURVE('',#3574,#3573,#2028,.T.);
#4516=EDGE_CURVE('',#3469,#3575,#452,.T.);
#4517=EDGE_CURVE('',#3575,#3574,#453,.T.);
#4518=EDGE_CURVE('',#3468,#3576,#454,.T.);
#4519=EDGE_CURVE('',#3576,#3575,#2029,.T.);
#4520=EDGE_CURVE('',#3475,#3576,#455,.T.);
#4521=EDGE_CURVE('',#3577,#3454,#2030,.T.);
#4522=EDGE_CURVE('',#3577,#3458,#2031,.T.);
#4523=EDGE_CURVE('',#3578,#3576,#2032,.T.);
#4524=EDGE_CURVE('',#3578,#3579,#2033,.T.);
#4525=EDGE_CURVE('',#3579,#3575,#2034,.T.);
#4526=EDGE_CURVE('',#3578,#3476,#456,.T.);
#4527=EDGE_CURVE('',#3580,#3474,#2035,.T.);
#4528=EDGE_CURVE('',#3580,#3429,#2036,.T.);
#4529=EDGE_CURVE('',#3495,#3580,#2037,.T.);
#4530=EDGE_CURVE('',#3577,#3494,#2038,.T.);
#4531=EDGE_CURVE('',#3581,#3571,#2039,.T.);
#4532=EDGE_CURVE('',#3461,#3581,#457,.T.);
#4533=EDGE_CURVE('',#3582,#3572,#2040,.T.);
#4534=EDGE_CURVE('',#3582,#3581,#2041,.T.);
#4535=EDGE_CURVE('',#3583,#3573,#2042,.T.);
#4536=EDGE_CURVE('',#3582,#3583,#458,.T.);
#4537=EDGE_CURVE('',#3584,#3574,#2043,.T.);
#4538=EDGE_CURVE('',#3584,#3583,#2044,.T.);
#4539=EDGE_CURVE('',#3584,#3579,#459,.T.);
#4540=EDGE_CURVE('',#3505,#3529,#2045,.T.);
#4541=EDGE_CURVE('',#3504,#3498,#2046,.T.);
#4542=EDGE_CURVE('',#3503,#3499,#2047,.T.);
#4543=EDGE_CURVE('',#3021,#3500,#2048,.T.);
#4544=EDGE_CURVE('',#3020,#3501,#2049,.T.);
#4545=EDGE_CURVE('',#3526,#3527,#2050,.T.);
#4546=EDGE_CURVE('',#3526,#3490,#2051,.T.);
#4547=EDGE_CURVE('',#3526,#3307,#2052,.T.);
#4548=EDGE_CURVE('',#3044,#3527,#2053,.T.);
#4549=EDGE_CURVE('',#3585,#3527,#585,.T.);
#4550=EDGE_CURVE('',#3075,#3585,#586,.T.);
#4551=EDGE_CURVE('',#3119,#3388,#257,.T.);
#4552=EDGE_CURVE('',#3078,#3586,#460,.T.);
#4553=EDGE_CURVE('',#3586,#3587,#461,.T.);
#4554=EDGE_CURVE('',#3587,#3588,#2054,.T.);
#4555=EDGE_CURVE('',#3588,#3589,#462,.T.);
#4556=EDGE_CURVE('',#3589,#3590,#2055,.T.);
#4557=EDGE_CURVE('',#3590,#3591,#463,.T.);
#4558=EDGE_CURVE('',#3400,#3591,#2056,.T.);
#4559=EDGE_CURVE('',#3592,#3399,#587,.T.);
#4560=EDGE_CURVE('',#3593,#3592,#588,.T.);
#4561=EDGE_CURVE('',#3594,#3593,#132,.T.);
#4562=EDGE_CURVE('',#3595,#3594,#2057,.T.);
#4563=EDGE_CURVE('',#3596,#3595,#133,.T.);
#4564=EDGE_CURVE('',#3597,#3596,#589,.T.);
#4565=EDGE_CURVE('',#3408,#3597,#2058,.T.);
#4566=EDGE_CURVE('',#3598,#3076,#2059,.T.);
#4567=EDGE_CURVE('',#3080,#3598,#464,.T.);
#4568=EDGE_CURVE('',#3526,#3585,#465,.T.);
#4569=EDGE_CURVE('',#3599,#3306,#2060,.T.);
#4570=EDGE_CURVE('',#3599,#3598,#2061,.T.);
#4571=EDGE_CURVE('',#3072,#3335,#2062,.T.);
#4572=EDGE_CURVE('',#3334,#3600,#2063,.T.);
#4573=EDGE_CURVE('',#3600,#3599,#466,.T.);
#4574=EDGE_CURVE('',#3601,#3602,#2064,.T.);
#4575=EDGE_CURVE('',#3603,#3601,#2065,.T.);
#4576=EDGE_CURVE('',#3604,#3603,#2066,.T.);
#4577=EDGE_CURVE('',#3605,#3604,#2067,.T.);
#4578=EDGE_CURVE('',#3606,#3605,#2068,.T.);
#4579=EDGE_CURVE('',#3602,#3606,#2069,.T.);
#4580=EDGE_CURVE('',#3607,#3608,#2070,.T.);
#4581=EDGE_CURVE('',#3515,#3607,#2071,.T.);
#4582=EDGE_CURVE('',#3514,#3606,#2072,.T.);
#4583=EDGE_CURVE('',#3327,#3605,#2073,.T.);
#4584=EDGE_CURVE('',#3608,#3327,#2074,.T.);
#4585=EDGE_CURVE('',#3586,#3261,#590,.T.);
#4586=EDGE_CURVE('',#3290,#3609,#2075,.T.);
#4587=EDGE_CURVE('',#3609,#3610,#134,.T.);
#4588=EDGE_CURVE('',#3610,#3611,#2076,.T.);
#4589=EDGE_CURVE('',#3239,#3611,#2077,.T.);
#4590=EDGE_CURVE('',#3612,#3314,#135,.T.);
#4591=EDGE_CURVE('',#3613,#3612,#591,.T.);
#4592=EDGE_CURVE('',#3614,#3613,#592,.T.);
#4593=EDGE_CURVE('',#3615,#3614,#2078,.T.);
#4594=EDGE_CURVE('',#3616,#3615,#2079,.T.);
#4595=EDGE_CURVE('',#3616,#3617,#467,.T.);
#4596=EDGE_CURVE('',#3617,#3618,#2080,.T.);
#4597=EDGE_CURVE('',#3618,#3619,#468,.T.);
#4598=EDGE_CURVE('',#3619,#3294,#2081,.T.);
#4599=EDGE_CURVE('',#3404,#3597,#469,.T.);
#4600=EDGE_CURVE('',#3596,#3403,#470,.T.);
#4601=EDGE_CURVE('',#3620,#3595,#2082,.T.);
#4602=EDGE_CURVE('',#3401,#3620,#471,.T.);
#4603=EDGE_CURVE('',#3594,#3621,#2083,.T.);
#4604=EDGE_CURVE('',#3621,#3622,#472,.T.);
#4605=EDGE_CURVE('',#3622,#3623,#2084,.T.);
#4606=EDGE_CURVE('',#3623,#3624,#2085,.T.);
#4607=EDGE_CURVE('',#3624,#3625,#2086,.T.);
#4608=EDGE_CURVE('',#3625,#3620,#473,.T.);
#4609=EDGE_CURVE('',#3084,#3587,#474,.T.);
#4610=EDGE_CURVE('',#3282,#3600,#2087,.T.);
#4611=EDGE_CURVE('',#3591,#3626,#593,.T.);
#4612=EDGE_CURVE('',#3590,#3627,#475,.T.);
#4613=EDGE_CURVE('',#3627,#3626,#476,.F.);
#4614=EDGE_CURVE('',#3626,#3628,#2088,.T.);
#4615=EDGE_CURVE('',#3629,#3627,#2089,.T.);
#4616=EDGE_CURVE('',#3628,#3629,#477,.F.);
#4617=EDGE_CURVE('',#3628,#3616,#594,.T.);
#4618=EDGE_CURVE('',#3629,#3617,#478,.T.);
#4619=EDGE_CURVE('',#3610,#3630,#2090,.T.);
#4620=EDGE_CURVE('',#3631,#3630,#2091,.T.);
#4621=EDGE_CURVE('',#3632,#3631,#2092,.T.);
#4622=EDGE_CURVE('',#3633,#3632,#2093,.T.);
#4623=EDGE_CURVE('',#3634,#3633,#2094,.T.);
#4624=EDGE_CURVE('',#3635,#3634,#2095,.T.);
#4625=EDGE_CURVE('',#3635,#3636,#2096,.T.);
#4626=EDGE_CURVE('',#3636,#3629,#2097,.T.);
#4627=EDGE_CURVE('',#3627,#3637,#2098,.T.);
#4628=EDGE_CURVE('',#3637,#3638,#2099,.T.);
#4629=EDGE_CURVE('',#3639,#3638,#2100,.T.);
#4630=EDGE_CURVE('',#3640,#3639,#2101,.T.);
#4631=EDGE_CURVE('',#3641,#3640,#2102,.T.);
#4632=EDGE_CURVE('',#3611,#3641,#2103,.T.);
#4633=EDGE_CURVE('',#3642,#3643,#479,.T.);
#4634=EDGE_CURVE('',#3644,#3642,#2104,.T.);
#4635=EDGE_CURVE('',#3643,#3644,#2105,.T.);
#4636=EDGE_CURVE('',#3645,#3288,#2106,.T.);
#4637=EDGE_CURVE('',#3645,#3609,#2107,.T.);
#4638=EDGE_CURVE('',#3630,#3645,#480,.T.);
#4639=EDGE_CURVE('',#3637,#3589,#481,.T.);
#4640=EDGE_CURVE('',#3588,#3646,#482,.T.);
#4641=EDGE_CURVE('',#3646,#3637,#483,.F.);
#4642=EDGE_CURVE('',#3638,#3647,#484,.T.);
#4643=EDGE_CURVE('',#3647,#3646,#2108,.T.);
#4644=EDGE_CURVE('',#3646,#3291,#2109,.T.);
#4645=EDGE_CURVE('',#3618,#3636,#485,.T.);
#4646=EDGE_CURVE('',#3636,#3648,#486,.F.);
#4647=EDGE_CURVE('',#3648,#3619,#487,.T.);
#4648=EDGE_CURVE('',#3296,#3648,#2110,.T.);
#4649=EDGE_CURVE('',#3649,#3635,#136,.T.);
#4650=EDGE_CURVE('',#3648,#3649,#2111,.T.);
#4651=EDGE_CURVE('',#3647,#3293,#2112,.T.);
#4652=EDGE_CURVE('',#3634,#3301,#2113,.T.);
#4653=EDGE_CURVE('',#3633,#3302,#2114,.T.);
#4654=EDGE_CURVE('',#3632,#3303,#2115,.T.);
#4655=EDGE_CURVE('',#3631,#3304,#2116,.T.);
#4656=EDGE_CURVE('',#3297,#3649,#2117,.T.);
#4657=EDGE_CURVE('',#3639,#3243,#2118,.T.);
#4658=EDGE_CURVE('',#3641,#3241,#2119,.T.);
#4659=EDGE_CURVE('',#3640,#3242,#2120,.T.);
#4660=EDGE_CURVE('',#3398,#3592,#595,.T.);
#4661=EDGE_CURVE('',#3398,#3650,#488,.F.);
#4662=EDGE_CURVE('',#3650,#3593,#489,.T.);
#4663=EDGE_CURVE('',#3651,#3615,#490,.T.);
#4664=EDGE_CURVE('',#3652,#3651,#2121,.F.);
#4665=EDGE_CURVE('',#3652,#3653,#491,.F.);
#4666=EDGE_CURVE('',#3653,#3395,#2122,.T.);
#4667=EDGE_CURVE('',#3651,#3370,#2123,.F.);
#4668=EDGE_CURVE('',#3418,#3614,#492,.T.);
#4669=EDGE_CURVE('',#3654,#3643,#2124,.T.);
#4670=EDGE_CURVE('',#3654,#3655,#493,.T.);
#4671=EDGE_CURVE('',#3655,#3642,#2125,.T.);
#4672=EDGE_CURVE('',#3656,#3644,#2126,.T.);
#4673=EDGE_CURVE('',#3654,#3656,#2127,.T.);
#4674=EDGE_CURVE('',#3516,#3607,#137,.T.);
#4675=EDGE_CURVE('',#3328,#3604,#2128,.T.);
#4676=EDGE_CURVE('',#3511,#3603,#2129,.T.);
#4677=EDGE_CURVE('',#3512,#3601,#2130,.T.);
#4678=EDGE_CURVE('',#3328,#3510,#2131,.T.);
#4679=EDGE_CURVE('',#3513,#3602,#2132,.T.);
#4680=EDGE_CURVE('',#3509,#3657,#2133,.T.);
#4681=EDGE_CURVE('',#3329,#3657,#2134,.T.);
#4682=EDGE_CURVE('',#3186,#3189,#2135,.T.);
#4683=EDGE_CURVE('',#3182,#3185,#2136,.T.);
#4684=EDGE_CURVE('',#3190,#3181,#2137,.T.);
#4685=EDGE_CURVE('',#3658,#3658,#494,.T.);
#4686=EDGE_CURVE('',#3183,#3184,#2138,.T.);
#4687=EDGE_CURVE('',#3659,#3659,#495,.T.);
#4688=EDGE_CURVE('',#3660,#3660,#496,.T.);
#4689=EDGE_CURVE('',#3661,#3661,#497,.T.);
#4690=EDGE_CURVE('',#3661,#3660,#2139,.T.);
#4691=EDGE_CURVE('',#3144,#3147,#2140,.T.);
#4692=EDGE_CURVE('',#3140,#3143,#2141,.T.);
#4693=EDGE_CURVE('',#3148,#3139,#2142,.T.);
#4694=EDGE_CURVE('',#3141,#3142,#2143,.T.);
#4695=EDGE_CURVE('',#3172,#3175,#2144,.T.);
#4696=EDGE_CURVE('',#3168,#3171,#2145,.T.);
#4697=EDGE_CURVE('',#3176,#3167,#2146,.T.);
#4698=EDGE_CURVE('',#3662,#3662,#498,.T.);
#4699=EDGE_CURVE('',#3169,#3170,#2147,.T.);
#4700=EDGE_CURVE('',#3663,#3663,#499,.T.);
#4701=EDGE_CURVE('',#3664,#3664,#500,.T.);
#4702=EDGE_CURVE('',#3665,#3665,#501,.T.);
#4703=EDGE_CURVE('',#3665,#3664,#2148,.T.);
#4704=EDGE_CURVE('',#3158,#3161,#2149,.T.);
#4705=EDGE_CURVE('',#3154,#3157,#2150,.T.);
#4706=EDGE_CURVE('',#3162,#3153,#2151,.T.);
#4707=EDGE_CURVE('',#3155,#3156,#2152,.T.);
#4708=EDGE_CURVE('',#3159,#3160,#2153,.T.);
#4709=EDGE_CURVE('',#3145,#3146,#2154,.T.);
#4710=EDGE_CURVE('',#3173,#3174,#2155,.T.);
#4711=EDGE_CURVE('',#3187,#3188,#2156,.T.);
#4712=EDGE_CURVE('',#3163,#3165,#2157,.T.);
#4713=EDGE_CURVE('',#3149,#3151,#2158,.T.);
#4714=EDGE_CURVE('',#3191,#3193,#2159,.T.);
#4715=EDGE_CURVE('',#3177,#3179,#2160,.T.);
#4716=EDGE_CURVE('',#3666,#3666,#502,.T.);
#4717=EDGE_CURVE('',#3666,#3667,#2161,.T.);
#4718=EDGE_CURVE('',#3667,#3667,#503,.T.);
#4719=EDGE_CURVE('',#3331,#3519,#2162,.T.);
#4720=EDGE_CURVE('',#3330,#3520,#2163,.T.);
#4721=EDGE_CURVE('',#3335,#3523,#2164,.T.);
#4722=EDGE_CURVE('',#3333,#3522,#2165,.T.);
#4723=EDGE_CURVE('',#3332,#3521,#2166,.T.);
#4724=EDGE_CURVE('',#3657,#3324,#2167,.T.);
#4725=EDGE_CURVE('',#3324,#3508,#2168,.T.);
#4726=EDGE_CURVE('',#3322,#3507,#2169,.T.);
#4727=EDGE_CURVE('',#3518,#3331,#2170,.T.);
#4728=EDGE_CURVE('',#3608,#3517,#504,.T.);
#4729=EDGE_CURVE('',#3656,#3655,#2171,.T.);
#4730=EDGE_CURVE('',#3668,#3669,#505,.T.);
#4731=EDGE_CURVE('',#3670,#3668,#2172,.T.);
#4732=EDGE_CURVE('',#3669,#3670,#2173,.T.);
#4733=EDGE_CURVE('',#3671,#3672,#2174,.T.);
#4734=EDGE_CURVE('',#3671,#3670,#2175,.T.);
#4735=EDGE_CURVE('',#3672,#3668,#2176,.T.);
#4736=EDGE_CURVE('',#3673,#3671,#2177,.T.);
#4737=EDGE_CURVE('',#3673,#3669,#2178,.T.);
#4738=EDGE_CURVE('',#3672,#3673,#506,.T.);
#4739=EDGE_CURVE('',#3020,#3048,#138,.T.);
#4740=EDGE_CURVE('',#3613,#3418,#596,.T.);
#4741=EDGE_CURVE('',#3612,#3417,#507,.T.);
#4742=EDGE_CURVE('',#3650,#3350,#2179,.T.);
#4743=EDGE_CURVE('',#3674,#3381,#2180,.T.);
#4744=EDGE_CURVE('',#3674,#3675,#508,.T.);
#4745=EDGE_CURVE('',#3675,#3653,#2181,.T.);
#4746=EDGE_CURVE('',#3652,#3371,#2182,.T.);
#4747=EDGE_CURVE('',#3676,#3677,#509,.T.);
#4748=EDGE_CURVE('',#3677,#3675,#510,.T.);
#4749=EDGE_CURVE('',#3674,#3676,#511,.T.);
#4750=EDGE_CURVE('',#3678,#3679,#512,.T.);
#4751=EDGE_CURVE('',#3679,#3677,#2183,.T.);
#4752=EDGE_CURVE('',#3676,#3678,#2184,.T.);
#4753=EDGE_CURVE('',#3396,#3679,#513,.T.);
#4754=EDGE_CURVE('',#3678,#3392,#514,.T.);
#4755=EDGE_CURVE('',#3678,#3411,#515,.T.);
#4756=EDGE_CURVE('',#3676,#3412,#516,.T.);
#4757=EDGE_CURVE('',#3674,#3413,#517,.T.);
#4758=EDGE_CURVE('',#3049,#3021,#518,.T.);
#4759=EDGE_CURVE('',#3321,#2985,#2185,.T.);
#4760=EDGE_CURVE('',#2979,#3320,#2186,.T.);
#4761=EDGE_CURVE('',#3680,#3569,#2187,.T.);
#4762=EDGE_CURVE('',#3681,#3680,#597,.T.);
#4763=EDGE_CURVE('',#3682,#3681,#2188,.T.);
#4764=EDGE_CURVE('',#3316,#3682,#598,.T.);
#4765=EDGE_CURVE('',#3598,#3300,#519,.F.);
#4766=EDGE_CURVE('',#3683,#3680,#599,.F.);
#4767=EDGE_CURVE('',#3683,#3684,#600,.T.);
#4768=EDGE_CURVE('',#3684,#3566,#601,.T.);
#4769=EDGE_CURVE('',#3685,#3565,#520,.T.);
#4770=EDGE_CURVE('',#3681,#3685,#521,.T.);
#4771=EDGE_CURVE('',#3568,#3683,#2189,.T.);
#4772=EDGE_CURVE('',#3684,#3567,#2190,.T.);
#4773=EDGE_CURVE('',#3542,#3547,#522,.T.);
#4774=EDGE_CURVE('',#3686,#3686,#523,.T.);
#4775=EDGE_CURVE('',#3685,#3337,#2191,.T.);
#4776=EDGE_CURVE('',#3345,#3687,#2192,.T.);
#4777=EDGE_CURVE('',#3685,#3687,#2193,.T.);
#4778=EDGE_CURVE('',#3682,#3687,#524,.T.);
#4779=EDGE_CURVE('',#3686,#3688,#2194,.T.);
#4780=EDGE_CURVE('',#3688,#3688,#525,.T.);
#4781=EDGE_CURVE('',#3382,#3662,#2195,.T.);
#4782=EDGE_CURVE('',#3359,#3663,#2196,.T.);
#4783=EDGE_CURVE('',#3346,#3658,#2197,.T.);
#4784=EDGE_CURVE('',#3369,#3659,#2198,.T.);
#4785=EDGE_CURVE('',#3107,#3689,#2199,.T.);
#4786=EDGE_CURVE('',#3414,#3106,#2200,.T.);
#4787=EDGE_CURVE('',#3689,#3414,#526,.T.);
#4788=EDGE_CURVE('',#3409,#3689,#2201,.T.);
#4789=EDGE_CURVE('',#3108,#3409,#2202,.T.);
#4790=EDGE_CURVE('',#3116,#3224,#2203,.T.);
#4791=EDGE_CURVE('',#3117,#3385,#2204,.T.);
#4792=EDGE_CURVE('',#3118,#3386,#2205,.T.);
#4793=EDGE_CURVE('',#3690,#3570,#527,.T.);
#4794=EDGE_CURVE('',#3125,#3690,#2206,.T.);
#4795=EDGE_CURVE('',#3691,#3690,#2207,.T.);
#4796=EDGE_CURVE('',#3126,#3691,#2208,.T.);
#4797=EDGE_CURVE('',#3203,#3691,#528,.T.);
#4798=EDGE_CURVE('',#3102,#3212,#2209,.T.);
#4799=EDGE_CURVE('',#3103,#3390,#2210,.T.);
#4800=EDGE_CURVE('',#3390,#3212,#529,.T.);
#4801=EDGE_CURVE('',#3104,#3389,#2211,.T.);
#4802=EDGE_CURVE('',#3105,#3391,#2212,.T.);
#4803=EDGE_CURVE('',#3691,#3361,#2213,.T.);
#4804=EDGE_CURVE('',#3690,#3362,#2214,.T.);
#4805=EDGE_CURVE('',#3689,#3378,#2215,.T.);
#4806=EDGE_CURVE('',#3692,#3360,#2216,.T.);
#4807=EDGE_CURVE('',#3206,#3692,#530,.T.);
#4808=EDGE_CURVE('',#3207,#3624,#531,.T.);
#4809=EDGE_CURVE('',#3624,#3692,#532,.T.);
#4810=EDGE_CURVE('',#3208,#3623,#533,.T.);
#4811=EDGE_CURVE('',#3209,#3693,#534,.T.);
#4812=EDGE_CURVE('',#3693,#3623,#535,.T.);
#4813=EDGE_CURVE('',#3347,#3693,#2217,.T.);
#4814=EDGE_CURVE('',#3402,#3692,#2218,.T.);
#4815=EDGE_CURVE('',#3625,#3402,#536,.T.);
#4816=EDGE_CURVE('',#3694,#3622,#537,.T.);
#4817=EDGE_CURVE('',#3693,#3694,#2219,.T.);
#4818=EDGE_CURVE('',#3694,#3348,#2220,.T.);
#4819=EDGE_CURVE('',#3310,#3220,#538,.T.);
#4820=EDGE_CURVE('',#3383,#3310,#539,.T.);
#4821=EDGE_CURVE('',#3311,#3219,#540,.T.);
#4822=EDGE_CURVE('',#3311,#3410,#541,.T.);
#4823=EDGE_CURVE('',#3312,#3415,#542,.T.);
#4824=EDGE_CURVE('',#3416,#3313,#543,.T.);
#4825=EDGE_CURVE('',#3621,#3695,#544,.T.);
#4826=EDGE_CURVE('',#3695,#3694,#545,.F.);
#4827=EDGE_CURVE('',#3349,#3695,#2221,.T.);
#4828=EDGE_CURVE('',#3695,#3650,#2222,.T.);
#4829=EDGE_CURVE('',#3687,#3317,#546,.F.);
#4830=EDGE_CURVE('',#3318,#3384,#547,.F.);
#4831=EDGE_CURVE('',#3384,#3309,#548,.T.);
#4832=EDGE_CURVE('',#3343,#3318,#2223,.T.);
#4833=EDGE_CURVE('',#3317,#3344,#2224,.T.);
#4834=ORIENTED_EDGE('',*,*,#3696,.T.);
#4835=ORIENTED_EDGE('',*,*,#3697,.F.);
#4836=ORIENTED_EDGE('',*,*,#3698,.F.);
#4837=ORIENTED_EDGE('',*,*,#3699,.F.);
#4838=ORIENTED_EDGE('',*,*,#3699,.T.);
#4839=ORIENTED_EDGE('',*,*,#3700,.T.);
#4840=ORIENTED_EDGE('',*,*,#3701,.T.);
#4841=ORIENTED_EDGE('',*,*,#3702,.F.);
#4842=ORIENTED_EDGE('',*,*,#3703,.F.);
#4843=ORIENTED_EDGE('',*,*,#3704,.T.);
#4844=ORIENTED_EDGE('',*,*,#3701,.F.);
#4845=ORIENTED_EDGE('',*,*,#3705,.T.);
#4846=ORIENTED_EDGE('',*,*,#3706,.T.);
#4847=ORIENTED_EDGE('',*,*,#3707,.T.);
#4848=ORIENTED_EDGE('',*,*,#3708,.T.);
#4849=ORIENTED_EDGE('',*,*,#3709,.F.);
#4850=ORIENTED_EDGE('',*,*,#3710,.F.);
#4851=ORIENTED_EDGE('',*,*,#3711,.F.);
#4852=ORIENTED_EDGE('',*,*,#3712,.T.);
#4853=ORIENTED_EDGE('',*,*,#3713,.T.);
#4854=ORIENTED_EDGE('',*,*,#3714,.T.);
#4855=ORIENTED_EDGE('',*,*,#3715,.T.);
#4856=ORIENTED_EDGE('',*,*,#3716,.T.);
#4857=ORIENTED_EDGE('',*,*,#3717,.T.);
#4858=ORIENTED_EDGE('',*,*,#3718,.T.);
#4859=ORIENTED_EDGE('',*,*,#3719,.T.);
#4860=ORIENTED_EDGE('',*,*,#3720,.T.);
#4861=ORIENTED_EDGE('',*,*,#3721,.T.);
#4862=ORIENTED_EDGE('',*,*,#3722,.F.);
#4863=ORIENTED_EDGE('',*,*,#3723,.F.);
#4864=ORIENTED_EDGE('',*,*,#3724,.F.);
#4865=ORIENTED_EDGE('',*,*,#3725,.T.);
#4866=ORIENTED_EDGE('',*,*,#3726,.F.);
#4867=ORIENTED_EDGE('',*,*,#3727,.F.);
#4868=ORIENTED_EDGE('',*,*,#3728,.T.);
#4869=ORIENTED_EDGE('',*,*,#3729,.F.);
#4870=ORIENTED_EDGE('',*,*,#3730,.F.);
#4871=ORIENTED_EDGE('',*,*,#3731,.T.);
#4872=ORIENTED_EDGE('',*,*,#3732,.T.);
#4873=ORIENTED_EDGE('',*,*,#3731,.F.);
#4874=ORIENTED_EDGE('',*,*,#3733,.F.);
#4875=ORIENTED_EDGE('',*,*,#3734,.T.);
#4876=ORIENTED_EDGE('',*,*,#3735,.T.);
#4877=ORIENTED_EDGE('',*,*,#3734,.F.);
#4878=ORIENTED_EDGE('',*,*,#3736,.T.);
#4879=ORIENTED_EDGE('',*,*,#3737,.T.);
#4880=ORIENTED_EDGE('',*,*,#3738,.F.);
#4881=ORIENTED_EDGE('',*,*,#3729,.T.);
#4882=ORIENTED_EDGE('',*,*,#3739,.T.);
#4883=ORIENTED_EDGE('',*,*,#3740,.T.);
#4884=ORIENTED_EDGE('',*,*,#3741,.T.);
#4885=ORIENTED_EDGE('',*,*,#3742,.F.);
#4886=ORIENTED_EDGE('',*,*,#3743,.F.);
#4887=ORIENTED_EDGE('',*,*,#3744,.F.);
#4888=ORIENTED_EDGE('',*,*,#3745,.T.);
#4889=ORIENTED_EDGE('',*,*,#3746,.T.);
#4890=ORIENTED_EDGE('',*,*,#3747,.F.);
#4891=ORIENTED_EDGE('',*,*,#3748,.F.);
#4892=ORIENTED_EDGE('',*,*,#3749,.F.);
#4893=ORIENTED_EDGE('',*,*,#3750,.F.);
#4894=ORIENTED_EDGE('',*,*,#3751,.F.);
#4895=ORIENTED_EDGE('',*,*,#3752,.T.);
#4896=ORIENTED_EDGE('',*,*,#3753,.F.);
#4897=ORIENTED_EDGE('',*,*,#3754,.F.);
#4898=ORIENTED_EDGE('',*,*,#3755,.F.);
#4899=ORIENTED_EDGE('',*,*,#3756,.T.);
#4900=ORIENTED_EDGE('',*,*,#3757,.T.);
#4901=ORIENTED_EDGE('',*,*,#3758,.F.);
#4902=ORIENTED_EDGE('',*,*,#3759,.F.);
#4903=ORIENTED_EDGE('',*,*,#3760,.F.);
#4904=ORIENTED_EDGE('',*,*,#3761,.F.);
#4905=ORIENTED_EDGE('',*,*,#3762,.F.);
#4906=ORIENTED_EDGE('',*,*,#3763,.T.);
#4907=ORIENTED_EDGE('',*,*,#3745,.F.);
#4908=ORIENTED_EDGE('',*,*,#3764,.F.);
#4909=ORIENTED_EDGE('',*,*,#3765,.F.);
#4910=ORIENTED_EDGE('',*,*,#3766,.F.);
#4911=ORIENTED_EDGE('',*,*,#3767,.F.);
#4912=ORIENTED_EDGE('',*,*,#3759,.T.);
#4913=ORIENTED_EDGE('',*,*,#3768,.F.);
#4914=ORIENTED_EDGE('',*,*,#3753,.T.);
#4915=ORIENTED_EDGE('',*,*,#3769,.T.);
#4916=ORIENTED_EDGE('',*,*,#3756,.F.);
#4917=ORIENTED_EDGE('',*,*,#3770,.F.);
#4918=ORIENTED_EDGE('',*,*,#3771,.F.);
#4919=ORIENTED_EDGE('',*,*,#3757,.F.);
#4920=ORIENTED_EDGE('',*,*,#3769,.F.);
#4921=ORIENTED_EDGE('',*,*,#3752,.F.);
#4922=ORIENTED_EDGE('',*,*,#3772,.F.);
#4923=ORIENTED_EDGE('',*,*,#3746,.F.);
#4924=ORIENTED_EDGE('',*,*,#3763,.F.);
#4925=ORIENTED_EDGE('',*,*,#3773,.F.);
#4926=ORIENTED_EDGE('',*,*,#3774,.F.);
#4927=ORIENTED_EDGE('',*,*,#3775,.F.);
#4928=ORIENTED_EDGE('',*,*,#3776,.T.);
#4929=ORIENTED_EDGE('',*,*,#3736,.F.);
#4930=ORIENTED_EDGE('',*,*,#3777,.F.);
#4931=ORIENTED_EDGE('',*,*,#3700,.F.);
#4932=ORIENTED_EDGE('',*,*,#3698,.T.);
#4933=ORIENTED_EDGE('',*,*,#3778,.T.);
#4934=ORIENTED_EDGE('',*,*,#3705,.F.);
#4935=ORIENTED_EDGE('',*,*,#3779,.F.);
#4936=ORIENTED_EDGE('',*,*,#3780,.F.);
#4937=ORIENTED_EDGE('',*,*,#3781,.F.);
#4938=ORIENTED_EDGE('',*,*,#3782,.F.);
#4939=ORIENTED_EDGE('',*,*,#3740,.F.);
#4940=ORIENTED_EDGE('',*,*,#3783,.T.);
#4941=ORIENTED_EDGE('',*,*,#3737,.F.);
#4942=ORIENTED_EDGE('',*,*,#3776,.F.);
#4943=ORIENTED_EDGE('',*,*,#3708,.F.);
#4944=ORIENTED_EDGE('',*,*,#3784,.T.);
#4945=ORIENTED_EDGE('',*,*,#3706,.F.);
#4946=ORIENTED_EDGE('',*,*,#3778,.F.);
#4947=ORIENTED_EDGE('',*,*,#3697,.T.);
#4948=ORIENTED_EDGE('',*,*,#3785,.T.);
#4949=ORIENTED_EDGE('',*,*,#3747,.T.);
#4950=ORIENTED_EDGE('',*,*,#3772,.T.);
#4951=ORIENTED_EDGE('',*,*,#3751,.T.);
#4952=ORIENTED_EDGE('',*,*,#3786,.F.);
#4953=ORIENTED_EDGE('',*,*,#3787,.F.);
#4954=ORIENTED_EDGE('',*,*,#3788,.F.);
#4955=ORIENTED_EDGE('',*,*,#3789,.F.);
#4956=ORIENTED_EDGE('',*,*,#3790,.F.);
#4957=ORIENTED_EDGE('',*,*,#3791,.F.);
#4958=ORIENTED_EDGE('',*,*,#3792,.F.);
#4959=ORIENTED_EDGE('',*,*,#3793,.F.);
#4960=ORIENTED_EDGE('',*,*,#3794,.T.);
#4961=ORIENTED_EDGE('',*,*,#3795,.F.);
#4962=ORIENTED_EDGE('',*,*,#3796,.T.);
#4963=ORIENTED_EDGE('',*,*,#3797,.T.);
#4964=ORIENTED_EDGE('',*,*,#3798,.T.);
#4965=ORIENTED_EDGE('',*,*,#3799,.F.);
#4966=ORIENTED_EDGE('',*,*,#3800,.T.);
#4967=ORIENTED_EDGE('',*,*,#3801,.T.);
#4968=ORIENTED_EDGE('',*,*,#3802,.T.);
#4969=ORIENTED_EDGE('',*,*,#3803,.F.);
#4970=ORIENTED_EDGE('',*,*,#3804,.F.);
#4971=ORIENTED_EDGE('',*,*,#3805,.F.);
#4972=ORIENTED_EDGE('',*,*,#3806,.F.);
#4973=ORIENTED_EDGE('',*,*,#3807,.F.);
#4974=ORIENTED_EDGE('',*,*,#3808,.F.);
#4975=ORIENTED_EDGE('',*,*,#3809,.T.);
#4976=ORIENTED_EDGE('',*,*,#3750,.T.);
#4977=ORIENTED_EDGE('',*,*,#3810,.F.);
#4978=ORIENTED_EDGE('',*,*,#3786,.T.);
#4979=ORIENTED_EDGE('',*,*,#3755,.T.);
#4980=ORIENTED_EDGE('',*,*,#3811,.T.);
#4981=ORIENTED_EDGE('',*,*,#3812,.F.);
#4982=ORIENTED_EDGE('',*,*,#3813,.F.);
#4983=ORIENTED_EDGE('',*,*,#3764,.T.);
#4984=ORIENTED_EDGE('',*,*,#3758,.T.);
#4985=ORIENTED_EDGE('',*,*,#3814,.T.);
#4986=ORIENTED_EDGE('',*,*,#3815,.F.);
#4987=ORIENTED_EDGE('',*,*,#3816,.F.);
#4988=ORIENTED_EDGE('',*,*,#3760,.T.);
#4989=ORIENTED_EDGE('',*,*,#3767,.T.);
#4990=ORIENTED_EDGE('',*,*,#3817,.F.);
#4991=ORIENTED_EDGE('',*,*,#3818,.F.);
#4992=ORIENTED_EDGE('',*,*,#3819,.F.);
#4993=ORIENTED_EDGE('',*,*,#3820,.F.);
#4994=ORIENTED_EDGE('',*,*,#3821,.F.);
#4995=ORIENTED_EDGE('',*,*,#3822,.F.);
#4996=ORIENTED_EDGE('',*,*,#3823,.F.);
#4997=ORIENTED_EDGE('',*,*,#3824,.F.);
#4998=ORIENTED_EDGE('',*,*,#3825,.F.);
#4999=ORIENTED_EDGE('',*,*,#3814,.F.);
#5000=ORIENTED_EDGE('',*,*,#3773,.T.);
#5001=ORIENTED_EDGE('',*,*,#3826,.T.);
#5002=ORIENTED_EDGE('',*,*,#3827,.F.);
#5003=ORIENTED_EDGE('',*,*,#3828,.F.);
#5004=ORIENTED_EDGE('',*,*,#3829,.F.);
#5005=ORIENTED_EDGE('',*,*,#3830,.F.);
#5006=ORIENTED_EDGE('',*,*,#3831,.F.);
#5007=ORIENTED_EDGE('',*,*,#3733,.T.);
#5008=ORIENTED_EDGE('',*,*,#3832,.F.);
#5009=ORIENTED_EDGE('',*,*,#3833,.F.);
#5010=ORIENTED_EDGE('',*,*,#3777,.T.);
#5011=ORIENTED_EDGE('',*,*,#3834,.F.);
#5012=ORIENTED_EDGE('',*,*,#3826,.F.);
#5013=ORIENTED_EDGE('',*,*,#3730,.T.);
#5014=ORIENTED_EDGE('',*,*,#3738,.T.);
#5015=ORIENTED_EDGE('',*,*,#3835,.T.);
#5016=ORIENTED_EDGE('',*,*,#3836,.T.);
#5017=ORIENTED_EDGE('',*,*,#3837,.T.);
#5018=ORIENTED_EDGE('',*,*,#3832,.T.);
#5019=ORIENTED_EDGE('',*,*,#3782,.T.);
#5020=ORIENTED_EDGE('',*,*,#3838,.T.);
#5021=ORIENTED_EDGE('',*,*,#3839,.T.);
#5022=ORIENTED_EDGE('',*,*,#3741,.F.);
#5023=ORIENTED_EDGE('',*,*,#3781,.T.);
#5024=ORIENTED_EDGE('',*,*,#3840,.F.);
#5025=ORIENTED_EDGE('',*,*,#3838,.F.);
#5026=ORIENTED_EDGE('',*,*,#3841,.T.);
#5027=ORIENTED_EDGE('',*,*,#3842,.T.);
#5028=ORIENTED_EDGE('',*,*,#3843,.T.);
#5029=ORIENTED_EDGE('',*,*,#3842,.F.);
#5030=ORIENTED_EDGE('',*,*,#3844,.T.);
#5031=ORIENTED_EDGE('',*,*,#3845,.F.);
#5032=ORIENTED_EDGE('',*,*,#3846,.F.);
#5033=ORIENTED_EDGE('',*,*,#3847,.T.);
#5034=ORIENTED_EDGE('',*,*,#3848,.T.);
#5035=ORIENTED_EDGE('',*,*,#3849,.T.);
#5036=ORIENTED_EDGE('',*,*,#3850,.T.);
#5037=ORIENTED_EDGE('',*,*,#3851,.T.);
#5038=ORIENTED_EDGE('',*,*,#3852,.T.);
#5039=ORIENTED_EDGE('',*,*,#3853,.T.);
#5040=ORIENTED_EDGE('',*,*,#3854,.T.);
#5041=ORIENTED_EDGE('',*,*,#3855,.T.);
#5042=ORIENTED_EDGE('',*,*,#3856,.F.);
#5043=ORIENTED_EDGE('',*,*,#3857,.F.);
#5044=ORIENTED_EDGE('',*,*,#3858,.T.);
#5045=ORIENTED_EDGE('',*,*,#3859,.F.);
#5046=ORIENTED_EDGE('',*,*,#3860,.F.);
#5047=ORIENTED_EDGE('',*,*,#3861,.T.);
#5048=ORIENTED_EDGE('',*,*,#3862,.T.);
#5049=ORIENTED_EDGE('',*,*,#3863,.T.);
#5050=ORIENTED_EDGE('',*,*,#3864,.T.);
#5051=ORIENTED_EDGE('',*,*,#3865,.F.);
#5052=ORIENTED_EDGE('',*,*,#3866,.F.);
#5053=ORIENTED_EDGE('',*,*,#3867,.T.);
#5054=ORIENTED_EDGE('',*,*,#3868,.F.);
#5055=ORIENTED_EDGE('',*,*,#3869,.F.);
#5056=ORIENTED_EDGE('',*,*,#3870,.T.);
#5057=ORIENTED_EDGE('',*,*,#3871,.T.);
#5058=ORIENTED_EDGE('',*,*,#3872,.T.);
#5059=ORIENTED_EDGE('',*,*,#3873,.T.);
#5060=ORIENTED_EDGE('',*,*,#3874,.F.);
#5061=ORIENTED_EDGE('',*,*,#3875,.F.);
#5062=ORIENTED_EDGE('',*,*,#3876,.F.);
#5063=ORIENTED_EDGE('',*,*,#3877,.F.);
#5064=ORIENTED_EDGE('',*,*,#3878,.F.);
#5065=ORIENTED_EDGE('',*,*,#3879,.F.);
#5066=ORIENTED_EDGE('',*,*,#3880,.F.);
#5067=ORIENTED_EDGE('',*,*,#3881,.F.);
#5068=ORIENTED_EDGE('',*,*,#3882,.F.);
#5069=ORIENTED_EDGE('',*,*,#3883,.F.);
#5070=ORIENTED_EDGE('',*,*,#3884,.F.);
#5071=ORIENTED_EDGE('',*,*,#3841,.F.);
#5072=ORIENTED_EDGE('',*,*,#3885,.T.);
#5073=ORIENTED_EDGE('',*,*,#3886,.T.);
#5074=ORIENTED_EDGE('',*,*,#3887,.T.);
#5075=ORIENTED_EDGE('',*,*,#3888,.T.);
#5076=ORIENTED_EDGE('',*,*,#3889,.T.);
#5077=ORIENTED_EDGE('',*,*,#3890,.T.);
#5078=ORIENTED_EDGE('',*,*,#3891,.T.);
#5079=ORIENTED_EDGE('',*,*,#3892,.T.);
#5080=ORIENTED_EDGE('',*,*,#3893,.T.);
#5081=ORIENTED_EDGE('',*,*,#3894,.T.);
#5082=ORIENTED_EDGE('',*,*,#3895,.T.);
#5083=ORIENTED_EDGE('',*,*,#3896,.T.);
#5084=ORIENTED_EDGE('',*,*,#3843,.F.);
#5085=ORIENTED_EDGE('',*,*,#3896,.F.);
#5086=ORIENTED_EDGE('',*,*,#3897,.T.);
#5087=ORIENTED_EDGE('',*,*,#3898,.T.);
#5088=ORIENTED_EDGE('',*,*,#3876,.T.);
#5089=ORIENTED_EDGE('',*,*,#3899,.T.);
#5090=ORIENTED_EDGE('',*,*,#3900,.T.);
#5091=ORIENTED_EDGE('',*,*,#3899,.F.);
#5092=ORIENTED_EDGE('',*,*,#3901,.T.);
#5093=ORIENTED_EDGE('',*,*,#3902,.T.);
#5094=ORIENTED_EDGE('',*,*,#3903,.T.);
#5095=ORIENTED_EDGE('',*,*,#3904,.T.);
#5096=ORIENTED_EDGE('',*,*,#3905,.T.);
#5097=ORIENTED_EDGE('',*,*,#3906,.T.);
#5098=ORIENTED_EDGE('',*,*,#3907,.T.);
#5099=ORIENTED_EDGE('',*,*,#3908,.T.);
#5100=ORIENTED_EDGE('',*,*,#3909,.T.);
#5101=ORIENTED_EDGE('',*,*,#3910,.T.);
#5102=ORIENTED_EDGE('',*,*,#3911,.T.);
#5103=ORIENTED_EDGE('',*,*,#3912,.T.);
#5104=ORIENTED_EDGE('',*,*,#3900,.F.);
#5105=ORIENTED_EDGE('',*,*,#3912,.F.);
#5106=ORIENTED_EDGE('',*,*,#3913,.T.);
#5107=ORIENTED_EDGE('',*,*,#3914,.T.);
#5108=ORIENTED_EDGE('',*,*,#3884,.T.);
#5109=ORIENTED_EDGE('',*,*,#3915,.T.);
#5110=ORIENTED_EDGE('',*,*,#3916,.T.);
#5111=ORIENTED_EDGE('',*,*,#3915,.F.);
#5112=ORIENTED_EDGE('',*,*,#3917,.T.);
#5113=ORIENTED_EDGE('',*,*,#3918,.T.);
#5114=ORIENTED_EDGE('',*,*,#3919,.T.);
#5115=ORIENTED_EDGE('',*,*,#3920,.T.);
#5116=ORIENTED_EDGE('',*,*,#3921,.T.);
#5117=ORIENTED_EDGE('',*,*,#3922,.T.);
#5118=ORIENTED_EDGE('',*,*,#3923,.T.);
#5119=ORIENTED_EDGE('',*,*,#3924,.T.);
#5120=ORIENTED_EDGE('',*,*,#3925,.T.);
#5121=ORIENTED_EDGE('',*,*,#3926,.T.);
#5122=ORIENTED_EDGE('',*,*,#3927,.T.);
#5123=ORIENTED_EDGE('',*,*,#3928,.T.);
#5124=ORIENTED_EDGE('',*,*,#3916,.F.);
#5125=ORIENTED_EDGE('',*,*,#3928,.F.);
#5126=ORIENTED_EDGE('',*,*,#3929,.T.);
#5127=ORIENTED_EDGE('',*,*,#3930,.T.);
#5128=ORIENTED_EDGE('',*,*,#3877,.T.);
#5129=ORIENTED_EDGE('',*,*,#3931,.T.);
#5130=ORIENTED_EDGE('',*,*,#3932,.T.);
#5131=ORIENTED_EDGE('',*,*,#3931,.F.);
#5132=ORIENTED_EDGE('',*,*,#3933,.T.);
#5133=ORIENTED_EDGE('',*,*,#3934,.T.);
#5134=ORIENTED_EDGE('',*,*,#3935,.T.);
#5135=ORIENTED_EDGE('',*,*,#3936,.T.);
#5136=ORIENTED_EDGE('',*,*,#3937,.T.);
#5137=ORIENTED_EDGE('',*,*,#3938,.T.);
#5138=ORIENTED_EDGE('',*,*,#3939,.T.);
#5139=ORIENTED_EDGE('',*,*,#3940,.T.);
#5140=ORIENTED_EDGE('',*,*,#3941,.T.);
#5141=ORIENTED_EDGE('',*,*,#3942,.T.);
#5142=ORIENTED_EDGE('',*,*,#3943,.T.);
#5143=ORIENTED_EDGE('',*,*,#3944,.T.);
#5144=ORIENTED_EDGE('',*,*,#3932,.F.);
#5145=ORIENTED_EDGE('',*,*,#3944,.F.);
#5146=ORIENTED_EDGE('',*,*,#3945,.T.);
#5147=ORIENTED_EDGE('',*,*,#3946,.T.);
#5148=ORIENTED_EDGE('',*,*,#3947,.T.);
#5149=ORIENTED_EDGE('',*,*,#3948,.T.);
#5150=ORIENTED_EDGE('',*,*,#3857,.T.);
#5151=ORIENTED_EDGE('',*,*,#3949,.T.);
#5152=ORIENTED_EDGE('',*,*,#3948,.F.);
#5153=ORIENTED_EDGE('',*,*,#3950,.F.);
#5154=ORIENTED_EDGE('',*,*,#3951,.F.);
#5155=ORIENTED_EDGE('',*,*,#3858,.F.);
#5156=ORIENTED_EDGE('',*,*,#3859,.T.);
#5157=ORIENTED_EDGE('',*,*,#3951,.T.);
#5158=ORIENTED_EDGE('',*,*,#3952,.T.);
#5159=ORIENTED_EDGE('',*,*,#3953,.T.);
#5160=ORIENTED_EDGE('',*,*,#3845,.T.);
#5161=ORIENTED_EDGE('',*,*,#3954,.T.);
#5162=ORIENTED_EDGE('',*,*,#3955,.T.);
#5163=ORIENTED_EDGE('',*,*,#3956,.T.);
#5164=ORIENTED_EDGE('',*,*,#3954,.F.);
#5165=ORIENTED_EDGE('',*,*,#3844,.F.);
#5166=ORIENTED_EDGE('',*,*,#3957,.F.);
#5167=ORIENTED_EDGE('',*,*,#3958,.F.);
#5168=ORIENTED_EDGE('',*,*,#3959,.T.);
#5169=ORIENTED_EDGE('',*,*,#3957,.T.);
#5170=ORIENTED_EDGE('',*,*,#3875,.T.);
#5171=ORIENTED_EDGE('',*,*,#3960,.T.);
#5172=ORIENTED_EDGE('',*,*,#3960,.F.);
#5173=ORIENTED_EDGE('',*,*,#3874,.T.);
#5174=ORIENTED_EDGE('',*,*,#3961,.T.);
#5175=ORIENTED_EDGE('',*,*,#3962,.T.);
#5176=ORIENTED_EDGE('',*,*,#3962,.F.);
#5177=ORIENTED_EDGE('',*,*,#3963,.T.);
#5178=ORIENTED_EDGE('',*,*,#3964,.T.);
#5179=ORIENTED_EDGE('',*,*,#3965,.T.);
#5180=ORIENTED_EDGE('',*,*,#3966,.T.);
#5181=ORIENTED_EDGE('',*,*,#3967,.T.);
#5182=ORIENTED_EDGE('',*,*,#3968,.T.);
#5183=ORIENTED_EDGE('',*,*,#3969,.T.);
#5184=ORIENTED_EDGE('',*,*,#3970,.T.);
#5185=ORIENTED_EDGE('',*,*,#3971,.T.);
#5186=ORIENTED_EDGE('',*,*,#3972,.F.);
#5187=ORIENTED_EDGE('',*,*,#3973,.T.);
#5188=ORIENTED_EDGE('',*,*,#3974,.F.);
#5189=ORIENTED_EDGE('',*,*,#3955,.F.);
#5190=ORIENTED_EDGE('',*,*,#3958,.T.);
#5191=ORIENTED_EDGE('',*,*,#3959,.F.);
#5192=ORIENTED_EDGE('',*,*,#3956,.F.);
#5193=ORIENTED_EDGE('',*,*,#3974,.T.);
#5194=ORIENTED_EDGE('',*,*,#3975,.T.);
#5195=ORIENTED_EDGE('',*,*,#3846,.T.);
#5196=ORIENTED_EDGE('',*,*,#3949,.F.);
#5197=ORIENTED_EDGE('',*,*,#3856,.T.);
#5198=ORIENTED_EDGE('',*,*,#3976,.T.);
#5199=ORIENTED_EDGE('',*,*,#3977,.T.);
#5200=ORIENTED_EDGE('',*,*,#3977,.F.);
#5201=ORIENTED_EDGE('',*,*,#3978,.T.);
#5202=ORIENTED_EDGE('',*,*,#3979,.T.);
#5203=ORIENTED_EDGE('',*,*,#3980,.T.);
#5204=ORIENTED_EDGE('',*,*,#3981,.T.);
#5205=ORIENTED_EDGE('',*,*,#3982,.T.);
#5206=ORIENTED_EDGE('',*,*,#3983,.T.);
#5207=ORIENTED_EDGE('',*,*,#3984,.T.);
#5208=ORIENTED_EDGE('',*,*,#3985,.T.);
#5209=ORIENTED_EDGE('',*,*,#3986,.T.);
#5210=ORIENTED_EDGE('',*,*,#3987,.T.);
#5211=ORIENTED_EDGE('',*,*,#3988,.T.);
#5212=ORIENTED_EDGE('',*,*,#3989,.F.);
#5213=ORIENTED_EDGE('',*,*,#3952,.F.);
#5214=ORIENTED_EDGE('',*,*,#3950,.T.);
#5215=ORIENTED_EDGE('',*,*,#3947,.F.);
#5216=ORIENTED_EDGE('',*,*,#3953,.F.);
#5217=ORIENTED_EDGE('',*,*,#3989,.T.);
#5218=ORIENTED_EDGE('',*,*,#3990,.T.);
#5219=ORIENTED_EDGE('',*,*,#3860,.T.);
#5220=ORIENTED_EDGE('',*,*,#3961,.F.);
#5221=ORIENTED_EDGE('',*,*,#3873,.F.);
#5222=ORIENTED_EDGE('',*,*,#3991,.T.);
#5223=ORIENTED_EDGE('',*,*,#3963,.F.);
#5224=ORIENTED_EDGE('',*,*,#3976,.F.);
#5225=ORIENTED_EDGE('',*,*,#3855,.F.);
#5226=ORIENTED_EDGE('',*,*,#3992,.T.);
#5227=ORIENTED_EDGE('',*,*,#3978,.F.);
#5228=ORIENTED_EDGE('',*,*,#3993,.F.);
#5229=ORIENTED_EDGE('',*,*,#3994,.F.);
#5230=ORIENTED_EDGE('',*,*,#3995,.F.);
#5231=ORIENTED_EDGE('',*,*,#3996,.F.);
#5232=ORIENTED_EDGE('',*,*,#3997,.F.);
#5233=ORIENTED_EDGE('',*,*,#3998,.F.);
#5234=ORIENTED_EDGE('',*,*,#3999,.F.);
#5235=ORIENTED_EDGE('',*,*,#4000,.F.);
#5236=ORIENTED_EDGE('',*,*,#4001,.F.);
#5237=ORIENTED_EDGE('',*,*,#3837,.F.);
#5238=ORIENTED_EDGE('',*,*,#4002,.F.);
#5239=ORIENTED_EDGE('',*,*,#4000,.T.);
#5240=ORIENTED_EDGE('',*,*,#4003,.T.);
#5241=ORIENTED_EDGE('',*,*,#4004,.F.);
#5242=ORIENTED_EDGE('',*,*,#3833,.T.);
#5243=ORIENTED_EDGE('',*,*,#4005,.F.);
#5244=ORIENTED_EDGE('',*,*,#3995,.T.);
#5245=ORIENTED_EDGE('',*,*,#4006,.T.);
#5246=ORIENTED_EDGE('',*,*,#3998,.T.);
#5247=ORIENTED_EDGE('',*,*,#4007,.F.);
#5248=ORIENTED_EDGE('',*,*,#4008,.F.);
#5249=ORIENTED_EDGE('',*,*,#4009,.F.);
#5250=ORIENTED_EDGE('',*,*,#4010,.F.);
#5251=ORIENTED_EDGE('',*,*,#4011,.F.);
#5252=ORIENTED_EDGE('',*,*,#4012,.F.);
#5253=ORIENTED_EDGE('',*,*,#4013,.F.);
#5254=ORIENTED_EDGE('',*,*,#4014,.F.);
#5255=ORIENTED_EDGE('',*,*,#4015,.T.);
#5256=ORIENTED_EDGE('',*,*,#4016,.F.);
#5257=ORIENTED_EDGE('',*,*,#4017,.F.);
#5258=ORIENTED_EDGE('',*,*,#4018,.F.);
#5259=ORIENTED_EDGE('',*,*,#4019,.F.);
#5260=ORIENTED_EDGE('',*,*,#4020,.F.);
#5261=ORIENTED_EDGE('',*,*,#4021,.T.);
#5262=ORIENTED_EDGE('',*,*,#4022,.F.);
#5263=ORIENTED_EDGE('',*,*,#3829,.T.);
#5264=ORIENTED_EDGE('',*,*,#4023,.F.);
#5265=ORIENTED_EDGE('',*,*,#4024,.T.);
#5266=ORIENTED_EDGE('',*,*,#4025,.T.);
#5267=ORIENTED_EDGE('',*,*,#4026,.F.);
#5268=ORIENTED_EDGE('',*,*,#4027,.F.);
#5269=ORIENTED_EDGE('',*,*,#4025,.F.);
#5270=ORIENTED_EDGE('',*,*,#4028,.T.);
#5271=ORIENTED_EDGE('',*,*,#4029,.T.);
#5272=ORIENTED_EDGE('',*,*,#4030,.F.);
#5273=ORIENTED_EDGE('',*,*,#4029,.F.);
#5274=ORIENTED_EDGE('',*,*,#4031,.T.);
#5275=ORIENTED_EDGE('',*,*,#4032,.T.);
#5276=ORIENTED_EDGE('',*,*,#4033,.T.);
#5277=ORIENTED_EDGE('',*,*,#4034,.F.);
#5278=ORIENTED_EDGE('',*,*,#4035,.F.);
#5279=ORIENTED_EDGE('',*,*,#4036,.F.);
#5280=ORIENTED_EDGE('',*,*,#3824,.T.);
#5281=ORIENTED_EDGE('',*,*,#4037,.F.);
#5282=ORIENTED_EDGE('',*,*,#4038,.T.);
#5283=ORIENTED_EDGE('',*,*,#4039,.T.);
#5284=ORIENTED_EDGE('',*,*,#4040,.F.);
#5285=ORIENTED_EDGE('',*,*,#4041,.F.);
#5286=ORIENTED_EDGE('',*,*,#4039,.F.);
#5287=ORIENTED_EDGE('',*,*,#4042,.T.);
#5288=ORIENTED_EDGE('',*,*,#4043,.T.);
#5289=ORIENTED_EDGE('',*,*,#4044,.F.);
#5290=ORIENTED_EDGE('',*,*,#4043,.F.);
#5291=ORIENTED_EDGE('',*,*,#4045,.T.);
#5292=ORIENTED_EDGE('',*,*,#4046,.F.);
#5293=ORIENTED_EDGE('',*,*,#3766,.T.);
#5294=ORIENTED_EDGE('',*,*,#4047,.F.);
#5295=ORIENTED_EDGE('',*,*,#3817,.T.);
#5296=ORIENTED_EDGE('',*,*,#4048,.F.);
#5297=ORIENTED_EDGE('',*,*,#4033,.F.);
#5298=ORIENTED_EDGE('',*,*,#4049,.T.);
#5299=ORIENTED_EDGE('',*,*,#4050,.F.);
#5300=ORIENTED_EDGE('',*,*,#4051,.T.);
#5301=ORIENTED_EDGE('',*,*,#4052,.F.);
#5302=ORIENTED_EDGE('',*,*,#4053,.F.);
#5303=ORIENTED_EDGE('',*,*,#4045,.F.);
#5304=ORIENTED_EDGE('',*,*,#4042,.F.);
#5305=ORIENTED_EDGE('',*,*,#4038,.F.);
#5306=ORIENTED_EDGE('',*,*,#4054,.F.);
#5307=ORIENTED_EDGE('',*,*,#4051,.F.);
#5308=ORIENTED_EDGE('',*,*,#4055,.F.);
#5309=ORIENTED_EDGE('',*,*,#4056,.F.);
#5310=ORIENTED_EDGE('',*,*,#4057,.F.);
#5311=ORIENTED_EDGE('',*,*,#4056,.T.);
#5312=ORIENTED_EDGE('',*,*,#4058,.F.);
#5313=ORIENTED_EDGE('',*,*,#4059,.F.);
#5314=ORIENTED_EDGE('',*,*,#4060,.F.);
#5315=ORIENTED_EDGE('',*,*,#4061,.F.);
#5316=ORIENTED_EDGE('',*,*,#4062,.F.);
#5317=ORIENTED_EDGE('',*,*,#4063,.F.);
#5318=ORIENTED_EDGE('',*,*,#4064,.F.);
#5319=ORIENTED_EDGE('',*,*,#4065,.F.);
#5320=ORIENTED_EDGE('',*,*,#4066,.F.);
#5321=ORIENTED_EDGE('',*,*,#4016,.T.);
#5322=ORIENTED_EDGE('',*,*,#4067,.T.);
#5323=ORIENTED_EDGE('',*,*,#4068,.T.);
#5324=ORIENTED_EDGE('',*,*,#4069,.F.);
#5325=ORIENTED_EDGE('',*,*,#3749,.T.);
#5326=ORIENTED_EDGE('',*,*,#3748,.T.);
#5327=ORIENTED_EDGE('',*,*,#3809,.F.);
#5328=ORIENTED_EDGE('',*,*,#4070,.F.);
#5329=ORIENTED_EDGE('',*,*,#4060,.T.);
#5330=ORIENTED_EDGE('',*,*,#4071,.F.);
#5331=ORIENTED_EDGE('',*,*,#4018,.T.);
#5332=ORIENTED_EDGE('',*,*,#4072,.T.);
#5333=ORIENTED_EDGE('',*,*,#4073,.F.);
#5334=ORIENTED_EDGE('',*,*,#4055,.T.);
#5335=ORIENTED_EDGE('',*,*,#4050,.T.);
#5336=ORIENTED_EDGE('',*,*,#4074,.T.);
#5337=ORIENTED_EDGE('',*,*,#4020,.T.);
#5338=ORIENTED_EDGE('',*,*,#4075,.F.);
#5339=ORIENTED_EDGE('',*,*,#4058,.T.);
#5340=ORIENTED_EDGE('',*,*,#4076,.F.);
#5341=ORIENTED_EDGE('',*,*,#4077,.F.);
#5342=ORIENTED_EDGE('',*,*,#4078,.F.);
#5343=ORIENTED_EDGE('',*,*,#4021,.F.);
#5344=ORIENTED_EDGE('',*,*,#4074,.F.);
#5345=ORIENTED_EDGE('',*,*,#4049,.F.);
#5346=ORIENTED_EDGE('',*,*,#4032,.F.);
#5347=ORIENTED_EDGE('',*,*,#4079,.F.);
#5348=ORIENTED_EDGE('',*,*,#4080,.F.);
#5349=ORIENTED_EDGE('',*,*,#4081,.F.);
#5350=ORIENTED_EDGE('',*,*,#3821,.T.);
#5351=ORIENTED_EDGE('',*,*,#4082,.T.);
#5352=ORIENTED_EDGE('',*,*,#4083,.F.);
#5353=ORIENTED_EDGE('',*,*,#4084,.F.);
#5354=ORIENTED_EDGE('',*,*,#4082,.F.);
#5355=ORIENTED_EDGE('',*,*,#4085,.F.);
#5356=ORIENTED_EDGE('',*,*,#4067,.F.);
#5357=ORIENTED_EDGE('',*,*,#4015,.F.);
#5358=ORIENTED_EDGE('',*,*,#4086,.F.);
#5359=ORIENTED_EDGE('',*,*,#4087,.F.);
#5360=ORIENTED_EDGE('',*,*,#4088,.T.);
#5361=ORIENTED_EDGE('',*,*,#3999,.T.);
#5362=ORIENTED_EDGE('',*,*,#4006,.F.);
#5363=ORIENTED_EDGE('',*,*,#3994,.T.);
#5364=ORIENTED_EDGE('',*,*,#4089,.F.);
#5365=ORIENTED_EDGE('',*,*,#4090,.F.);
#5366=ORIENTED_EDGE('',*,*,#4091,.F.);
#5367=ORIENTED_EDGE('',*,*,#4092,.F.);
#5368=ORIENTED_EDGE('',*,*,#4093,.F.);
#5369=ORIENTED_EDGE('',*,*,#4003,.F.);
#5370=ORIENTED_EDGE('',*,*,#4088,.F.);
#5371=ORIENTED_EDGE('',*,*,#4094,.F.);
#5372=ORIENTED_EDGE('',*,*,#4095,.F.);
#5373=ORIENTED_EDGE('',*,*,#4068,.F.);
#5374=ORIENTED_EDGE('',*,*,#4085,.T.);
#5375=ORIENTED_EDGE('',*,*,#3820,.T.);
#5376=ORIENTED_EDGE('',*,*,#4096,.F.);
#5377=ORIENTED_EDGE('',*,*,#4097,.F.);
#5378=ORIENTED_EDGE('',*,*,#4098,.F.);
#5379=ORIENTED_EDGE('',*,*,#4099,.F.);
#5380=ORIENTED_EDGE('',*,*,#4100,.F.);
#5381=ORIENTED_EDGE('',*,*,#4079,.T.);
#5382=ORIENTED_EDGE('',*,*,#4031,.F.);
#5383=ORIENTED_EDGE('',*,*,#4028,.F.);
#5384=ORIENTED_EDGE('',*,*,#4024,.F.);
#5385=ORIENTED_EDGE('',*,*,#4101,.F.);
#5386=ORIENTED_EDGE('',*,*,#4102,.F.);
#5387=ORIENTED_EDGE('',*,*,#4092,.T.);
#5388=ORIENTED_EDGE('',*,*,#4101,.T.);
#5389=ORIENTED_EDGE('',*,*,#4023,.T.);
#5390=ORIENTED_EDGE('',*,*,#3828,.T.);
#5391=ORIENTED_EDGE('',*,*,#4103,.F.);
#5392=ORIENTED_EDGE('',*,*,#3834,.T.);
#5393=ORIENTED_EDGE('',*,*,#4004,.T.);
#5394=ORIENTED_EDGE('',*,*,#4093,.T.);
#5395=ORIENTED_EDGE('',*,*,#4102,.T.);
#5396=ORIENTED_EDGE('',*,*,#4103,.T.);
#5397=ORIENTED_EDGE('',*,*,#3827,.T.);
#5398=ORIENTED_EDGE('',*,*,#4059,.T.);
#5399=ORIENTED_EDGE('',*,*,#4075,.T.);
#5400=ORIENTED_EDGE('',*,*,#4019,.T.);
#5401=ORIENTED_EDGE('',*,*,#4071,.T.);
#5402=ORIENTED_EDGE('',*,*,#4104,.F.);
#5403=ORIENTED_EDGE('',*,*,#4072,.F.);
#5404=ORIENTED_EDGE('',*,*,#4017,.T.);
#5405=ORIENTED_EDGE('',*,*,#4066,.T.);
#5406=ORIENTED_EDGE('',*,*,#4069,.T.);
#5407=ORIENTED_EDGE('',*,*,#3808,.T.);
#5408=ORIENTED_EDGE('',*,*,#4105,.F.);
#5409=ORIENTED_EDGE('',*,*,#4106,.F.);
#5410=ORIENTED_EDGE('',*,*,#4107,.T.);
#5411=ORIENTED_EDGE('',*,*,#3761,.T.);
#5412=ORIENTED_EDGE('',*,*,#3744,.T.);
#5413=ORIENTED_EDGE('',*,*,#3996,.T.);
#5414=ORIENTED_EDGE('',*,*,#4005,.T.);
#5415=ORIENTED_EDGE('',*,*,#4108,.T.);
#5416=ORIENTED_EDGE('',*,*,#4109,.T.);
#5417=ORIENTED_EDGE('',*,*,#4110,.T.);
#5418=ORIENTED_EDGE('',*,*,#4111,.T.);
#5419=ORIENTED_EDGE('',*,*,#4112,.T.);
#5420=ORIENTED_EDGE('',*,*,#4113,.T.);
#5421=ORIENTED_EDGE('',*,*,#4114,.T.);
#5422=ORIENTED_EDGE('',*,*,#4115,.T.);
#5423=ORIENTED_EDGE('',*,*,#4009,.T.);
#5424=ORIENTED_EDGE('',*,*,#4116,.T.);
#5425=ORIENTED_EDGE('',*,*,#4117,.T.);
#5426=ORIENTED_EDGE('',*,*,#4118,.F.);
#5427=ORIENTED_EDGE('',*,*,#4119,.F.);
#5428=ORIENTED_EDGE('',*,*,#4120,.F.);
#5429=ORIENTED_EDGE('',*,*,#4108,.F.);
#5430=ORIENTED_EDGE('',*,*,#4008,.T.);
#5431=ORIENTED_EDGE('',*,*,#4121,.F.);
#5432=ORIENTED_EDGE('',*,*,#4122,.F.);
#5433=ORIENTED_EDGE('',*,*,#4116,.F.);
#5434=ORIENTED_EDGE('',*,*,#4007,.T.);
#5435=ORIENTED_EDGE('',*,*,#3997,.T.);
#5436=ORIENTED_EDGE('',*,*,#4123,.T.);
#5437=ORIENTED_EDGE('',*,*,#4124,.T.);
#5438=ORIENTED_EDGE('',*,*,#4125,.F.);
#5439=ORIENTED_EDGE('',*,*,#4121,.T.);
#5440=ORIENTED_EDGE('',*,*,#4001,.T.);
#5441=ORIENTED_EDGE('',*,*,#4002,.T.);
#5442=ORIENTED_EDGE('',*,*,#3836,.F.);
#5443=ORIENTED_EDGE('',*,*,#4126,.F.);
#5444=ORIENTED_EDGE('',*,*,#4123,.F.);
#5445=ORIENTED_EDGE('',*,*,#3831,.T.);
#5446=ORIENTED_EDGE('',*,*,#4127,.T.);
#5447=ORIENTED_EDGE('',*,*,#4128,.T.);
#5448=ORIENTED_EDGE('',*,*,#3774,.T.);
#5449=ORIENTED_EDGE('',*,*,#3830,.T.);
#5450=ORIENTED_EDGE('',*,*,#4022,.T.);
#5451=ORIENTED_EDGE('',*,*,#4129,.T.);
#5452=ORIENTED_EDGE('',*,*,#4130,.T.);
#5453=ORIENTED_EDGE('',*,*,#4131,.T.);
#5454=ORIENTED_EDGE('',*,*,#4127,.F.);
#5455=ORIENTED_EDGE('',*,*,#4026,.T.);
#5456=ORIENTED_EDGE('',*,*,#4027,.T.);
#5457=ORIENTED_EDGE('',*,*,#4030,.T.);
#5458=ORIENTED_EDGE('',*,*,#4132,.T.);
#5459=ORIENTED_EDGE('',*,*,#4133,.F.);
#5460=ORIENTED_EDGE('',*,*,#4129,.F.);
#5461=ORIENTED_EDGE('',*,*,#4040,.T.);
#5462=ORIENTED_EDGE('',*,*,#4041,.T.);
#5463=ORIENTED_EDGE('',*,*,#4044,.T.);
#5464=ORIENTED_EDGE('',*,*,#4134,.F.);
#5465=ORIENTED_EDGE('',*,*,#4034,.T.);
#5466=ORIENTED_EDGE('',*,*,#4048,.T.);
#5467=ORIENTED_EDGE('',*,*,#4037,.T.);
#5468=ORIENTED_EDGE('',*,*,#4134,.T.);
#5469=ORIENTED_EDGE('',*,*,#4046,.T.);
#5470=ORIENTED_EDGE('',*,*,#4053,.T.);
#5471=ORIENTED_EDGE('',*,*,#4135,.F.);
#5472=ORIENTED_EDGE('',*,*,#4136,.F.);
#5473=ORIENTED_EDGE('',*,*,#4137,.F.);
#5474=ORIENTED_EDGE('',*,*,#4138,.F.);
#5475=ORIENTED_EDGE('',*,*,#4139,.F.);
#5476=ORIENTED_EDGE('',*,*,#4132,.F.);
#5477=ORIENTED_EDGE('',*,*,#4052,.T.);
#5478=ORIENTED_EDGE('',*,*,#4054,.T.);
#5479=ORIENTED_EDGE('',*,*,#4057,.T.);
#5480=ORIENTED_EDGE('',*,*,#4140,.F.);
#5481=ORIENTED_EDGE('',*,*,#4141,.T.);
#5482=ORIENTED_EDGE('',*,*,#4142,.T.);
#5483=ORIENTED_EDGE('',*,*,#4135,.T.);
#5484=ORIENTED_EDGE('',*,*,#4063,.T.);
#5485=ORIENTED_EDGE('',*,*,#4143,.T.);
#5486=ORIENTED_EDGE('',*,*,#4144,.T.);
#5487=ORIENTED_EDGE('',*,*,#4140,.T.);
#5488=ORIENTED_EDGE('',*,*,#4062,.T.);
#5489=ORIENTED_EDGE('',*,*,#4145,.T.);
#5490=ORIENTED_EDGE('',*,*,#4146,.T.);
#5491=ORIENTED_EDGE('',*,*,#4143,.F.);
#5492=ORIENTED_EDGE('',*,*,#4061,.T.);
#5493=ORIENTED_EDGE('',*,*,#4070,.T.);
#5494=ORIENTED_EDGE('',*,*,#4147,.T.);
#5495=ORIENTED_EDGE('',*,*,#4148,.T.);
#5496=ORIENTED_EDGE('',*,*,#4149,.T.);
#5497=ORIENTED_EDGE('',*,*,#4145,.F.);
#5498=ORIENTED_EDGE('',*,*,#4150,.F.);
#5499=ORIENTED_EDGE('',*,*,#4151,.F.);
#5500=ORIENTED_EDGE('',*,*,#4152,.F.);
#5501=ORIENTED_EDGE('',*,*,#4153,.F.);
#5502=ORIENTED_EDGE('',*,*,#4154,.F.);
#5503=ORIENTED_EDGE('',*,*,#3986,.F.);
#5504=ORIENTED_EDGE('',*,*,#4155,.F.);
#5505=ORIENTED_EDGE('',*,*,#4156,.F.);
#5506=ORIENTED_EDGE('',*,*,#4157,.F.);
#5507=ORIENTED_EDGE('',*,*,#4158,.F.);
#5508=ORIENTED_EDGE('',*,*,#4159,.F.);
#5509=ORIENTED_EDGE('',*,*,#4160,.F.);
#5510=ORIENTED_EDGE('',*,*,#4161,.F.);
#5511=ORIENTED_EDGE('',*,*,#4162,.F.);
#5512=ORIENTED_EDGE('',*,*,#4163,.F.);
#5513=ORIENTED_EDGE('',*,*,#4164,.F.);
#5514=ORIENTED_EDGE('',*,*,#4165,.F.);
#5515=ORIENTED_EDGE('',*,*,#4166,.F.);
#5516=ORIENTED_EDGE('',*,*,#4167,.F.);
#5517=ORIENTED_EDGE('',*,*,#4168,.F.);
#5518=ORIENTED_EDGE('',*,*,#4169,.F.);
#5519=ORIENTED_EDGE('',*,*,#4170,.F.);
#5520=ORIENTED_EDGE('',*,*,#4171,.F.);
#5521=ORIENTED_EDGE('',*,*,#4172,.F.);
#5522=ORIENTED_EDGE('',*,*,#4173,.F.);
#5523=ORIENTED_EDGE('',*,*,#4174,.F.);
#5524=ORIENTED_EDGE('',*,*,#3971,.F.);
#5525=ORIENTED_EDGE('',*,*,#4175,.F.);
#5526=ORIENTED_EDGE('',*,*,#4176,.F.);
#5527=ORIENTED_EDGE('',*,*,#3965,.F.);
#5528=ORIENTED_EDGE('',*,*,#4177,.F.);
#5529=ORIENTED_EDGE('',*,*,#4178,.F.);
#5530=ORIENTED_EDGE('',*,*,#4179,.F.);
#5531=ORIENTED_EDGE('',*,*,#4180,.F.);
#5532=ORIENTED_EDGE('',*,*,#4181,.F.);
#5533=ORIENTED_EDGE('',*,*,#4182,.F.);
#5534=ORIENTED_EDGE('',*,*,#4183,.F.);
#5535=ORIENTED_EDGE('',*,*,#4184,.F.);
#5536=ORIENTED_EDGE('',*,*,#4185,.F.);
#5537=ORIENTED_EDGE('',*,*,#4186,.F.);
#5538=ORIENTED_EDGE('',*,*,#4187,.F.);
#5539=ORIENTED_EDGE('',*,*,#4188,.F.);
#5540=ORIENTED_EDGE('',*,*,#4189,.F.);
#5541=ORIENTED_EDGE('',*,*,#4190,.F.);
#5542=ORIENTED_EDGE('',*,*,#4191,.F.);
#5543=ORIENTED_EDGE('',*,*,#4192,.F.);
#5544=ORIENTED_EDGE('',*,*,#4193,.F.);
#5545=ORIENTED_EDGE('',*,*,#3980,.F.);
#5546=ORIENTED_EDGE('',*,*,#4194,.F.);
#5547=ORIENTED_EDGE('',*,*,#4195,.F.);
#5548=ORIENTED_EDGE('',*,*,#4196,.F.);
#5549=ORIENTED_EDGE('',*,*,#4197,.F.);
#5550=ORIENTED_EDGE('',*,*,#4198,.F.);
#5551=ORIENTED_EDGE('',*,*,#4199,.F.);
#5552=ORIENTED_EDGE('',*,*,#4200,.F.);
#5553=ORIENTED_EDGE('',*,*,#4156,.T.);
#5554=ORIENTED_EDGE('',*,*,#4201,.T.);
#5555=ORIENTED_EDGE('',*,*,#4202,.T.);
#5556=ORIENTED_EDGE('',*,*,#4203,.T.);
#5557=ORIENTED_EDGE('',*,*,#4155,.T.);
#5558=ORIENTED_EDGE('',*,*,#3985,.F.);
#5559=ORIENTED_EDGE('',*,*,#4204,.F.);
#5560=ORIENTED_EDGE('',*,*,#4201,.F.);
#5561=ORIENTED_EDGE('',*,*,#4154,.T.);
#5562=ORIENTED_EDGE('',*,*,#4205,.F.);
#5563=ORIENTED_EDGE('',*,*,#4206,.T.);
#5564=ORIENTED_EDGE('',*,*,#3987,.F.);
#5565=ORIENTED_EDGE('',*,*,#4153,.T.);
#5566=ORIENTED_EDGE('',*,*,#4207,.F.);
#5567=ORIENTED_EDGE('',*,*,#4208,.T.);
#5568=ORIENTED_EDGE('',*,*,#4205,.T.);
#5569=ORIENTED_EDGE('',*,*,#4152,.T.);
#5570=ORIENTED_EDGE('',*,*,#4209,.F.);
#5571=ORIENTED_EDGE('',*,*,#4210,.F.);
#5572=ORIENTED_EDGE('',*,*,#4211,.T.);
#5573=ORIENTED_EDGE('',*,*,#4207,.T.);
#5574=ORIENTED_EDGE('',*,*,#4173,.T.);
#5575=ORIENTED_EDGE('',*,*,#4212,.F.);
#5576=ORIENTED_EDGE('',*,*,#4213,.T.);
#5577=ORIENTED_EDGE('',*,*,#4214,.T.);
#5578=ORIENTED_EDGE('',*,*,#4172,.T.);
#5579=ORIENTED_EDGE('',*,*,#4215,.F.);
#5580=ORIENTED_EDGE('',*,*,#4216,.T.);
#5581=ORIENTED_EDGE('',*,*,#4212,.T.);
#5582=ORIENTED_EDGE('',*,*,#4170,.T.);
#5583=ORIENTED_EDGE('',*,*,#4217,.F.);
#5584=ORIENTED_EDGE('',*,*,#4218,.T.);
#5585=ORIENTED_EDGE('',*,*,#4219,.F.);
#5586=ORIENTED_EDGE('',*,*,#4169,.T.);
#5587=ORIENTED_EDGE('',*,*,#4220,.F.);
#5588=ORIENTED_EDGE('',*,*,#4221,.T.);
#5589=ORIENTED_EDGE('',*,*,#4222,.T.);
#5590=ORIENTED_EDGE('',*,*,#4223,.F.);
#5591=ORIENTED_EDGE('',*,*,#4217,.T.);
#5592=ORIENTED_EDGE('',*,*,#4168,.T.);
#5593=ORIENTED_EDGE('',*,*,#4224,.F.);
#5594=ORIENTED_EDGE('',*,*,#4225,.F.);
#5595=ORIENTED_EDGE('',*,*,#4220,.T.);
#5596=ORIENTED_EDGE('',*,*,#4167,.T.);
#5597=ORIENTED_EDGE('',*,*,#4226,.F.);
#5598=ORIENTED_EDGE('',*,*,#4227,.T.);
#5599=ORIENTED_EDGE('',*,*,#4228,.T.);
#5600=ORIENTED_EDGE('',*,*,#4229,.F.);
#5601=ORIENTED_EDGE('',*,*,#4224,.T.);
#5602=ORIENTED_EDGE('',*,*,#4184,.T.);
#5603=ORIENTED_EDGE('',*,*,#4230,.F.);
#5604=ORIENTED_EDGE('',*,*,#4231,.F.);
#5605=ORIENTED_EDGE('',*,*,#4232,.F.);
#5606=ORIENTED_EDGE('',*,*,#4183,.T.);
#5607=ORIENTED_EDGE('',*,*,#4233,.T.);
#5608=ORIENTED_EDGE('',*,*,#4234,.T.);
#5609=ORIENTED_EDGE('',*,*,#4230,.T.);
#5610=ORIENTED_EDGE('',*,*,#4182,.T.);
#5611=ORIENTED_EDGE('',*,*,#4235,.F.);
#5612=ORIENTED_EDGE('',*,*,#4236,.F.);
#5613=ORIENTED_EDGE('',*,*,#4233,.F.);
#5614=ORIENTED_EDGE('',*,*,#4181,.T.);
#5615=ORIENTED_EDGE('',*,*,#4237,.F.);
#5616=ORIENTED_EDGE('',*,*,#4238,.T.);
#5617=ORIENTED_EDGE('',*,*,#4235,.T.);
#5618=ORIENTED_EDGE('',*,*,#4180,.T.);
#5619=ORIENTED_EDGE('',*,*,#4239,.T.);
#5620=ORIENTED_EDGE('',*,*,#4240,.F.);
#5621=ORIENTED_EDGE('',*,*,#4241,.F.);
#5622=ORIENTED_EDGE('',*,*,#3788,.T.);
#5623=ORIENTED_EDGE('',*,*,#4242,.T.);
#5624=ORIENTED_EDGE('',*,*,#4243,.T.);
#5625=ORIENTED_EDGE('',*,*,#4237,.T.);
#5626=ORIENTED_EDGE('',*,*,#4194,.T.);
#5627=ORIENTED_EDGE('',*,*,#3979,.F.);
#5628=ORIENTED_EDGE('',*,*,#4244,.T.);
#5629=ORIENTED_EDGE('',*,*,#4245,.T.);
#5630=ORIENTED_EDGE('',*,*,#4193,.T.);
#5631=ORIENTED_EDGE('',*,*,#4246,.F.);
#5632=ORIENTED_EDGE('',*,*,#4247,.T.);
#5633=ORIENTED_EDGE('',*,*,#3981,.F.);
#5634=ORIENTED_EDGE('',*,*,#4171,.T.);
#5635=ORIENTED_EDGE('',*,*,#4219,.T.);
#5636=ORIENTED_EDGE('',*,*,#4248,.T.);
#5637=ORIENTED_EDGE('',*,*,#4249,.T.);
#5638=ORIENTED_EDGE('',*,*,#4250,.T.);
#5639=ORIENTED_EDGE('',*,*,#4251,.T.);
#5640=ORIENTED_EDGE('',*,*,#4197,.T.);
#5641=ORIENTED_EDGE('',*,*,#4252,.F.);
#5642=ORIENTED_EDGE('',*,*,#4253,.T.);
#5643=ORIENTED_EDGE('',*,*,#4215,.T.);
#5644=ORIENTED_EDGE('',*,*,#4192,.T.);
#5645=ORIENTED_EDGE('',*,*,#4254,.T.);
#5646=ORIENTED_EDGE('',*,*,#4255,.T.);
#5647=ORIENTED_EDGE('',*,*,#4246,.T.);
#5648=ORIENTED_EDGE('',*,*,#4191,.T.);
#5649=ORIENTED_EDGE('',*,*,#4256,.F.);
#5650=ORIENTED_EDGE('',*,*,#4257,.F.);
#5651=ORIENTED_EDGE('',*,*,#4254,.F.);
#5652=ORIENTED_EDGE('',*,*,#4190,.T.);
#5653=ORIENTED_EDGE('',*,*,#4258,.T.);
#5654=ORIENTED_EDGE('',*,*,#4259,.T.);
#5655=ORIENTED_EDGE('',*,*,#4256,.T.);
#5656=ORIENTED_EDGE('',*,*,#4189,.T.);
#5657=ORIENTED_EDGE('',*,*,#4260,.F.);
#5658=ORIENTED_EDGE('',*,*,#4261,.F.);
#5659=ORIENTED_EDGE('',*,*,#4258,.F.);
#5660=ORIENTED_EDGE('',*,*,#4262,.T.);
#5661=ORIENTED_EDGE('',*,*,#4263,.T.);
#5662=ORIENTED_EDGE('',*,*,#4264,.T.);
#5663=ORIENTED_EDGE('',*,*,#4265,.T.);
#5664=ORIENTED_EDGE('',*,*,#4266,.F.);
#5665=ORIENTED_EDGE('',*,*,#4267,.T.);
#5666=ORIENTED_EDGE('',*,*,#4263,.F.);
#5667=ORIENTED_EDGE('',*,*,#3715,.F.);
#5668=ORIENTED_EDGE('',*,*,#4268,.F.);
#5669=ORIENTED_EDGE('',*,*,#4269,.F.);
#5670=ORIENTED_EDGE('',*,*,#4270,.F.);
#5671=ORIENTED_EDGE('',*,*,#4271,.F.);
#5672=ORIENTED_EDGE('',*,*,#4272,.T.);
#5673=ORIENTED_EDGE('',*,*,#4264,.F.);
#5674=ORIENTED_EDGE('',*,*,#4267,.F.);
#5675=ORIENTED_EDGE('',*,*,#4273,.F.);
#5676=ORIENTED_EDGE('',*,*,#4268,.T.);
#5677=ORIENTED_EDGE('',*,*,#3714,.F.);
#5678=ORIENTED_EDGE('',*,*,#4274,.F.);
#5679=ORIENTED_EDGE('',*,*,#4275,.F.);
#5680=ORIENTED_EDGE('',*,*,#4276,.F.);
#5681=ORIENTED_EDGE('',*,*,#4265,.F.);
#5682=ORIENTED_EDGE('',*,*,#4272,.F.);
#5683=ORIENTED_EDGE('',*,*,#4277,.F.);
#5684=ORIENTED_EDGE('',*,*,#4274,.T.);
#5685=ORIENTED_EDGE('',*,*,#3713,.F.);
#5686=ORIENTED_EDGE('',*,*,#4278,.F.);
#5687=ORIENTED_EDGE('',*,*,#4275,.T.);
#5688=ORIENTED_EDGE('',*,*,#4277,.T.);
#5689=ORIENTED_EDGE('',*,*,#4271,.T.);
#5690=ORIENTED_EDGE('',*,*,#4276,.T.);
#5691=ORIENTED_EDGE('',*,*,#4278,.T.);
#5692=ORIENTED_EDGE('',*,*,#4270,.T.);
#5693=ORIENTED_EDGE('',*,*,#4279,.T.);
#5694=ORIENTED_EDGE('',*,*,#4280,.T.);
#5695=ORIENTED_EDGE('',*,*,#4281,.T.);
#5696=ORIENTED_EDGE('',*,*,#4282,.T.);
#5697=ORIENTED_EDGE('',*,*,#4283,.T.);
#5698=ORIENTED_EDGE('',*,*,#4284,.F.);
#5699=ORIENTED_EDGE('',*,*,#4285,.T.);
#5700=ORIENTED_EDGE('',*,*,#4286,.T.);
#5701=ORIENTED_EDGE('',*,*,#4287,.T.);
#5702=ORIENTED_EDGE('',*,*,#3802,.F.);
#5703=ORIENTED_EDGE('',*,*,#4288,.F.);
#5704=ORIENTED_EDGE('',*,*,#4289,.F.);
#5705=ORIENTED_EDGE('',*,*,#4290,.T.);
#5706=ORIENTED_EDGE('',*,*,#4285,.F.);
#5707=ORIENTED_EDGE('',*,*,#3801,.F.);
#5708=ORIENTED_EDGE('',*,*,#4291,.F.);
#5709=ORIENTED_EDGE('',*,*,#4292,.F.);
#5710=ORIENTED_EDGE('',*,*,#4293,.F.);
#5711=ORIENTED_EDGE('',*,*,#4288,.T.);
#5712=ORIENTED_EDGE('',*,*,#4287,.F.);
#5713=ORIENTED_EDGE('',*,*,#4294,.F.);
#5714=ORIENTED_EDGE('',*,*,#4295,.F.);
#5715=ORIENTED_EDGE('',*,*,#4291,.T.);
#5716=ORIENTED_EDGE('',*,*,#3800,.F.);
#5717=ORIENTED_EDGE('',*,*,#4286,.F.);
#5718=ORIENTED_EDGE('',*,*,#4290,.F.);
#5719=ORIENTED_EDGE('',*,*,#4296,.F.);
#5720=ORIENTED_EDGE('',*,*,#4297,.F.);
#5721=ORIENTED_EDGE('',*,*,#4294,.T.);
#5722=ORIENTED_EDGE('',*,*,#4298,.F.);
#5723=ORIENTED_EDGE('',*,*,#4296,.T.);
#5724=ORIENTED_EDGE('',*,*,#4289,.T.);
#5725=ORIENTED_EDGE('',*,*,#4293,.T.);
#5726=ORIENTED_EDGE('',*,*,#4299,.T.);
#5727=ORIENTED_EDGE('',*,*,#4300,.T.);
#5728=ORIENTED_EDGE('',*,*,#4301,.T.);
#5729=ORIENTED_EDGE('',*,*,#4302,.T.);
#5730=ORIENTED_EDGE('',*,*,#4303,.F.);
#5731=ORIENTED_EDGE('',*,*,#4304,.T.);
#5732=ORIENTED_EDGE('',*,*,#3718,.F.);
#5733=ORIENTED_EDGE('',*,*,#4305,.F.);
#5734=ORIENTED_EDGE('',*,*,#4306,.F.);
#5735=ORIENTED_EDGE('',*,*,#4307,.T.);
#5736=ORIENTED_EDGE('',*,*,#4300,.F.);
#5737=ORIENTED_EDGE('',*,*,#3719,.F.);
#5738=ORIENTED_EDGE('',*,*,#4304,.F.);
#5739=ORIENTED_EDGE('',*,*,#4308,.F.);
#5740=ORIENTED_EDGE('',*,*,#4305,.T.);
#5741=ORIENTED_EDGE('',*,*,#3717,.F.);
#5742=ORIENTED_EDGE('',*,*,#4302,.F.);
#5743=ORIENTED_EDGE('',*,*,#4309,.F.);
#5744=ORIENTED_EDGE('',*,*,#4310,.F.);
#5745=ORIENTED_EDGE('',*,*,#4309,.T.);
#5746=ORIENTED_EDGE('',*,*,#4301,.F.);
#5747=ORIENTED_EDGE('',*,*,#4307,.F.);
#5748=ORIENTED_EDGE('',*,*,#4311,.F.);
#5749=ORIENTED_EDGE('',*,*,#4312,.T.);
#5750=ORIENTED_EDGE('',*,*,#4313,.T.);
#5751=ORIENTED_EDGE('',*,*,#4314,.T.);
#5752=ORIENTED_EDGE('',*,*,#3798,.F.);
#5753=ORIENTED_EDGE('',*,*,#4315,.F.);
#5754=ORIENTED_EDGE('',*,*,#4316,.F.);
#5755=ORIENTED_EDGE('',*,*,#4317,.T.);
#5756=ORIENTED_EDGE('',*,*,#4312,.F.);
#5757=ORIENTED_EDGE('',*,*,#3797,.F.);
#5758=ORIENTED_EDGE('',*,*,#4318,.F.);
#5759=ORIENTED_EDGE('',*,*,#4319,.F.);
#5760=ORIENTED_EDGE('',*,*,#4315,.T.);
#5761=ORIENTED_EDGE('',*,*,#4314,.F.);
#5762=ORIENTED_EDGE('',*,*,#4320,.F.);
#5763=ORIENTED_EDGE('',*,*,#4321,.F.);
#5764=ORIENTED_EDGE('',*,*,#4318,.T.);
#5765=ORIENTED_EDGE('',*,*,#3796,.F.);
#5766=ORIENTED_EDGE('',*,*,#4313,.F.);
#5767=ORIENTED_EDGE('',*,*,#4317,.F.);
#5768=ORIENTED_EDGE('',*,*,#4322,.F.);
#5769=ORIENTED_EDGE('',*,*,#4320,.T.);
#5770=ORIENTED_EDGE('',*,*,#4323,.T.);
#5771=ORIENTED_EDGE('',*,*,#4324,.T.);
#5772=ORIENTED_EDGE('',*,*,#4298,.T.);
#5773=ORIENTED_EDGE('',*,*,#4325,.T.);
#5774=ORIENTED_EDGE('',*,*,#4326,.T.);
#5775=ORIENTED_EDGE('',*,*,#4327,.T.);
#5776=ORIENTED_EDGE('',*,*,#4328,.T.);
#5777=ORIENTED_EDGE('',*,*,#4329,.T.);
#5778=ORIENTED_EDGE('',*,*,#4330,.T.);
#5779=ORIENTED_EDGE('',*,*,#4331,.T.);
#5780=ORIENTED_EDGE('',*,*,#4328,.F.);
#5781=ORIENTED_EDGE('',*,*,#4332,.T.);
#5782=ORIENTED_EDGE('',*,*,#4326,.F.);
#5783=ORIENTED_EDGE('',*,*,#4327,.F.);
#5784=ORIENTED_EDGE('',*,*,#4333,.F.);
#5785=ORIENTED_EDGE('',*,*,#4334,.F.);
#5786=ORIENTED_EDGE('',*,*,#4335,.T.);
#5787=ORIENTED_EDGE('',*,*,#4332,.F.);
#5788=ORIENTED_EDGE('',*,*,#4336,.T.);
#5789=ORIENTED_EDGE('',*,*,#4337,.T.);
#5790=ORIENTED_EDGE('',*,*,#4333,.T.);
#5791=ORIENTED_EDGE('',*,*,#4331,.F.);
#5792=ORIENTED_EDGE('',*,*,#4338,.F.);
#5793=ORIENTED_EDGE('',*,*,#3792,.T.);
#5794=ORIENTED_EDGE('',*,*,#4339,.F.);
#5795=ORIENTED_EDGE('',*,*,#4340,.F.);
#5796=ORIENTED_EDGE('',*,*,#4341,.F.);
#5797=ORIENTED_EDGE('',*,*,#3723,.T.);
#5798=ORIENTED_EDGE('',*,*,#4342,.F.);
#5799=ORIENTED_EDGE('',*,*,#4343,.F.);
#5800=ORIENTED_EDGE('',*,*,#4344,.F.);
#5801=ORIENTED_EDGE('',*,*,#4345,.F.);
#5802=ORIENTED_EDGE('',*,*,#4346,.F.);
#5803=ORIENTED_EDGE('',*,*,#4347,.F.);
#5804=ORIENTED_EDGE('',*,*,#4348,.F.);
#5805=ORIENTED_EDGE('',*,*,#4349,.F.);
#5806=ORIENTED_EDGE('',*,*,#4350,.F.);
#5807=ORIENTED_EDGE('',*,*,#4351,.F.);
#5808=ORIENTED_EDGE('',*,*,#4336,.F.);
#5809=ORIENTED_EDGE('',*,*,#4352,.T.);
#5810=ORIENTED_EDGE('',*,*,#4343,.T.);
#5811=ORIENTED_EDGE('',*,*,#4353,.T.);
#5812=ORIENTED_EDGE('',*,*,#4354,.T.);
#5813=ORIENTED_EDGE('',*,*,#4282,.F.);
#5814=ORIENTED_EDGE('',*,*,#4355,.T.);
#5815=ORIENTED_EDGE('',*,*,#4352,.F.);
#5816=ORIENTED_EDGE('',*,*,#4355,.F.);
#5817=ORIENTED_EDGE('',*,*,#4356,.T.);
#5818=ORIENTED_EDGE('',*,*,#4357,.F.);
#5819=ORIENTED_EDGE('',*,*,#4344,.T.);
#5820=ORIENTED_EDGE('',*,*,#4281,.F.);
#5821=ORIENTED_EDGE('',*,*,#4358,.T.);
#5822=ORIENTED_EDGE('',*,*,#4359,.T.);
#5823=ORIENTED_EDGE('',*,*,#4356,.F.);
#5824=ORIENTED_EDGE('',*,*,#4360,.T.);
#5825=ORIENTED_EDGE('',*,*,#4361,.F.);
#5826=ORIENTED_EDGE('',*,*,#4362,.T.);
#5827=ORIENTED_EDGE('',*,*,#4363,.T.);
#5828=ORIENTED_EDGE('',*,*,#4364,.F.);
#5829=ORIENTED_EDGE('',*,*,#4365,.T.);
#5830=ORIENTED_EDGE('',*,*,#4366,.T.);
#5831=ORIENTED_EDGE('',*,*,#4367,.T.);
#5832=ORIENTED_EDGE('',*,*,#4368,.T.);
#5833=ORIENTED_EDGE('',*,*,#4366,.F.);
#5834=ORIENTED_EDGE('',*,*,#4369,.T.);
#5835=ORIENTED_EDGE('',*,*,#4370,.T.);
#5836=ORIENTED_EDGE('',*,*,#4371,.T.);
#5837=ORIENTED_EDGE('',*,*,#4370,.F.);
#5838=ORIENTED_EDGE('',*,*,#4372,.F.);
#5839=ORIENTED_EDGE('',*,*,#4373,.T.);
#5840=ORIENTED_EDGE('',*,*,#4363,.F.);
#5841=ORIENTED_EDGE('',*,*,#4360,.F.);
#5842=ORIENTED_EDGE('',*,*,#4374,.T.);
#5843=ORIENTED_EDGE('',*,*,#4375,.F.);
#5844=ORIENTED_EDGE('',*,*,#4376,.T.);
#5845=ORIENTED_EDGE('',*,*,#4373,.F.);
#5846=ORIENTED_EDGE('',*,*,#4377,.F.);
#5847=ORIENTED_EDGE('',*,*,#4378,.F.);
#5848=ORIENTED_EDGE('',*,*,#4379,.F.);
#5849=ORIENTED_EDGE('',*,*,#4380,.F.);
#5850=ORIENTED_EDGE('',*,*,#4381,.F.);
#5851=ORIENTED_EDGE('',*,*,#4382,.F.);
#5852=ORIENTED_EDGE('',*,*,#4383,.T.);
#5853=ORIENTED_EDGE('',*,*,#4384,.F.);
#5854=ORIENTED_EDGE('',*,*,#4385,.F.);
#5855=ORIENTED_EDGE('',*,*,#4386,.F.);
#5856=ORIENTED_EDGE('',*,*,#4387,.F.);
#5857=ORIENTED_EDGE('',*,*,#4388,.F.);
#5858=ORIENTED_EDGE('',*,*,#4389,.F.);
#5859=ORIENTED_EDGE('',*,*,#4390,.F.);
#5860=ORIENTED_EDGE('',*,*,#4374,.F.);
#5861=ORIENTED_EDGE('',*,*,#4372,.T.);
#5862=ORIENTED_EDGE('',*,*,#4369,.F.);
#5863=ORIENTED_EDGE('',*,*,#4391,.F.);
#5864=ORIENTED_EDGE('',*,*,#4392,.T.);
#5865=ORIENTED_EDGE('',*,*,#4377,.T.);
#5866=ORIENTED_EDGE('',*,*,#4361,.T.);
#5867=ORIENTED_EDGE('',*,*,#4376,.F.);
#5868=ORIENTED_EDGE('',*,*,#4393,.T.);
#5869=ORIENTED_EDGE('',*,*,#4394,.F.);
#5870=ORIENTED_EDGE('',*,*,#4395,.T.);
#5871=ORIENTED_EDGE('',*,*,#4396,.T.);
#5872=ORIENTED_EDGE('',*,*,#4397,.T.);
#5873=ORIENTED_EDGE('',*,*,#4398,.T.);
#5874=ORIENTED_EDGE('',*,*,#4399,.F.);
#5875=ORIENTED_EDGE('',*,*,#3710,.T.);
#5876=ORIENTED_EDGE('',*,*,#4400,.T.);
#5877=ORIENTED_EDGE('',*,*,#4401,.T.);
#5878=ORIENTED_EDGE('',*,*,#4402,.T.);
#5879=ORIENTED_EDGE('',*,*,#4403,.T.);
#5880=ORIENTED_EDGE('',*,*,#4404,.T.);
#5881=ORIENTED_EDGE('',*,*,#4405,.T.);
#5882=ORIENTED_EDGE('',*,*,#4406,.T.);
#5883=ORIENTED_EDGE('',*,*,#4407,.T.);
#5884=ORIENTED_EDGE('',*,*,#4408,.T.);
#5885=ORIENTED_EDGE('',*,*,#4409,.T.);
#5886=ORIENTED_EDGE('',*,*,#4410,.T.);
#5887=ORIENTED_EDGE('',*,*,#4411,.T.);
#5888=ORIENTED_EDGE('',*,*,#4412,.T.);
#5889=ORIENTED_EDGE('',*,*,#4413,.T.);
#5890=ORIENTED_EDGE('',*,*,#4414,.T.);
#5891=ORIENTED_EDGE('',*,*,#4415,.T.);
#5892=ORIENTED_EDGE('',*,*,#4416,.T.);
#5893=ORIENTED_EDGE('',*,*,#4417,.T.);
#5894=ORIENTED_EDGE('',*,*,#3805,.T.);
#5895=ORIENTED_EDGE('',*,*,#4418,.T.);
#5896=ORIENTED_EDGE('',*,*,#4419,.T.);
#5897=ORIENTED_EDGE('',*,*,#4420,.T.);
#5898=ORIENTED_EDGE('',*,*,#4421,.T.);
#5899=ORIENTED_EDGE('',*,*,#4422,.T.);
#5900=ORIENTED_EDGE('',*,*,#4364,.T.);
#5901=ORIENTED_EDGE('',*,*,#4423,.F.);
#5902=ORIENTED_EDGE('',*,*,#4365,.F.);
#5903=ORIENTED_EDGE('',*,*,#4422,.F.);
#5904=ORIENTED_EDGE('',*,*,#4424,.T.);
#5905=ORIENTED_EDGE('',*,*,#4391,.T.);
#5906=ORIENTED_EDGE('',*,*,#4425,.T.);
#5907=ORIENTED_EDGE('',*,*,#4418,.F.);
#5908=ORIENTED_EDGE('',*,*,#3804,.T.);
#5909=ORIENTED_EDGE('',*,*,#4426,.T.);
#5910=ORIENTED_EDGE('',*,*,#3803,.T.);
#5911=ORIENTED_EDGE('',*,*,#4284,.T.);
#5912=ORIENTED_EDGE('',*,*,#3799,.T.);
#5913=ORIENTED_EDGE('',*,*,#4311,.T.);
#5914=ORIENTED_EDGE('',*,*,#3795,.T.);
#5915=ORIENTED_EDGE('',*,*,#4427,.F.);
#5916=ORIENTED_EDGE('',*,*,#4381,.T.);
#5917=ORIENTED_EDGE('',*,*,#4426,.F.);
#5918=ORIENTED_EDGE('',*,*,#4425,.F.);
#5919=ORIENTED_EDGE('',*,*,#4380,.T.);
#5920=ORIENTED_EDGE('',*,*,#4428,.F.);
#5921=ORIENTED_EDGE('',*,*,#4419,.F.);
#5922=ORIENTED_EDGE('',*,*,#4429,.F.);
#5923=ORIENTED_EDGE('',*,*,#3711,.T.);
#5924=ORIENTED_EDGE('',*,*,#4399,.T.);
#5925=ORIENTED_EDGE('',*,*,#4430,.T.);
#5926=ORIENTED_EDGE('',*,*,#4431,.T.);
#5927=ORIENTED_EDGE('',*,*,#3720,.F.);
#5928=ORIENTED_EDGE('',*,*,#4299,.F.);
#5929=ORIENTED_EDGE('',*,*,#3716,.F.);
#5930=ORIENTED_EDGE('',*,*,#4262,.F.);
#5931=ORIENTED_EDGE('',*,*,#3712,.F.);
#5932=ORIENTED_EDGE('',*,*,#4429,.T.);
#5933=ORIENTED_EDGE('',*,*,#4432,.T.);
#5934=ORIENTED_EDGE('',*,*,#4433,.F.);
#5935=ORIENTED_EDGE('',*,*,#4385,.T.);
#5936=ORIENTED_EDGE('',*,*,#4434,.T.);
#5937=ORIENTED_EDGE('',*,*,#4435,.T.);
#5938=ORIENTED_EDGE('',*,*,#4436,.T.);
#5939=ORIENTED_EDGE('',*,*,#4437,.T.);
#5940=ORIENTED_EDGE('',*,*,#4438,.T.);
#5941=ORIENTED_EDGE('',*,*,#4439,.T.);
#5942=ORIENTED_EDGE('',*,*,#4436,.F.);
#5943=ORIENTED_EDGE('',*,*,#4440,.T.);
#5944=ORIENTED_EDGE('',*,*,#4441,.T.);
#5945=ORIENTED_EDGE('',*,*,#4442,.T.);
#5946=ORIENTED_EDGE('',*,*,#4438,.F.);
#5947=ORIENTED_EDGE('',*,*,#4443,.T.);
#5948=ORIENTED_EDGE('',*,*,#4444,.T.);
#5949=ORIENTED_EDGE('',*,*,#4445,.T.);
#5950=ORIENTED_EDGE('',*,*,#4441,.F.);
#5951=ORIENTED_EDGE('',*,*,#4446,.T.);
#5952=ORIENTED_EDGE('',*,*,#4447,.T.);
#5953=ORIENTED_EDGE('',*,*,#4448,.T.);
#5954=ORIENTED_EDGE('',*,*,#4444,.F.);
#5955=ORIENTED_EDGE('',*,*,#4449,.T.);
#5956=ORIENTED_EDGE('',*,*,#4450,.T.);
#5957=ORIENTED_EDGE('',*,*,#4451,.T.);
#5958=ORIENTED_EDGE('',*,*,#4452,.T.);
#5959=ORIENTED_EDGE('',*,*,#3880,.T.);
#5960=ORIENTED_EDGE('',*,*,#4453,.T.);
#5961=ORIENTED_EDGE('',*,*,#3881,.T.);
#5962=ORIENTED_EDGE('',*,*,#4452,.F.);
#5963=ORIENTED_EDGE('',*,*,#4454,.T.);
#5964=ORIENTED_EDGE('',*,*,#4455,.T.);
#5965=ORIENTED_EDGE('',*,*,#3882,.T.);
#5966=ORIENTED_EDGE('',*,*,#4453,.F.);
#5967=ORIENTED_EDGE('',*,*,#4456,.T.);
#5968=ORIENTED_EDGE('',*,*,#4457,.T.);
#5969=ORIENTED_EDGE('',*,*,#3883,.T.);
#5970=ORIENTED_EDGE('',*,*,#4455,.F.);
#5971=ORIENTED_EDGE('',*,*,#4458,.T.);
#5972=ORIENTED_EDGE('',*,*,#4459,.T.);
#5973=ORIENTED_EDGE('',*,*,#3878,.T.);
#5974=ORIENTED_EDGE('',*,*,#4457,.F.);
#5975=ORIENTED_EDGE('',*,*,#4460,.T.);
#5976=ORIENTED_EDGE('',*,*,#4448,.F.);
#5977=ORIENTED_EDGE('',*,*,#4461,.F.);
#5978=ORIENTED_EDGE('',*,*,#4437,.F.);
#5979=ORIENTED_EDGE('',*,*,#4439,.F.);
#5980=ORIENTED_EDGE('',*,*,#4442,.F.);
#5981=ORIENTED_EDGE('',*,*,#4445,.F.);
#5982=ORIENTED_EDGE('',*,*,#4447,.F.);
#5983=ORIENTED_EDGE('',*,*,#4462,.F.);
#5984=ORIENTED_EDGE('',*,*,#4434,.F.);
#5985=ORIENTED_EDGE('',*,*,#4461,.T.);
#5986=ORIENTED_EDGE('',*,*,#4463,.T.);
#5987=ORIENTED_EDGE('',*,*,#4464,.T.);
#5988=ORIENTED_EDGE('',*,*,#4465,.T.);
#5989=ORIENTED_EDGE('',*,*,#4466,.T.);
#5990=ORIENTED_EDGE('',*,*,#4467,.T.);
#5991=ORIENTED_EDGE('',*,*,#4468,.T.);
#5992=ORIENTED_EDGE('',*,*,#3868,.T.);
#5993=ORIENTED_EDGE('',*,*,#4466,.F.);
#5994=ORIENTED_EDGE('',*,*,#4469,.T.);
#5995=ORIENTED_EDGE('',*,*,#4470,.T.);
#5996=ORIENTED_EDGE('',*,*,#4471,.T.);
#5997=ORIENTED_EDGE('',*,*,#4472,.T.);
#5998=ORIENTED_EDGE('',*,*,#4473,.T.);
#5999=ORIENTED_EDGE('',*,*,#4340,.T.);
#6000=ORIENTED_EDGE('',*,*,#4471,.F.);
#6001=ORIENTED_EDGE('',*,*,#4474,.T.);
#6002=ORIENTED_EDGE('',*,*,#4475,.T.);
#6003=ORIENTED_EDGE('',*,*,#4476,.T.);
#6004=ORIENTED_EDGE('',*,*,#4473,.F.);
#6005=ORIENTED_EDGE('',*,*,#4477,.T.);
#6006=ORIENTED_EDGE('',*,*,#4469,.F.);
#6007=ORIENTED_EDGE('',*,*,#4478,.T.);
#6008=ORIENTED_EDGE('',*,*,#4464,.F.);
#6009=ORIENTED_EDGE('',*,*,#4479,.T.);
#6010=ORIENTED_EDGE('',*,*,#3866,.T.);
#6011=ORIENTED_EDGE('',*,*,#4480,.T.);
#6012=ORIENTED_EDGE('',*,*,#4481,.T.);
#6013=ORIENTED_EDGE('',*,*,#4482,.T.);
#6014=ORIENTED_EDGE('',*,*,#4483,.T.);
#6015=ORIENTED_EDGE('',*,*,#4484,.T.);
#6016=ORIENTED_EDGE('',*,*,#4485,.T.);
#6017=ORIENTED_EDGE('',*,*,#4482,.F.);
#6018=ORIENTED_EDGE('',*,*,#4484,.F.);
#6019=ORIENTED_EDGE('',*,*,#4486,.T.);
#6020=ORIENTED_EDGE('',*,*,#4475,.F.);
#6021=ORIENTED_EDGE('',*,*,#4487,.T.);
#6022=ORIENTED_EDGE('',*,*,#4467,.F.);
#6023=ORIENTED_EDGE('',*,*,#4465,.F.);
#6024=ORIENTED_EDGE('',*,*,#4478,.F.);
#6025=ORIENTED_EDGE('',*,*,#4488,.F.);
#6026=ORIENTED_EDGE('',*,*,#3790,.T.);
#6027=ORIENTED_EDGE('',*,*,#4489,.F.);
#6028=ORIENTED_EDGE('',*,*,#4490,.F.);
#6029=ORIENTED_EDGE('',*,*,#4472,.F.);
#6030=ORIENTED_EDGE('',*,*,#4339,.T.);
#6031=ORIENTED_EDGE('',*,*,#3791,.T.);
#6032=ORIENTED_EDGE('',*,*,#4488,.T.);
#6033=ORIENTED_EDGE('',*,*,#4476,.F.);
#6034=ORIENTED_EDGE('',*,*,#4491,.T.);
#6035=ORIENTED_EDGE('',*,*,#3724,.T.);
#6036=ORIENTED_EDGE('',*,*,#4341,.T.);
#6037=ORIENTED_EDGE('',*,*,#4486,.F.);
#6038=ORIENTED_EDGE('',*,*,#4483,.F.);
#6039=ORIENTED_EDGE('',*,*,#4481,.F.);
#6040=ORIENTED_EDGE('',*,*,#4492,.F.);
#6041=ORIENTED_EDGE('',*,*,#4493,.F.);
#6042=ORIENTED_EDGE('',*,*,#3725,.F.);
#6043=ORIENTED_EDGE('',*,*,#4491,.F.);
#6044=ORIENTED_EDGE('',*,*,#4494,.T.);
#6045=ORIENTED_EDGE('',*,*,#4489,.T.);
#6046=ORIENTED_EDGE('',*,*,#3789,.T.);
#6047=ORIENTED_EDGE('',*,*,#4241,.T.);
#6048=ORIENTED_EDGE('',*,*,#4463,.F.);
#6049=ORIENTED_EDGE('',*,*,#3867,.F.);
#6050=ORIENTED_EDGE('',*,*,#4485,.F.);
#6051=ORIENTED_EDGE('',*,*,#4487,.F.);
#6052=ORIENTED_EDGE('',*,*,#4477,.F.);
#6053=ORIENTED_EDGE('',*,*,#4474,.F.);
#6054=ORIENTED_EDGE('',*,*,#4470,.F.);
#6055=ORIENTED_EDGE('',*,*,#4479,.F.);
#6056=ORIENTED_EDGE('',*,*,#4495,.T.);
#6057=ORIENTED_EDGE('',*,*,#4496,.T.);
#6058=ORIENTED_EDGE('',*,*,#3726,.T.);
#6059=ORIENTED_EDGE('',*,*,#4493,.T.);
#6060=ORIENTED_EDGE('',*,*,#4151,.T.);
#6061=ORIENTED_EDGE('',*,*,#4497,.T.);
#6062=ORIENTED_EDGE('',*,*,#4498,.T.);
#6063=ORIENTED_EDGE('',*,*,#4499,.F.);
#6064=ORIENTED_EDGE('',*,*,#4500,.F.);
#6065=ORIENTED_EDGE('',*,*,#4501,.F.);
#6066=ORIENTED_EDGE('',*,*,#4502,.F.);
#6067=ORIENTED_EDGE('',*,*,#3727,.T.);
#6068=ORIENTED_EDGE('',*,*,#4496,.F.);
#6069=ORIENTED_EDGE('',*,*,#4503,.F.);
#6070=ORIENTED_EDGE('',*,*,#4209,.T.);
#6071=ORIENTED_EDGE('',*,*,#4490,.T.);
#6072=ORIENTED_EDGE('',*,*,#4494,.F.);
#6073=ORIENTED_EDGE('',*,*,#4240,.T.);
#6074=ORIENTED_EDGE('',*,*,#4504,.T.);
#6075=ORIENTED_EDGE('',*,*,#4505,.T.);
#6076=ORIENTED_EDGE('',*,*,#3869,.T.);
#6077=ORIENTED_EDGE('',*,*,#4468,.F.);
#6078=ORIENTED_EDGE('',*,*,#4342,.T.);
#6079=ORIENTED_EDGE('',*,*,#3722,.T.);
#6080=ORIENTED_EDGE('',*,*,#4506,.T.);
#6081=ORIENTED_EDGE('',*,*,#4353,.F.);
#6082=ORIENTED_EDGE('',*,*,#3793,.T.);
#6083=ORIENTED_EDGE('',*,*,#4338,.T.);
#6084=ORIENTED_EDGE('',*,*,#4330,.F.);
#6085=ORIENTED_EDGE('',*,*,#4507,.T.);
#6086=ORIENTED_EDGE('',*,*,#4508,.T.);
#6087=ORIENTED_EDGE('',*,*,#4509,.T.);
#6088=ORIENTED_EDGE('',*,*,#4337,.F.);
#6089=ORIENTED_EDGE('',*,*,#4351,.T.);
#6090=ORIENTED_EDGE('',*,*,#4510,.T.);
#6091=ORIENTED_EDGE('',*,*,#4511,.T.);
#6092=ORIENTED_EDGE('',*,*,#4508,.F.);
#6093=ORIENTED_EDGE('',*,*,#4350,.T.);
#6094=ORIENTED_EDGE('',*,*,#4512,.T.);
#6095=ORIENTED_EDGE('',*,*,#4513,.T.);
#6096=ORIENTED_EDGE('',*,*,#4510,.F.);
#6097=ORIENTED_EDGE('',*,*,#4349,.T.);
#6098=ORIENTED_EDGE('',*,*,#4514,.T.);
#6099=ORIENTED_EDGE('',*,*,#4515,.T.);
#6100=ORIENTED_EDGE('',*,*,#4512,.F.);
#6101=ORIENTED_EDGE('',*,*,#4348,.T.);
#6102=ORIENTED_EDGE('',*,*,#4516,.T.);
#6103=ORIENTED_EDGE('',*,*,#4517,.T.);
#6104=ORIENTED_EDGE('',*,*,#4514,.F.);
#6105=ORIENTED_EDGE('',*,*,#4347,.T.);
#6106=ORIENTED_EDGE('',*,*,#4518,.T.);
#6107=ORIENTED_EDGE('',*,*,#4519,.T.);
#6108=ORIENTED_EDGE('',*,*,#4516,.F.);
#6109=ORIENTED_EDGE('',*,*,#4346,.T.);
#6110=ORIENTED_EDGE('',*,*,#4357,.T.);
#6111=ORIENTED_EDGE('',*,*,#4520,.T.);
#6112=ORIENTED_EDGE('',*,*,#4518,.F.);
#6113=ORIENTED_EDGE('',*,*,#4345,.T.);
#6114=ORIENTED_EDGE('',*,*,#4297,.T.);
#6115=ORIENTED_EDGE('',*,*,#4324,.F.);
#6116=ORIENTED_EDGE('',*,*,#4521,.F.);
#6117=ORIENTED_EDGE('',*,*,#4522,.T.);
#6118=ORIENTED_EDGE('',*,*,#4329,.F.);
#6119=ORIENTED_EDGE('',*,*,#4325,.F.);
#6120=ORIENTED_EDGE('',*,*,#4292,.T.);
#6121=ORIENTED_EDGE('',*,*,#4295,.T.);
#6122=ORIENTED_EDGE('',*,*,#4316,.T.);
#6123=ORIENTED_EDGE('',*,*,#4319,.T.);
#6124=ORIENTED_EDGE('',*,*,#4321,.T.);
#6125=ORIENTED_EDGE('',*,*,#4322,.T.);
#6126=ORIENTED_EDGE('',*,*,#4519,.F.);
#6127=ORIENTED_EDGE('',*,*,#4523,.F.);
#6128=ORIENTED_EDGE('',*,*,#4524,.T.);
#6129=ORIENTED_EDGE('',*,*,#4525,.T.);
#6130=ORIENTED_EDGE('',*,*,#4520,.F.);
#6131=ORIENTED_EDGE('',*,*,#4359,.F.);
#6132=ORIENTED_EDGE('',*,*,#4526,.F.);
#6133=ORIENTED_EDGE('',*,*,#4523,.T.);
#6134=ORIENTED_EDGE('',*,*,#4273,.T.);
#6135=ORIENTED_EDGE('',*,*,#4283,.F.);
#6136=ORIENTED_EDGE('',*,*,#4354,.F.);
#6137=ORIENTED_EDGE('',*,*,#4527,.F.);
#6138=ORIENTED_EDGE('',*,*,#4528,.T.);
#6139=ORIENTED_EDGE('',*,*,#4279,.F.);
#6140=ORIENTED_EDGE('',*,*,#4269,.T.);
#6141=ORIENTED_EDGE('',*,*,#4266,.T.);
#6142=ORIENTED_EDGE('',*,*,#4306,.T.);
#6143=ORIENTED_EDGE('',*,*,#4303,.T.);
#6144=ORIENTED_EDGE('',*,*,#4308,.T.);
#6145=ORIENTED_EDGE('',*,*,#4310,.T.);
#6146=ORIENTED_EDGE('',*,*,#4529,.T.);
#6147=ORIENTED_EDGE('',*,*,#4527,.T.);
#6148=ORIENTED_EDGE('',*,*,#4506,.F.);
#6149=ORIENTED_EDGE('',*,*,#3721,.F.);
#6150=ORIENTED_EDGE('',*,*,#4431,.F.);
#6151=ORIENTED_EDGE('',*,*,#4384,.T.);
#6152=ORIENTED_EDGE('',*,*,#4382,.T.);
#6153=ORIENTED_EDGE('',*,*,#4427,.T.);
#6154=ORIENTED_EDGE('',*,*,#3794,.F.);
#6155=ORIENTED_EDGE('',*,*,#4507,.F.);
#6156=ORIENTED_EDGE('',*,*,#4522,.F.);
#6157=ORIENTED_EDGE('',*,*,#4530,.T.);
#6158=ORIENTED_EDGE('',*,*,#4509,.F.);
#6159=ORIENTED_EDGE('',*,*,#4531,.F.);
#6160=ORIENTED_EDGE('',*,*,#4532,.F.);
#6161=ORIENTED_EDGE('',*,*,#4334,.T.);
#6162=ORIENTED_EDGE('',*,*,#4511,.F.);
#6163=ORIENTED_EDGE('',*,*,#4533,.F.);
#6164=ORIENTED_EDGE('',*,*,#4534,.T.);
#6165=ORIENTED_EDGE('',*,*,#4531,.T.);
#6166=ORIENTED_EDGE('',*,*,#4513,.F.);
#6167=ORIENTED_EDGE('',*,*,#4535,.F.);
#6168=ORIENTED_EDGE('',*,*,#4536,.F.);
#6169=ORIENTED_EDGE('',*,*,#4533,.T.);
#6170=ORIENTED_EDGE('',*,*,#4515,.F.);
#6171=ORIENTED_EDGE('',*,*,#4537,.F.);
#6172=ORIENTED_EDGE('',*,*,#4538,.T.);
#6173=ORIENTED_EDGE('',*,*,#4535,.T.);
#6174=ORIENTED_EDGE('',*,*,#4517,.F.);
#6175=ORIENTED_EDGE('',*,*,#4525,.F.);
#6176=ORIENTED_EDGE('',*,*,#4539,.F.);
#6177=ORIENTED_EDGE('',*,*,#4537,.T.);
#6178=ORIENTED_EDGE('',*,*,#4323,.F.);
#6179=ORIENTED_EDGE('',*,*,#4335,.F.);
#6180=ORIENTED_EDGE('',*,*,#4532,.T.);
#6181=ORIENTED_EDGE('',*,*,#4534,.F.);
#6182=ORIENTED_EDGE('',*,*,#4536,.T.);
#6183=ORIENTED_EDGE('',*,*,#4538,.F.);
#6184=ORIENTED_EDGE('',*,*,#4539,.T.);
#6185=ORIENTED_EDGE('',*,*,#4524,.F.);
#6186=ORIENTED_EDGE('',*,*,#4526,.T.);
#6187=ORIENTED_EDGE('',*,*,#4358,.F.);
#6188=ORIENTED_EDGE('',*,*,#4280,.F.);
#6189=ORIENTED_EDGE('',*,*,#4528,.F.);
#6190=ORIENTED_EDGE('',*,*,#4529,.F.);
#6191=ORIENTED_EDGE('',*,*,#4383,.F.);
#6192=ORIENTED_EDGE('',*,*,#4530,.F.);
#6193=ORIENTED_EDGE('',*,*,#4521,.T.);
#6194=ORIENTED_EDGE('',*,*,#4430,.F.);
#6195=ORIENTED_EDGE('',*,*,#4398,.F.);
#6196=ORIENTED_EDGE('',*,*,#4540,.T.);
#6197=ORIENTED_EDGE('',*,*,#4432,.F.);
#6198=ORIENTED_EDGE('',*,*,#4540,.F.);
#6199=ORIENTED_EDGE('',*,*,#4397,.F.);
#6200=ORIENTED_EDGE('',*,*,#4541,.T.);
#6201=ORIENTED_EDGE('',*,*,#4386,.T.);
#6202=ORIENTED_EDGE('',*,*,#4433,.T.);
#6203=ORIENTED_EDGE('',*,*,#4541,.F.);
#6204=ORIENTED_EDGE('',*,*,#4396,.F.);
#6205=ORIENTED_EDGE('',*,*,#4542,.T.);
#6206=ORIENTED_EDGE('',*,*,#4387,.T.);
#6207=ORIENTED_EDGE('',*,*,#4542,.F.);
#6208=ORIENTED_EDGE('',*,*,#4395,.F.);
#6209=ORIENTED_EDGE('',*,*,#4543,.T.);
#6210=ORIENTED_EDGE('',*,*,#4388,.T.);
#6211=ORIENTED_EDGE('',*,*,#4543,.F.);
#6212=ORIENTED_EDGE('',*,*,#3742,.T.);
#6213=ORIENTED_EDGE('',*,*,#4544,.T.);
#6214=ORIENTED_EDGE('',*,*,#4389,.T.);
#6215=ORIENTED_EDGE('',*,*,#4544,.F.);
#6216=ORIENTED_EDGE('',*,*,#3839,.F.);
#6217=ORIENTED_EDGE('',*,*,#4375,.T.);
#6218=ORIENTED_EDGE('',*,*,#4390,.T.);
#6219=ORIENTED_EDGE('',*,*,#4362,.F.);
#6220=ORIENTED_EDGE('',*,*,#4423,.T.);
#6221=ORIENTED_EDGE('',*,*,#4367,.F.);
#6222=ORIENTED_EDGE('',*,*,#4368,.F.);
#6223=ORIENTED_EDGE('',*,*,#4371,.F.);
#6224=ORIENTED_EDGE('',*,*,#4424,.F.);
#6225=ORIENTED_EDGE('',*,*,#4545,.F.);
#6226=ORIENTED_EDGE('',*,*,#4546,.T.);
#6227=ORIENTED_EDGE('',*,*,#4378,.T.);
#6228=ORIENTED_EDGE('',*,*,#4392,.F.);
#6229=ORIENTED_EDGE('',*,*,#4546,.F.);
#6230=ORIENTED_EDGE('',*,*,#4420,.F.);
#6231=ORIENTED_EDGE('',*,*,#4428,.T.);
#6232=ORIENTED_EDGE('',*,*,#4379,.T.);
#6233=ORIENTED_EDGE('',*,*,#3762,.T.);
#6234=ORIENTED_EDGE('',*,*,#4107,.F.);
#6235=ORIENTED_EDGE('',*,*,#4547,.F.);
#6236=ORIENTED_EDGE('',*,*,#4545,.T.);
#6237=ORIENTED_EDGE('',*,*,#4548,.F.);
#6238=ORIENTED_EDGE('',*,*,#3770,.T.);
#6239=ORIENTED_EDGE('',*,*,#3771,.T.);
#6240=ORIENTED_EDGE('',*,*,#4548,.T.);
#6241=ORIENTED_EDGE('',*,*,#4549,.F.);
#6242=ORIENTED_EDGE('',*,*,#4550,.F.);
#6243=ORIENTED_EDGE('',*,*,#3811,.F.);
#6244=ORIENTED_EDGE('',*,*,#3754,.T.);
#6245=ORIENTED_EDGE('',*,*,#4492,.T.);
#6246=ORIENTED_EDGE('',*,*,#4480,.F.);
#6247=ORIENTED_EDGE('',*,*,#3865,.T.);
#6248=ORIENTED_EDGE('',*,*,#4551,.T.);
#6249=ORIENTED_EDGE('',*,*,#4210,.T.);
#6250=ORIENTED_EDGE('',*,*,#4503,.T.);
#6251=ORIENTED_EDGE('',*,*,#4495,.F.);
#6252=ORIENTED_EDGE('',*,*,#3787,.T.);
#6253=ORIENTED_EDGE('',*,*,#3810,.T.);
#6254=ORIENTED_EDGE('',*,*,#3768,.T.);
#6255=ORIENTED_EDGE('',*,*,#3816,.T.);
#6256=ORIENTED_EDGE('',*,*,#4552,.T.);
#6257=ORIENTED_EDGE('',*,*,#4553,.T.);
#6258=ORIENTED_EDGE('',*,*,#4554,.T.);
#6259=ORIENTED_EDGE('',*,*,#4555,.T.);
#6260=ORIENTED_EDGE('',*,*,#4556,.T.);
#6261=ORIENTED_EDGE('',*,*,#4557,.T.);
#6262=ORIENTED_EDGE('',*,*,#4558,.F.);
#6263=ORIENTED_EDGE('',*,*,#4228,.F.);
#6264=ORIENTED_EDGE('',*,*,#4559,.F.);
#6265=ORIENTED_EDGE('',*,*,#4560,.F.);
#6266=ORIENTED_EDGE('',*,*,#4561,.F.);
#6267=ORIENTED_EDGE('',*,*,#4562,.F.);
#6268=ORIENTED_EDGE('',*,*,#4563,.F.);
#6269=ORIENTED_EDGE('',*,*,#4564,.F.);
#6270=ORIENTED_EDGE('',*,*,#4565,.F.);
#6271=ORIENTED_EDGE('',*,*,#4242,.F.);
#6272=ORIENTED_EDGE('',*,*,#3765,.T.);
#6273=ORIENTED_EDGE('',*,*,#3813,.T.);
#6274=ORIENTED_EDGE('',*,*,#4566,.F.);
#6275=ORIENTED_EDGE('',*,*,#4567,.F.);
#6276=ORIENTED_EDGE('',*,*,#3818,.T.);
#6277=ORIENTED_EDGE('',*,*,#4047,.T.);
#6278=ORIENTED_EDGE('',*,*,#4549,.T.);
#6279=ORIENTED_EDGE('',*,*,#4421,.F.);
#6280=ORIENTED_EDGE('',*,*,#4568,.T.);
#6281=ORIENTED_EDGE('',*,*,#3812,.T.);
#6282=ORIENTED_EDGE('',*,*,#4550,.T.);
#6283=ORIENTED_EDGE('',*,*,#4568,.F.);
#6284=ORIENTED_EDGE('',*,*,#4547,.T.);
#6285=ORIENTED_EDGE('',*,*,#4106,.T.);
#6286=ORIENTED_EDGE('',*,*,#4569,.F.);
#6287=ORIENTED_EDGE('',*,*,#4570,.T.);
#6288=ORIENTED_EDGE('',*,*,#4566,.T.);
#6289=ORIENTED_EDGE('',*,*,#4105,.T.);
#6290=ORIENTED_EDGE('',*,*,#3807,.T.);
#6291=ORIENTED_EDGE('',*,*,#4571,.T.);
#6292=ORIENTED_EDGE('',*,*,#4148,.F.);
#6293=ORIENTED_EDGE('',*,*,#4572,.T.);
#6294=ORIENTED_EDGE('',*,*,#4573,.T.);
#6295=ORIENTED_EDGE('',*,*,#4569,.T.);
#6296=ORIENTED_EDGE('',*,*,#4574,.F.);
#6297=ORIENTED_EDGE('',*,*,#4575,.F.);
#6298=ORIENTED_EDGE('',*,*,#4576,.F.);
#6299=ORIENTED_EDGE('',*,*,#4577,.F.);
#6300=ORIENTED_EDGE('',*,*,#4578,.F.);
#6301=ORIENTED_EDGE('',*,*,#4579,.F.);
#6302=ORIENTED_EDGE('',*,*,#4580,.F.);
#6303=ORIENTED_EDGE('',*,*,#4581,.F.);
#6304=ORIENTED_EDGE('',*,*,#4408,.F.);
#6305=ORIENTED_EDGE('',*,*,#4582,.T.);
#6306=ORIENTED_EDGE('',*,*,#4578,.T.);
#6307=ORIENTED_EDGE('',*,*,#4583,.F.);
#6308=ORIENTED_EDGE('',*,*,#4584,.F.);
#6309=ORIENTED_EDGE('',*,*,#4036,.T.);
#6310=ORIENTED_EDGE('',*,*,#4585,.F.);
#6311=ORIENTED_EDGE('',*,*,#4552,.F.);
#6312=ORIENTED_EDGE('',*,*,#3815,.T.);
#6313=ORIENTED_EDGE('',*,*,#3825,.T.);
#6314=ORIENTED_EDGE('',*,*,#4078,.T.);
#6315=ORIENTED_EDGE('',*,*,#4586,.T.);
#6316=ORIENTED_EDGE('',*,*,#4587,.T.);
#6317=ORIENTED_EDGE('',*,*,#4588,.T.);
#6318=ORIENTED_EDGE('',*,*,#4589,.F.);
#6319=ORIENTED_EDGE('',*,*,#4010,.T.);
#6320=ORIENTED_EDGE('',*,*,#3993,.T.);
#6321=ORIENTED_EDGE('',*,*,#4115,.F.);
#6322=ORIENTED_EDGE('',*,*,#4590,.F.);
#6323=ORIENTED_EDGE('',*,*,#4591,.F.);
#6324=ORIENTED_EDGE('',*,*,#4592,.F.);
#6325=ORIENTED_EDGE('',*,*,#4593,.F.);
#6326=ORIENTED_EDGE('',*,*,#4594,.F.);
#6327=ORIENTED_EDGE('',*,*,#4595,.T.);
#6328=ORIENTED_EDGE('',*,*,#4596,.T.);
#6329=ORIENTED_EDGE('',*,*,#4597,.T.);
#6330=ORIENTED_EDGE('',*,*,#4598,.T.);
#6331=ORIENTED_EDGE('',*,*,#4086,.T.);
#6332=ORIENTED_EDGE('',*,*,#4565,.T.);
#6333=ORIENTED_EDGE('',*,*,#4599,.F.);
#6334=ORIENTED_EDGE('',*,*,#4238,.F.);
#6335=ORIENTED_EDGE('',*,*,#4243,.F.);
#6336=ORIENTED_EDGE('',*,*,#4564,.T.);
#6337=ORIENTED_EDGE('',*,*,#4600,.T.);
#6338=ORIENTED_EDGE('',*,*,#4236,.T.);
#6339=ORIENTED_EDGE('',*,*,#4599,.T.);
#6340=ORIENTED_EDGE('',*,*,#4563,.T.);
#6341=ORIENTED_EDGE('',*,*,#4601,.F.);
#6342=ORIENTED_EDGE('',*,*,#4602,.F.);
#6343=ORIENTED_EDGE('',*,*,#4234,.F.);
#6344=ORIENTED_EDGE('',*,*,#4600,.F.);
#6345=ORIENTED_EDGE('',*,*,#4562,.T.);
#6346=ORIENTED_EDGE('',*,*,#4603,.T.);
#6347=ORIENTED_EDGE('',*,*,#4604,.T.);
#6348=ORIENTED_EDGE('',*,*,#4605,.T.);
#6349=ORIENTED_EDGE('',*,*,#4606,.T.);
#6350=ORIENTED_EDGE('',*,*,#4607,.T.);
#6351=ORIENTED_EDGE('',*,*,#4608,.T.);
#6352=ORIENTED_EDGE('',*,*,#4601,.T.);
#6353=ORIENTED_EDGE('',*,*,#3823,.T.);
#6354=ORIENTED_EDGE('',*,*,#4609,.T.);
#6355=ORIENTED_EDGE('',*,*,#4553,.F.);
#6356=ORIENTED_EDGE('',*,*,#4585,.T.);
#6357=ORIENTED_EDGE('',*,*,#4035,.T.);
#6358=ORIENTED_EDGE('',*,*,#4065,.T.);
#6359=ORIENTED_EDGE('',*,*,#4610,.T.);
#6360=ORIENTED_EDGE('',*,*,#4572,.F.);
#6361=ORIENTED_EDGE('',*,*,#4147,.F.);
#6362=ORIENTED_EDGE('',*,*,#4073,.T.);
#6363=ORIENTED_EDGE('',*,*,#4104,.T.);
#6364=ORIENTED_EDGE('',*,*,#4611,.F.);
#6365=ORIENTED_EDGE('',*,*,#4557,.F.);
#6366=ORIENTED_EDGE('',*,*,#4612,.T.);
#6367=ORIENTED_EDGE('',*,*,#4613,.T.);
#6368=ORIENTED_EDGE('',*,*,#4614,.F.);
#6369=ORIENTED_EDGE('',*,*,#4613,.F.);
#6370=ORIENTED_EDGE('',*,*,#4615,.F.);
#6371=ORIENTED_EDGE('',*,*,#4616,.F.);
#6372=ORIENTED_EDGE('',*,*,#4617,.F.);
#6373=ORIENTED_EDGE('',*,*,#4616,.T.);
#6374=ORIENTED_EDGE('',*,*,#4618,.T.);
#6375=ORIENTED_EDGE('',*,*,#4595,.F.);
#6376=ORIENTED_EDGE('',*,*,#4619,.T.);
#6377=ORIENTED_EDGE('',*,*,#4620,.F.);
#6378=ORIENTED_EDGE('',*,*,#4621,.F.);
#6379=ORIENTED_EDGE('',*,*,#4622,.F.);
#6380=ORIENTED_EDGE('',*,*,#4623,.F.);
#6381=ORIENTED_EDGE('',*,*,#4624,.F.);
#6382=ORIENTED_EDGE('',*,*,#4625,.T.);
#6383=ORIENTED_EDGE('',*,*,#4626,.T.);
#6384=ORIENTED_EDGE('',*,*,#4615,.T.);
#6385=ORIENTED_EDGE('',*,*,#4627,.T.);
#6386=ORIENTED_EDGE('',*,*,#4628,.T.);
#6387=ORIENTED_EDGE('',*,*,#4629,.F.);
#6388=ORIENTED_EDGE('',*,*,#4630,.F.);
#6389=ORIENTED_EDGE('',*,*,#4631,.F.);
#6390=ORIENTED_EDGE('',*,*,#4632,.F.);
#6391=ORIENTED_EDGE('',*,*,#4588,.F.);
#6392=ORIENTED_EDGE('',*,*,#4633,.F.);
#6393=ORIENTED_EDGE('',*,*,#4634,.F.);
#6394=ORIENTED_EDGE('',*,*,#4635,.F.);
#6395=ORIENTED_EDGE('',*,*,#4077,.T.);
#6396=ORIENTED_EDGE('',*,*,#4636,.F.);
#6397=ORIENTED_EDGE('',*,*,#4637,.T.);
#6398=ORIENTED_EDGE('',*,*,#4586,.F.);
#6399=ORIENTED_EDGE('',*,*,#4587,.F.);
#6400=ORIENTED_EDGE('',*,*,#4637,.F.);
#6401=ORIENTED_EDGE('',*,*,#4638,.F.);
#6402=ORIENTED_EDGE('',*,*,#4619,.F.);
#6403=ORIENTED_EDGE('',*,*,#4639,.T.);
#6404=ORIENTED_EDGE('',*,*,#4555,.F.);
#6405=ORIENTED_EDGE('',*,*,#4640,.T.);
#6406=ORIENTED_EDGE('',*,*,#4641,.T.);
#6407=ORIENTED_EDGE('',*,*,#4642,.F.);
#6408=ORIENTED_EDGE('',*,*,#4628,.F.);
#6409=ORIENTED_EDGE('',*,*,#4641,.F.);
#6410=ORIENTED_EDGE('',*,*,#4643,.F.);
#6411=ORIENTED_EDGE('',*,*,#4081,.T.);
#6412=ORIENTED_EDGE('',*,*,#4644,.F.);
#6413=ORIENTED_EDGE('',*,*,#4640,.F.);
#6414=ORIENTED_EDGE('',*,*,#4554,.F.);
#6415=ORIENTED_EDGE('',*,*,#4609,.F.);
#6416=ORIENTED_EDGE('',*,*,#3822,.T.);
#6417=ORIENTED_EDGE('',*,*,#4597,.F.);
#6418=ORIENTED_EDGE('',*,*,#4645,.T.);
#6419=ORIENTED_EDGE('',*,*,#4646,.T.);
#6420=ORIENTED_EDGE('',*,*,#4647,.T.);
#6421=ORIENTED_EDGE('',*,*,#4087,.T.);
#6422=ORIENTED_EDGE('',*,*,#4598,.F.);
#6423=ORIENTED_EDGE('',*,*,#4647,.F.);
#6424=ORIENTED_EDGE('',*,*,#4648,.F.);
#6425=ORIENTED_EDGE('',*,*,#4089,.T.);
#6426=ORIENTED_EDGE('',*,*,#4649,.F.);
#6427=ORIENTED_EDGE('',*,*,#4650,.F.);
#6428=ORIENTED_EDGE('',*,*,#4646,.F.);
#6429=ORIENTED_EDGE('',*,*,#4625,.F.);
#6430=ORIENTED_EDGE('',*,*,#4645,.F.);
#6431=ORIENTED_EDGE('',*,*,#4596,.F.);
#6432=ORIENTED_EDGE('',*,*,#4618,.F.);
#6433=ORIENTED_EDGE('',*,*,#4626,.F.);
#6434=ORIENTED_EDGE('',*,*,#4639,.F.);
#6435=ORIENTED_EDGE('',*,*,#4627,.F.);
#6436=ORIENTED_EDGE('',*,*,#4612,.F.);
#6437=ORIENTED_EDGE('',*,*,#4556,.F.);
#6438=ORIENTED_EDGE('',*,*,#4084,.T.);
#6439=ORIENTED_EDGE('',*,*,#4651,.F.);
#6440=ORIENTED_EDGE('',*,*,#4643,.T.);
#6441=ORIENTED_EDGE('',*,*,#4644,.T.);
#6442=ORIENTED_EDGE('',*,*,#4080,.T.);
#6443=ORIENTED_EDGE('',*,*,#4097,.T.);
#6444=ORIENTED_EDGE('',*,*,#4652,.F.);
#6445=ORIENTED_EDGE('',*,*,#4623,.T.);
#6446=ORIENTED_EDGE('',*,*,#4653,.T.);
#6447=ORIENTED_EDGE('',*,*,#4098,.T.);
#6448=ORIENTED_EDGE('',*,*,#4653,.F.);
#6449=ORIENTED_EDGE('',*,*,#4622,.T.);
#6450=ORIENTED_EDGE('',*,*,#4654,.T.);
#6451=ORIENTED_EDGE('',*,*,#4099,.T.);
#6452=ORIENTED_EDGE('',*,*,#4654,.F.);
#6453=ORIENTED_EDGE('',*,*,#4621,.T.);
#6454=ORIENTED_EDGE('',*,*,#4655,.T.);
#6455=ORIENTED_EDGE('',*,*,#4100,.T.);
#6456=ORIENTED_EDGE('',*,*,#4655,.F.);
#6457=ORIENTED_EDGE('',*,*,#4620,.T.);
#6458=ORIENTED_EDGE('',*,*,#4638,.T.);
#6459=ORIENTED_EDGE('',*,*,#4636,.T.);
#6460=ORIENTED_EDGE('',*,*,#4076,.T.);
#6461=ORIENTED_EDGE('',*,*,#4091,.T.);
#6462=ORIENTED_EDGE('',*,*,#4656,.T.);
#6463=ORIENTED_EDGE('',*,*,#4649,.T.);
#6464=ORIENTED_EDGE('',*,*,#4624,.T.);
#6465=ORIENTED_EDGE('',*,*,#4652,.T.);
#6466=ORIENTED_EDGE('',*,*,#4096,.T.);
#6467=ORIENTED_EDGE('',*,*,#4014,.T.);
#6468=ORIENTED_EDGE('',*,*,#4657,.F.);
#6469=ORIENTED_EDGE('',*,*,#4629,.T.);
#6470=ORIENTED_EDGE('',*,*,#4642,.T.);
#6471=ORIENTED_EDGE('',*,*,#4651,.T.);
#6472=ORIENTED_EDGE('',*,*,#4083,.T.);
#6473=ORIENTED_EDGE('',*,*,#4012,.T.);
#6474=ORIENTED_EDGE('',*,*,#4658,.F.);
#6475=ORIENTED_EDGE('',*,*,#4631,.T.);
#6476=ORIENTED_EDGE('',*,*,#4659,.T.);
#6477=ORIENTED_EDGE('',*,*,#4011,.T.);
#6478=ORIENTED_EDGE('',*,*,#4589,.T.);
#6479=ORIENTED_EDGE('',*,*,#4632,.T.);
#6480=ORIENTED_EDGE('',*,*,#4658,.T.);
#6481=ORIENTED_EDGE('',*,*,#4013,.T.);
#6482=ORIENTED_EDGE('',*,*,#4659,.F.);
#6483=ORIENTED_EDGE('',*,*,#4630,.T.);
#6484=ORIENTED_EDGE('',*,*,#4657,.T.);
#6485=ORIENTED_EDGE('',*,*,#4090,.T.);
#6486=ORIENTED_EDGE('',*,*,#4648,.T.);
#6487=ORIENTED_EDGE('',*,*,#4650,.T.);
#6488=ORIENTED_EDGE('',*,*,#4656,.F.);
#6489=ORIENTED_EDGE('',*,*,#4560,.T.);
#6490=ORIENTED_EDGE('',*,*,#4660,.F.);
#6491=ORIENTED_EDGE('',*,*,#4661,.T.);
#6492=ORIENTED_EDGE('',*,*,#4662,.T.);
#6493=ORIENTED_EDGE('',*,*,#4559,.T.);
#6494=ORIENTED_EDGE('',*,*,#4227,.F.);
#6495=ORIENTED_EDGE('',*,*,#4660,.T.);
#6496=ORIENTED_EDGE('',*,*,#4558,.T.);
#6497=ORIENTED_EDGE('',*,*,#4611,.T.);
#6498=ORIENTED_EDGE('',*,*,#4614,.T.);
#6499=ORIENTED_EDGE('',*,*,#4617,.T.);
#6500=ORIENTED_EDGE('',*,*,#4594,.T.);
#6501=ORIENTED_EDGE('',*,*,#4663,.F.);
#6502=ORIENTED_EDGE('',*,*,#4664,.F.);
#6503=ORIENTED_EDGE('',*,*,#4665,.T.);
#6504=ORIENTED_EDGE('',*,*,#4666,.T.);
#6505=ORIENTED_EDGE('',*,*,#4221,.F.);
#6506=ORIENTED_EDGE('',*,*,#4225,.T.);
#6507=ORIENTED_EDGE('',*,*,#4229,.T.);
#6508=ORIENTED_EDGE('',*,*,#4188,.T.);
#6509=ORIENTED_EDGE('',*,*,#4667,.F.);
#6510=ORIENTED_EDGE('',*,*,#4663,.T.);
#6511=ORIENTED_EDGE('',*,*,#4593,.T.);
#6512=ORIENTED_EDGE('',*,*,#4668,.F.);
#6513=ORIENTED_EDGE('',*,*,#4260,.T.);
#6514=ORIENTED_EDGE('',*,*,#4633,.T.);
#6515=ORIENTED_EDGE('',*,*,#4669,.F.);
#6516=ORIENTED_EDGE('',*,*,#4670,.T.);
#6517=ORIENTED_EDGE('',*,*,#4671,.T.);
#6518=ORIENTED_EDGE('',*,*,#4635,.T.);
#6519=ORIENTED_EDGE('',*,*,#4672,.F.);
#6520=ORIENTED_EDGE('',*,*,#4673,.F.);
#6521=ORIENTED_EDGE('',*,*,#4669,.T.);
#6522=ORIENTED_EDGE('',*,*,#4581,.T.);
#6523=ORIENTED_EDGE('',*,*,#4674,.F.);
#6524=ORIENTED_EDGE('',*,*,#4409,.F.);
#6525=ORIENTED_EDGE('',*,*,#4137,.T.);
#6526=ORIENTED_EDGE('',*,*,#4583,.T.);
#6527=ORIENTED_EDGE('',*,*,#4577,.T.);
#6528=ORIENTED_EDGE('',*,*,#4675,.F.);
#6529=ORIENTED_EDGE('',*,*,#4405,.F.);
#6530=ORIENTED_EDGE('',*,*,#4676,.T.);
#6531=ORIENTED_EDGE('',*,*,#4575,.T.);
#6532=ORIENTED_EDGE('',*,*,#4677,.F.);
#6533=ORIENTED_EDGE('',*,*,#4404,.F.);
#6534=ORIENTED_EDGE('',*,*,#4678,.F.);
#6535=ORIENTED_EDGE('',*,*,#4675,.T.);
#6536=ORIENTED_EDGE('',*,*,#4576,.T.);
#6537=ORIENTED_EDGE('',*,*,#4676,.F.);
#6538=ORIENTED_EDGE('',*,*,#4407,.F.);
#6539=ORIENTED_EDGE('',*,*,#4679,.T.);
#6540=ORIENTED_EDGE('',*,*,#4579,.T.);
#6541=ORIENTED_EDGE('',*,*,#4582,.F.);
#6542=ORIENTED_EDGE('',*,*,#4406,.F.);
#6543=ORIENTED_EDGE('',*,*,#4677,.T.);
#6544=ORIENTED_EDGE('',*,*,#4574,.T.);
#6545=ORIENTED_EDGE('',*,*,#4679,.F.);
#6546=ORIENTED_EDGE('',*,*,#4678,.T.);
#6547=ORIENTED_EDGE('',*,*,#4403,.F.);
#6548=ORIENTED_EDGE('',*,*,#4680,.T.);
#6549=ORIENTED_EDGE('',*,*,#4681,.F.);
#6550=ORIENTED_EDGE('',*,*,#4138,.T.);
#6551=ORIENTED_EDGE('',*,*,#3941,.F.);
#6552=ORIENTED_EDGE('',*,*,#4682,.F.);
#6553=ORIENTED_EDGE('',*,*,#3937,.F.);
#6554=ORIENTED_EDGE('',*,*,#4683,.F.);
#6555=ORIENTED_EDGE('',*,*,#3933,.F.);
#6556=ORIENTED_EDGE('',*,*,#4684,.F.);
#6557=ORIENTED_EDGE('',*,*,#4685,.T.);
#6558=ORIENTED_EDGE('',*,*,#4683,.T.);
#6559=ORIENTED_EDGE('',*,*,#3936,.F.);
#6560=ORIENTED_EDGE('',*,*,#4686,.F.);
#6561=ORIENTED_EDGE('',*,*,#3934,.F.);
#6562=ORIENTED_EDGE('',*,*,#4687,.F.);
#6563=ORIENTED_EDGE('',*,*,#4688,.F.);
#6564=ORIENTED_EDGE('',*,*,#4689,.F.);
#6565=ORIENTED_EDGE('',*,*,#4690,.T.);
#6566=ORIENTED_EDGE('',*,*,#4688,.T.);
#6567=ORIENTED_EDGE('',*,*,#4690,.F.);
#6568=ORIENTED_EDGE('',*,*,#3893,.F.);
#6569=ORIENTED_EDGE('',*,*,#4691,.F.);
#6570=ORIENTED_EDGE('',*,*,#3889,.F.);
#6571=ORIENTED_EDGE('',*,*,#4692,.F.);
#6572=ORIENTED_EDGE('',*,*,#3885,.F.);
#6573=ORIENTED_EDGE('',*,*,#4693,.F.);
#6574=ORIENTED_EDGE('',*,*,#4689,.T.);
#6575=ORIENTED_EDGE('',*,*,#4692,.T.);
#6576=ORIENTED_EDGE('',*,*,#3888,.F.);
#6577=ORIENTED_EDGE('',*,*,#4694,.F.);
#6578=ORIENTED_EDGE('',*,*,#3886,.F.);
#6579=ORIENTED_EDGE('',*,*,#3925,.F.);
#6580=ORIENTED_EDGE('',*,*,#4695,.F.);
#6581=ORIENTED_EDGE('',*,*,#3921,.F.);
#6582=ORIENTED_EDGE('',*,*,#4696,.F.);
#6583=ORIENTED_EDGE('',*,*,#3917,.F.);
#6584=ORIENTED_EDGE('',*,*,#4697,.F.);
#6585=ORIENTED_EDGE('',*,*,#4698,.T.);
#6586=ORIENTED_EDGE('',*,*,#4696,.T.);
#6587=ORIENTED_EDGE('',*,*,#3920,.F.);
#6588=ORIENTED_EDGE('',*,*,#4699,.F.);
#6589=ORIENTED_EDGE('',*,*,#3918,.F.);
#6590=ORIENTED_EDGE('',*,*,#4700,.F.);
#6591=ORIENTED_EDGE('',*,*,#4701,.F.);
#6592=ORIENTED_EDGE('',*,*,#4702,.F.);
#6593=ORIENTED_EDGE('',*,*,#4703,.T.);
#6594=ORIENTED_EDGE('',*,*,#4701,.T.);
#6595=ORIENTED_EDGE('',*,*,#4703,.F.);
#6596=ORIENTED_EDGE('',*,*,#3909,.F.);
#6597=ORIENTED_EDGE('',*,*,#4704,.F.);
#6598=ORIENTED_EDGE('',*,*,#3905,.F.);
#6599=ORIENTED_EDGE('',*,*,#4705,.F.);
#6600=ORIENTED_EDGE('',*,*,#3901,.F.);
#6601=ORIENTED_EDGE('',*,*,#4706,.F.);
#6602=ORIENTED_EDGE('',*,*,#4702,.T.);
#6603=ORIENTED_EDGE('',*,*,#4705,.T.);
#6604=ORIENTED_EDGE('',*,*,#3904,.F.);
#6605=ORIENTED_EDGE('',*,*,#4707,.F.);
#6606=ORIENTED_EDGE('',*,*,#3902,.F.);
#6607=ORIENTED_EDGE('',*,*,#4704,.T.);
#6608=ORIENTED_EDGE('',*,*,#3908,.F.);
#6609=ORIENTED_EDGE('',*,*,#4708,.F.);
#6610=ORIENTED_EDGE('',*,*,#3906,.F.);
#6611=ORIENTED_EDGE('',*,*,#3903,.F.);
#6612=ORIENTED_EDGE('',*,*,#4707,.T.);
#6613=ORIENTED_EDGE('',*,*,#4691,.T.);
#6614=ORIENTED_EDGE('',*,*,#3892,.F.);
#6615=ORIENTED_EDGE('',*,*,#4709,.F.);
#6616=ORIENTED_EDGE('',*,*,#3890,.F.);
#6617=ORIENTED_EDGE('',*,*,#3891,.F.);
#6618=ORIENTED_EDGE('',*,*,#4709,.T.);
#6619=ORIENTED_EDGE('',*,*,#4695,.T.);
#6620=ORIENTED_EDGE('',*,*,#3924,.F.);
#6621=ORIENTED_EDGE('',*,*,#4710,.F.);
#6622=ORIENTED_EDGE('',*,*,#3922,.F.);
#6623=ORIENTED_EDGE('',*,*,#3923,.F.);
#6624=ORIENTED_EDGE('',*,*,#4710,.T.);
#6625=ORIENTED_EDGE('',*,*,#4682,.T.);
#6626=ORIENTED_EDGE('',*,*,#3940,.F.);
#6627=ORIENTED_EDGE('',*,*,#4711,.F.);
#6628=ORIENTED_EDGE('',*,*,#3938,.F.);
#6629=ORIENTED_EDGE('',*,*,#3939,.F.);
#6630=ORIENTED_EDGE('',*,*,#4711,.T.);
#6631=ORIENTED_EDGE('',*,*,#3919,.F.);
#6632=ORIENTED_EDGE('',*,*,#4699,.T.);
#6633=ORIENTED_EDGE('',*,*,#3887,.F.);
#6634=ORIENTED_EDGE('',*,*,#4694,.T.);
#6635=ORIENTED_EDGE('',*,*,#4706,.T.);
#6636=ORIENTED_EDGE('',*,*,#3914,.F.);
#6637=ORIENTED_EDGE('',*,*,#4712,.F.);
#6638=ORIENTED_EDGE('',*,*,#3910,.F.);
#6639=ORIENTED_EDGE('',*,*,#4712,.T.);
#6640=ORIENTED_EDGE('',*,*,#3913,.F.);
#6641=ORIENTED_EDGE('',*,*,#3911,.F.);
#6642=ORIENTED_EDGE('',*,*,#4693,.T.);
#6643=ORIENTED_EDGE('',*,*,#3898,.F.);
#6644=ORIENTED_EDGE('',*,*,#4713,.F.);
#6645=ORIENTED_EDGE('',*,*,#3894,.F.);
#6646=ORIENTED_EDGE('',*,*,#4713,.T.);
#6647=ORIENTED_EDGE('',*,*,#3897,.F.);
#6648=ORIENTED_EDGE('',*,*,#3895,.F.);
#6649=ORIENTED_EDGE('',*,*,#3935,.F.);
#6650=ORIENTED_EDGE('',*,*,#4686,.T.);
#6651=ORIENTED_EDGE('',*,*,#4684,.T.);
#6652=ORIENTED_EDGE('',*,*,#3946,.F.);
#6653=ORIENTED_EDGE('',*,*,#4714,.F.);
#6654=ORIENTED_EDGE('',*,*,#3942,.F.);
#6655=ORIENTED_EDGE('',*,*,#4714,.T.);
#6656=ORIENTED_EDGE('',*,*,#3945,.F.);
#6657=ORIENTED_EDGE('',*,*,#3943,.F.);
#6658=ORIENTED_EDGE('',*,*,#4697,.T.);
#6659=ORIENTED_EDGE('',*,*,#3930,.F.);
#6660=ORIENTED_EDGE('',*,*,#4715,.F.);
#6661=ORIENTED_EDGE('',*,*,#3926,.F.);
#6662=ORIENTED_EDGE('',*,*,#4715,.T.);
#6663=ORIENTED_EDGE('',*,*,#3929,.F.);
#6664=ORIENTED_EDGE('',*,*,#3927,.F.);
#6665=ORIENTED_EDGE('',*,*,#3907,.F.);
#6666=ORIENTED_EDGE('',*,*,#4708,.T.);
#6667=ORIENTED_EDGE('',*,*,#4716,.F.);
#6668=ORIENTED_EDGE('',*,*,#4717,.T.);
#6669=ORIENTED_EDGE('',*,*,#4718,.T.);
#6670=ORIENTED_EDGE('',*,*,#4717,.F.);
#6671=ORIENTED_EDGE('',*,*,#4718,.F.);
#6672=ORIENTED_EDGE('',*,*,#4719,.F.);
#6673=ORIENTED_EDGE('',*,*,#4141,.F.);
#6674=ORIENTED_EDGE('',*,*,#4720,.T.);
#6675=ORIENTED_EDGE('',*,*,#4413,.F.);
#6676=ORIENTED_EDGE('',*,*,#3806,.T.);
#6677=ORIENTED_EDGE('',*,*,#4417,.F.);
#6678=ORIENTED_EDGE('',*,*,#4721,.F.);
#6679=ORIENTED_EDGE('',*,*,#4571,.F.);
#6680=ORIENTED_EDGE('',*,*,#4149,.F.);
#6681=ORIENTED_EDGE('',*,*,#4721,.T.);
#6682=ORIENTED_EDGE('',*,*,#4416,.F.);
#6683=ORIENTED_EDGE('',*,*,#4722,.F.);
#6684=ORIENTED_EDGE('',*,*,#4146,.F.);
#6685=ORIENTED_EDGE('',*,*,#4722,.T.);
#6686=ORIENTED_EDGE('',*,*,#4415,.F.);
#6687=ORIENTED_EDGE('',*,*,#4723,.F.);
#6688=ORIENTED_EDGE('',*,*,#4144,.F.);
#6689=ORIENTED_EDGE('',*,*,#4723,.T.);
#6690=ORIENTED_EDGE('',*,*,#4414,.F.);
#6691=ORIENTED_EDGE('',*,*,#4720,.F.);
#6692=ORIENTED_EDGE('',*,*,#4724,.F.);
#6693=ORIENTED_EDGE('',*,*,#4680,.F.);
#6694=ORIENTED_EDGE('',*,*,#4402,.F.);
#6695=ORIENTED_EDGE('',*,*,#4725,.F.);
#6696=ORIENTED_EDGE('',*,*,#4131,.F.);
#6697=ORIENTED_EDGE('',*,*,#4725,.T.);
#6698=ORIENTED_EDGE('',*,*,#4401,.F.);
#6699=ORIENTED_EDGE('',*,*,#4726,.F.);
#6700=ORIENTED_EDGE('',*,*,#3709,.T.);
#6701=ORIENTED_EDGE('',*,*,#3775,.T.);
#6702=ORIENTED_EDGE('',*,*,#4128,.F.);
#6703=ORIENTED_EDGE('',*,*,#4726,.T.);
#6704=ORIENTED_EDGE('',*,*,#4400,.F.);
#6705=ORIENTED_EDGE('',*,*,#4584,.T.);
#6706=ORIENTED_EDGE('',*,*,#4136,.T.);
#6707=ORIENTED_EDGE('',*,*,#4142,.F.);
#6708=ORIENTED_EDGE('',*,*,#4727,.F.);
#6709=ORIENTED_EDGE('',*,*,#4411,.F.);
#6710=ORIENTED_EDGE('',*,*,#4728,.F.);
#6711=ORIENTED_EDGE('',*,*,#4634,.T.);
#6712=ORIENTED_EDGE('',*,*,#4671,.F.);
#6713=ORIENTED_EDGE('',*,*,#4729,.F.);
#6714=ORIENTED_EDGE('',*,*,#4672,.T.);
#6715=ORIENTED_EDGE('',*,*,#4730,.F.);
#6716=ORIENTED_EDGE('',*,*,#4731,.F.);
#6717=ORIENTED_EDGE('',*,*,#4732,.F.);
#6718=ORIENTED_EDGE('',*,*,#4673,.T.);
#6719=ORIENTED_EDGE('',*,*,#4729,.T.);
#6720=ORIENTED_EDGE('',*,*,#4670,.F.);
#6721=ORIENTED_EDGE('',*,*,#4733,.F.);
#6722=ORIENTED_EDGE('',*,*,#4734,.T.);
#6723=ORIENTED_EDGE('',*,*,#4731,.T.);
#6724=ORIENTED_EDGE('',*,*,#4735,.F.);
#6725=ORIENTED_EDGE('',*,*,#4736,.F.);
#6726=ORIENTED_EDGE('',*,*,#4737,.T.);
#6727=ORIENTED_EDGE('',*,*,#4732,.T.);
#6728=ORIENTED_EDGE('',*,*,#4734,.F.);
#6729=ORIENTED_EDGE('',*,*,#4738,.F.);
#6730=ORIENTED_EDGE('',*,*,#4735,.T.);
#6731=ORIENTED_EDGE('',*,*,#4730,.T.);
#6732=ORIENTED_EDGE('',*,*,#4737,.F.);
#6733=ORIENTED_EDGE('',*,*,#3780,.T.);
#6734=ORIENTED_EDGE('',*,*,#4739,.F.);
#6735=ORIENTED_EDGE('',*,*,#4393,.F.);
#6736=ORIENTED_EDGE('',*,*,#3840,.T.);
#6737=ORIENTED_EDGE('',*,*,#4592,.T.);
#6738=ORIENTED_EDGE('',*,*,#4740,.T.);
#6739=ORIENTED_EDGE('',*,*,#4668,.T.);
#6740=ORIENTED_EDGE('',*,*,#4591,.T.);
#6741=ORIENTED_EDGE('',*,*,#4741,.T.);
#6742=ORIENTED_EDGE('',*,*,#4261,.T.);
#6743=ORIENTED_EDGE('',*,*,#4740,.F.);
#6744=ORIENTED_EDGE('',*,*,#4166,.T.);
#6745=ORIENTED_EDGE('',*,*,#4742,.F.);
#6746=ORIENTED_EDGE('',*,*,#4661,.F.);
#6747=ORIENTED_EDGE('',*,*,#4226,.T.);
#6748=ORIENTED_EDGE('',*,*,#4199,.T.);
#6749=ORIENTED_EDGE('',*,*,#4743,.F.);
#6750=ORIENTED_EDGE('',*,*,#4744,.T.);
#6751=ORIENTED_EDGE('',*,*,#4745,.T.);
#6752=ORIENTED_EDGE('',*,*,#4665,.F.);
#6753=ORIENTED_EDGE('',*,*,#4746,.T.);
#6754=ORIENTED_EDGE('',*,*,#4747,.T.);
#6755=ORIENTED_EDGE('',*,*,#4748,.T.);
#6756=ORIENTED_EDGE('',*,*,#4744,.F.);
#6757=ORIENTED_EDGE('',*,*,#4749,.T.);
#6758=ORIENTED_EDGE('',*,*,#4750,.T.);
#6759=ORIENTED_EDGE('',*,*,#4751,.T.);
#6760=ORIENTED_EDGE('',*,*,#4747,.F.);
#6761=ORIENTED_EDGE('',*,*,#4752,.T.);
#6762=ORIENTED_EDGE('',*,*,#4223,.T.);
#6763=ORIENTED_EDGE('',*,*,#4753,.T.);
#6764=ORIENTED_EDGE('',*,*,#4750,.F.);
#6765=ORIENTED_EDGE('',*,*,#4754,.T.);
#6766=ORIENTED_EDGE('',*,*,#4754,.F.);
#6767=ORIENTED_EDGE('',*,*,#4755,.T.);
#6768=ORIENTED_EDGE('',*,*,#4248,.F.);
#6769=ORIENTED_EDGE('',*,*,#4218,.F.);
#6770=ORIENTED_EDGE('',*,*,#4752,.F.);
#6771=ORIENTED_EDGE('',*,*,#4756,.T.);
#6772=ORIENTED_EDGE('',*,*,#4249,.F.);
#6773=ORIENTED_EDGE('',*,*,#4755,.F.);
#6774=ORIENTED_EDGE('',*,*,#4749,.F.);
#6775=ORIENTED_EDGE('',*,*,#4757,.T.);
#6776=ORIENTED_EDGE('',*,*,#4250,.F.);
#6777=ORIENTED_EDGE('',*,*,#4756,.F.);
#6778=ORIENTED_EDGE('',*,*,#4198,.T.);
#6779=ORIENTED_EDGE('',*,*,#4251,.F.);
#6780=ORIENTED_EDGE('',*,*,#4757,.F.);
#6781=ORIENTED_EDGE('',*,*,#4743,.T.);
#6782=ORIENTED_EDGE('',*,*,#4222,.F.);
#6783=ORIENTED_EDGE('',*,*,#4666,.F.);
#6784=ORIENTED_EDGE('',*,*,#4745,.F.);
#6785=ORIENTED_EDGE('',*,*,#4748,.F.);
#6786=ORIENTED_EDGE('',*,*,#4751,.F.);
#6787=ORIENTED_EDGE('',*,*,#4753,.F.);
#6788=ORIENTED_EDGE('',*,*,#4733,.T.);
#6789=ORIENTED_EDGE('',*,*,#4738,.T.);
#6790=ORIENTED_EDGE('',*,*,#4736,.T.);
#6791=ORIENTED_EDGE('',*,*,#3779,.T.);
#6792=ORIENTED_EDGE('',*,*,#4758,.T.);
#6793=ORIENTED_EDGE('',*,*,#4394,.T.);
#6794=ORIENTED_EDGE('',*,*,#4739,.T.);
#6795=ORIENTED_EDGE('',*,*,#3703,.T.);
#6796=ORIENTED_EDGE('',*,*,#4759,.F.);
#6797=ORIENTED_EDGE('',*,*,#4124,.F.);
#6798=ORIENTED_EDGE('',*,*,#4760,.F.);
#6799=ORIENTED_EDGE('',*,*,#4724,.T.);
#6800=ORIENTED_EDGE('',*,*,#4130,.F.);
#6801=ORIENTED_EDGE('',*,*,#4133,.T.);
#6802=ORIENTED_EDGE('',*,*,#4139,.T.);
#6803=ORIENTED_EDGE('',*,*,#4681,.T.);
#6804=ORIENTED_EDGE('',*,*,#4719,.T.);
#6805=ORIENTED_EDGE('',*,*,#4412,.F.);
#6806=ORIENTED_EDGE('',*,*,#4727,.T.);
#6807=ORIENTED_EDGE('',*,*,#4502,.T.);
#6808=ORIENTED_EDGE('',*,*,#4761,.F.);
#6809=ORIENTED_EDGE('',*,*,#4762,.F.);
#6810=ORIENTED_EDGE('',*,*,#4763,.F.);
#6811=ORIENTED_EDGE('',*,*,#4764,.F.);
#6812=ORIENTED_EDGE('',*,*,#4117,.F.);
#6813=ORIENTED_EDGE('',*,*,#4122,.T.);
#6814=ORIENTED_EDGE('',*,*,#4125,.T.);
#6815=ORIENTED_EDGE('',*,*,#4759,.T.);
#6816=ORIENTED_EDGE('',*,*,#3702,.T.);
#6817=ORIENTED_EDGE('',*,*,#3704,.F.);
#6818=ORIENTED_EDGE('',*,*,#3784,.F.);
#6819=ORIENTED_EDGE('',*,*,#3707,.F.);
#6820=ORIENTED_EDGE('',*,*,#4760,.T.);
#6821=ORIENTED_EDGE('',*,*,#4126,.T.);
#6822=ORIENTED_EDGE('',*,*,#3835,.F.);
#6823=ORIENTED_EDGE('',*,*,#3739,.F.);
#6824=ORIENTED_EDGE('',*,*,#3728,.F.);
#6825=ORIENTED_EDGE('',*,*,#3732,.F.);
#6826=ORIENTED_EDGE('',*,*,#3735,.F.);
#6827=ORIENTED_EDGE('',*,*,#3783,.F.);
#6828=ORIENTED_EDGE('',*,*,#3743,.T.);
#6829=ORIENTED_EDGE('',*,*,#4758,.F.);
#6830=ORIENTED_EDGE('',*,*,#3785,.F.);
#6831=ORIENTED_EDGE('',*,*,#3696,.F.);
#6832=ORIENTED_EDGE('',*,*,#4580,.T.);
#6833=ORIENTED_EDGE('',*,*,#4728,.T.);
#6834=ORIENTED_EDGE('',*,*,#4410,.F.);
#6835=ORIENTED_EDGE('',*,*,#4674,.T.);
#6836=ORIENTED_EDGE('',*,*,#3819,.T.);
#6837=ORIENTED_EDGE('',*,*,#4567,.T.);
#6838=ORIENTED_EDGE('',*,*,#4765,.T.);
#6839=ORIENTED_EDGE('',*,*,#4094,.T.);
#6840=ORIENTED_EDGE('',*,*,#4095,.T.);
#6841=ORIENTED_EDGE('',*,*,#4765,.F.);
#6842=ORIENTED_EDGE('',*,*,#4570,.F.);
#6843=ORIENTED_EDGE('',*,*,#4573,.F.);
#6844=ORIENTED_EDGE('',*,*,#4610,.F.);
#6845=ORIENTED_EDGE('',*,*,#4064,.T.);
#6846=ORIENTED_EDGE('',*,*,#4762,.T.);
#6847=ORIENTED_EDGE('',*,*,#4766,.F.);
#6848=ORIENTED_EDGE('',*,*,#4767,.T.);
#6849=ORIENTED_EDGE('',*,*,#4768,.T.);
#6850=ORIENTED_EDGE('',*,*,#4498,.F.);
#6851=ORIENTED_EDGE('',*,*,#4769,.F.);
#6852=ORIENTED_EDGE('',*,*,#4770,.F.);
#6853=ORIENTED_EDGE('',*,*,#4501,.T.);
#6854=ORIENTED_EDGE('',*,*,#4771,.T.);
#6855=ORIENTED_EDGE('',*,*,#4766,.T.);
#6856=ORIENTED_EDGE('',*,*,#4761,.T.);
#6857=ORIENTED_EDGE('',*,*,#4768,.F.);
#6858=ORIENTED_EDGE('',*,*,#4772,.T.);
#6859=ORIENTED_EDGE('',*,*,#4499,.T.);
#6860=ORIENTED_EDGE('',*,*,#4767,.F.);
#6861=ORIENTED_EDGE('',*,*,#4771,.F.);
#6862=ORIENTED_EDGE('',*,*,#4500,.T.);
#6863=ORIENTED_EDGE('',*,*,#4772,.F.);
#6864=ORIENTED_EDGE('',*,*,#4460,.F.);
#6865=ORIENTED_EDGE('',*,*,#4458,.F.);
#6866=ORIENTED_EDGE('',*,*,#4456,.F.);
#6867=ORIENTED_EDGE('',*,*,#4454,.F.);
#6868=ORIENTED_EDGE('',*,*,#4451,.F.);
#6869=ORIENTED_EDGE('',*,*,#4773,.T.);
#6870=ORIENTED_EDGE('',*,*,#4462,.T.);
#6871=ORIENTED_EDGE('',*,*,#4449,.F.);
#6872=ORIENTED_EDGE('',*,*,#4446,.F.);
#6873=ORIENTED_EDGE('',*,*,#4443,.F.);
#6874=ORIENTED_EDGE('',*,*,#4440,.F.);
#6875=ORIENTED_EDGE('',*,*,#4435,.F.);
#6876=ORIENTED_EDGE('',*,*,#4774,.T.);
#6877=ORIENTED_EDGE('',*,*,#4150,.T.);
#6878=ORIENTED_EDGE('',*,*,#4775,.F.);
#6879=ORIENTED_EDGE('',*,*,#4769,.T.);
#6880=ORIENTED_EDGE('',*,*,#4497,.F.);
#6881=ORIENTED_EDGE('',*,*,#4160,.T.);
#6882=ORIENTED_EDGE('',*,*,#4776,.T.);
#6883=ORIENTED_EDGE('',*,*,#4777,.F.);
#6884=ORIENTED_EDGE('',*,*,#4775,.T.);
#6885=ORIENTED_EDGE('',*,*,#4763,.T.);
#6886=ORIENTED_EDGE('',*,*,#4770,.T.);
#6887=ORIENTED_EDGE('',*,*,#4777,.T.);
#6888=ORIENTED_EDGE('',*,*,#4778,.F.);
#6889=ORIENTED_EDGE('',*,*,#4774,.F.);
#6890=ORIENTED_EDGE('',*,*,#4779,.T.);
#6891=ORIENTED_EDGE('',*,*,#4780,.T.);
#6892=ORIENTED_EDGE('',*,*,#4779,.F.);
#6893=ORIENTED_EDGE('',*,*,#4459,.F.);
#6894=ORIENTED_EDGE('',*,*,#4773,.F.);
#6895=ORIENTED_EDGE('',*,*,#4450,.F.);
#6896=ORIENTED_EDGE('',*,*,#3879,.T.);
#6897=ORIENTED_EDGE('',*,*,#4780,.F.);
#6898=ORIENTED_EDGE('',*,*,#4716,.T.);
#6899=ORIENTED_EDGE('',*,*,#4200,.T.);
#6900=ORIENTED_EDGE('',*,*,#4781,.T.);
#6901=ORIENTED_EDGE('',*,*,#4698,.F.);
#6902=ORIENTED_EDGE('',*,*,#4781,.F.);
#6903=ORIENTED_EDGE('',*,*,#4175,.T.);
#6904=ORIENTED_EDGE('',*,*,#4782,.T.);
#6905=ORIENTED_EDGE('',*,*,#4700,.T.);
#6906=ORIENTED_EDGE('',*,*,#4782,.F.);
#6907=ORIENTED_EDGE('',*,*,#4161,.T.);
#6908=ORIENTED_EDGE('',*,*,#4783,.T.);
#6909=ORIENTED_EDGE('',*,*,#4685,.F.);
#6910=ORIENTED_EDGE('',*,*,#4783,.F.);
#6911=ORIENTED_EDGE('',*,*,#4186,.T.);
#6912=ORIENTED_EDGE('',*,*,#4784,.T.);
#6913=ORIENTED_EDGE('',*,*,#4687,.T.);
#6914=ORIENTED_EDGE('',*,*,#4784,.F.);
#6915=ORIENTED_EDGE('',*,*,#4785,.F.);
#6916=ORIENTED_EDGE('',*,*,#3852,.F.);
#6917=ORIENTED_EDGE('',*,*,#4786,.F.);
#6918=ORIENTED_EDGE('',*,*,#4787,.F.);
#6919=ORIENTED_EDGE('',*,*,#4785,.T.);
#6920=ORIENTED_EDGE('',*,*,#4788,.F.);
#6921=ORIENTED_EDGE('',*,*,#4789,.F.);
#6922=ORIENTED_EDGE('',*,*,#3853,.F.);
#6923=ORIENTED_EDGE('',*,*,#3992,.F.);
#6924=ORIENTED_EDGE('',*,*,#3854,.F.);
#6925=ORIENTED_EDGE('',*,*,#4789,.T.);
#6926=ORIENTED_EDGE('',*,*,#4244,.F.);
#6927=ORIENTED_EDGE('',*,*,#3990,.F.);
#6928=ORIENTED_EDGE('',*,*,#3988,.F.);
#6929=ORIENTED_EDGE('',*,*,#4790,.F.);
#6930=ORIENTED_EDGE('',*,*,#3861,.F.);
#6931=ORIENTED_EDGE('',*,*,#4791,.F.);
#6932=ORIENTED_EDGE('',*,*,#3862,.F.);
#6933=ORIENTED_EDGE('',*,*,#4790,.T.);
#6934=ORIENTED_EDGE('',*,*,#4206,.F.);
#6935=ORIENTED_EDGE('',*,*,#4791,.T.);
#6936=ORIENTED_EDGE('',*,*,#4208,.F.);
#6937=ORIENTED_EDGE('',*,*,#4792,.F.);
#6938=ORIENTED_EDGE('',*,*,#3863,.F.);
#6939=ORIENTED_EDGE('',*,*,#4551,.F.);
#6940=ORIENTED_EDGE('',*,*,#3864,.F.);
#6941=ORIENTED_EDGE('',*,*,#4792,.T.);
#6942=ORIENTED_EDGE('',*,*,#4211,.F.);
#6943=ORIENTED_EDGE('',*,*,#4505,.F.);
#6944=ORIENTED_EDGE('',*,*,#4793,.F.);
#6945=ORIENTED_EDGE('',*,*,#4794,.F.);
#6946=ORIENTED_EDGE('',*,*,#3870,.F.);
#6947=ORIENTED_EDGE('',*,*,#4794,.T.);
#6948=ORIENTED_EDGE('',*,*,#4795,.F.);
#6949=ORIENTED_EDGE('',*,*,#4796,.F.);
#6950=ORIENTED_EDGE('',*,*,#3871,.F.);
#6951=ORIENTED_EDGE('',*,*,#3991,.F.);
#6952=ORIENTED_EDGE('',*,*,#3872,.F.);
#6953=ORIENTED_EDGE('',*,*,#4796,.T.);
#6954=ORIENTED_EDGE('',*,*,#4797,.F.);
#6955=ORIENTED_EDGE('',*,*,#3975,.F.);
#6956=ORIENTED_EDGE('',*,*,#3973,.F.);
#6957=ORIENTED_EDGE('',*,*,#4798,.F.);
#6958=ORIENTED_EDGE('',*,*,#3847,.F.);
#6959=ORIENTED_EDGE('',*,*,#4799,.F.);
#6960=ORIENTED_EDGE('',*,*,#3848,.F.);
#6961=ORIENTED_EDGE('',*,*,#4798,.T.);
#6962=ORIENTED_EDGE('',*,*,#4800,.F.);
#6963=ORIENTED_EDGE('',*,*,#4799,.T.);
#6964=ORIENTED_EDGE('',*,*,#4213,.F.);
#6965=ORIENTED_EDGE('',*,*,#4801,.F.);
#6966=ORIENTED_EDGE('',*,*,#3849,.F.);
#6967=ORIENTED_EDGE('',*,*,#4802,.F.);
#6968=ORIENTED_EDGE('',*,*,#3850,.F.);
#6969=ORIENTED_EDGE('',*,*,#4801,.T.);
#6970=ORIENTED_EDGE('',*,*,#4216,.F.);
#6971=ORIENTED_EDGE('',*,*,#4802,.T.);
#6972=ORIENTED_EDGE('',*,*,#4253,.F.);
#6973=ORIENTED_EDGE('',*,*,#4786,.T.);
#6974=ORIENTED_EDGE('',*,*,#3851,.F.);
#6975=ORIENTED_EDGE('',*,*,#4178,.T.);
#6976=ORIENTED_EDGE('',*,*,#4803,.F.);
#6977=ORIENTED_EDGE('',*,*,#4795,.T.);
#6978=ORIENTED_EDGE('',*,*,#4804,.T.);
#6979=ORIENTED_EDGE('',*,*,#4177,.T.);
#6980=ORIENTED_EDGE('',*,*,#3964,.F.);
#6981=ORIENTED_EDGE('',*,*,#4797,.T.);
#6982=ORIENTED_EDGE('',*,*,#4803,.T.);
#6983=ORIENTED_EDGE('',*,*,#4174,.T.);
#6984=ORIENTED_EDGE('',*,*,#4214,.F.);
#6985=ORIENTED_EDGE('',*,*,#4800,.T.);
#6986=ORIENTED_EDGE('',*,*,#3972,.T.);
#6987=ORIENTED_EDGE('',*,*,#4196,.T.);
#6988=ORIENTED_EDGE('',*,*,#4805,.F.);
#6989=ORIENTED_EDGE('',*,*,#4787,.T.);
#6990=ORIENTED_EDGE('',*,*,#4252,.T.);
#6991=ORIENTED_EDGE('',*,*,#4176,.T.);
#6992=ORIENTED_EDGE('',*,*,#4806,.F.);
#6993=ORIENTED_EDGE('',*,*,#4807,.F.);
#6994=ORIENTED_EDGE('',*,*,#3966,.F.);
#6995=ORIENTED_EDGE('',*,*,#4808,.F.);
#6996=ORIENTED_EDGE('',*,*,#3967,.F.);
#6997=ORIENTED_EDGE('',*,*,#4807,.T.);
#6998=ORIENTED_EDGE('',*,*,#4809,.F.);
#6999=ORIENTED_EDGE('',*,*,#4810,.F.);
#7000=ORIENTED_EDGE('',*,*,#3968,.F.);
#7001=ORIENTED_EDGE('',*,*,#4808,.T.);
#7002=ORIENTED_EDGE('',*,*,#4606,.F.);
#7003=ORIENTED_EDGE('',*,*,#4811,.F.);
#7004=ORIENTED_EDGE('',*,*,#3969,.F.);
#7005=ORIENTED_EDGE('',*,*,#4810,.T.);
#7006=ORIENTED_EDGE('',*,*,#4812,.F.);
#7007=ORIENTED_EDGE('',*,*,#4162,.T.);
#7008=ORIENTED_EDGE('',*,*,#3970,.F.);
#7009=ORIENTED_EDGE('',*,*,#4811,.T.);
#7010=ORIENTED_EDGE('',*,*,#4813,.F.);
#7011=ORIENTED_EDGE('',*,*,#4185,.T.);
#7012=ORIENTED_EDGE('',*,*,#4232,.T.);
#7013=ORIENTED_EDGE('',*,*,#4814,.T.);
#7014=ORIENTED_EDGE('',*,*,#4806,.T.);
#7015=ORIENTED_EDGE('',*,*,#4809,.T.);
#7016=ORIENTED_EDGE('',*,*,#4814,.F.);
#7017=ORIENTED_EDGE('',*,*,#4815,.F.);
#7018=ORIENTED_EDGE('',*,*,#4607,.F.);
#7019=ORIENTED_EDGE('',*,*,#4812,.T.);
#7020=ORIENTED_EDGE('',*,*,#4605,.F.);
#7021=ORIENTED_EDGE('',*,*,#4816,.F.);
#7022=ORIENTED_EDGE('',*,*,#4817,.F.);
#7023=ORIENTED_EDGE('',*,*,#4163,.T.);
#7024=ORIENTED_EDGE('',*,*,#4813,.T.);
#7025=ORIENTED_EDGE('',*,*,#4817,.T.);
#7026=ORIENTED_EDGE('',*,*,#4818,.T.);
#7027=ORIENTED_EDGE('',*,*,#4187,.T.);
#7028=ORIENTED_EDGE('',*,*,#4746,.F.);
#7029=ORIENTED_EDGE('',*,*,#4664,.T.);
#7030=ORIENTED_EDGE('',*,*,#4667,.T.);
#7031=ORIENTED_EDGE('',*,*,#4819,.F.);
#7032=ORIENTED_EDGE('',*,*,#4820,.F.);
#7033=ORIENTED_EDGE('',*,*,#4204,.T.);
#7034=ORIENTED_EDGE('',*,*,#3984,.F.);
#7035=ORIENTED_EDGE('',*,*,#4821,.F.);
#7036=ORIENTED_EDGE('',*,*,#4111,.F.);
#7037=ORIENTED_EDGE('',*,*,#4819,.T.);
#7038=ORIENTED_EDGE('',*,*,#3983,.F.);
#7039=ORIENTED_EDGE('',*,*,#4247,.F.);
#7040=ORIENTED_EDGE('',*,*,#4822,.F.);
#7041=ORIENTED_EDGE('',*,*,#4821,.T.);
#7042=ORIENTED_EDGE('',*,*,#3982,.F.);
#7043=ORIENTED_EDGE('',*,*,#4113,.F.);
#7044=ORIENTED_EDGE('',*,*,#4823,.T.);
#7045=ORIENTED_EDGE('',*,*,#4257,.T.);
#7046=ORIENTED_EDGE('',*,*,#4824,.T.);
#7047=ORIENTED_EDGE('',*,*,#4590,.T.);
#7048=ORIENTED_EDGE('',*,*,#4114,.F.);
#7049=ORIENTED_EDGE('',*,*,#4824,.F.);
#7050=ORIENTED_EDGE('',*,*,#4259,.F.);
#7051=ORIENTED_EDGE('',*,*,#4741,.F.);
#7052=ORIENTED_EDGE('',*,*,#4822,.T.);
#7053=ORIENTED_EDGE('',*,*,#4255,.F.);
#7054=ORIENTED_EDGE('',*,*,#4823,.F.);
#7055=ORIENTED_EDGE('',*,*,#4112,.F.);
#7056=ORIENTED_EDGE('',*,*,#4604,.F.);
#7057=ORIENTED_EDGE('',*,*,#4825,.T.);
#7058=ORIENTED_EDGE('',*,*,#4826,.T.);
#7059=ORIENTED_EDGE('',*,*,#4816,.T.);
#7060=ORIENTED_EDGE('',*,*,#4164,.T.);
#7061=ORIENTED_EDGE('',*,*,#4818,.F.);
#7062=ORIENTED_EDGE('',*,*,#4826,.F.);
#7063=ORIENTED_EDGE('',*,*,#4827,.F.);
#7064=ORIENTED_EDGE('',*,*,#4561,.T.);
#7065=ORIENTED_EDGE('',*,*,#4662,.F.);
#7066=ORIENTED_EDGE('',*,*,#4828,.F.);
#7067=ORIENTED_EDGE('',*,*,#4825,.F.);
#7068=ORIENTED_EDGE('',*,*,#4603,.F.);
#7069=ORIENTED_EDGE('',*,*,#4764,.T.);
#7070=ORIENTED_EDGE('',*,*,#4778,.T.);
#7071=ORIENTED_EDGE('',*,*,#4829,.T.);
#7072=ORIENTED_EDGE('',*,*,#4118,.T.);
#7073=ORIENTED_EDGE('',*,*,#4109,.F.);
#7074=ORIENTED_EDGE('',*,*,#4120,.T.);
#7075=ORIENTED_EDGE('',*,*,#4830,.T.);
#7076=ORIENTED_EDGE('',*,*,#4831,.T.);
#7077=ORIENTED_EDGE('',*,*,#4820,.T.);
#7078=ORIENTED_EDGE('',*,*,#4110,.F.);
#7079=ORIENTED_EDGE('',*,*,#4831,.F.);
#7080=ORIENTED_EDGE('',*,*,#4202,.F.);
#7081=ORIENTED_EDGE('',*,*,#4157,.T.);
#7082=ORIENTED_EDGE('',*,*,#4203,.F.);
#7083=ORIENTED_EDGE('',*,*,#4830,.F.);
#7084=ORIENTED_EDGE('',*,*,#4832,.F.);
#7085=ORIENTED_EDGE('',*,*,#4159,.T.);
#7086=ORIENTED_EDGE('',*,*,#4833,.F.);
#7087=ORIENTED_EDGE('',*,*,#4829,.F.);
#7088=ORIENTED_EDGE('',*,*,#4776,.F.);
#7089=ORIENTED_EDGE('',*,*,#4231,.T.);
#7090=ORIENTED_EDGE('',*,*,#4602,.T.);
#7091=ORIENTED_EDGE('',*,*,#4608,.F.);
#7092=ORIENTED_EDGE('',*,*,#4815,.T.);
#7093=ORIENTED_EDGE('',*,*,#4179,.T.);
#7094=ORIENTED_EDGE('',*,*,#4804,.F.);
#7095=ORIENTED_EDGE('',*,*,#4793,.T.);
#7096=ORIENTED_EDGE('',*,*,#4504,.F.);
#7097=ORIENTED_EDGE('',*,*,#4239,.F.);
#7098=ORIENTED_EDGE('',*,*,#4165,.T.);
#7099=ORIENTED_EDGE('',*,*,#4827,.T.);
#7100=ORIENTED_EDGE('',*,*,#4828,.T.);
#7101=ORIENTED_EDGE('',*,*,#4742,.T.);
#7102=ORIENTED_EDGE('',*,*,#4158,.T.);
#7103=ORIENTED_EDGE('',*,*,#4832,.T.);
#7104=ORIENTED_EDGE('',*,*,#4119,.T.);
#7105=ORIENTED_EDGE('',*,*,#4833,.T.);
#7106=ORIENTED_EDGE('',*,*,#4195,.T.);
#7107=ORIENTED_EDGE('',*,*,#4245,.F.);
#7108=ORIENTED_EDGE('',*,*,#4788,.T.);
#7109=ORIENTED_EDGE('',*,*,#4805,.T.);
#7110=PLANE('',#7778);
#7111=PLANE('',#7779);
#7112=PLANE('',#7781);
#7113=PLANE('',#7782);
#7114=PLANE('',#7786);
#7115=PLANE('',#7787);
#7116=PLANE('',#7788);
#7117=PLANE('',#7789);
#7118=PLANE('',#7790);
#7119=PLANE('',#7792);
#7120=PLANE('',#7793);
#7121=PLANE('',#7794);
#7122=PLANE('',#7798);
#7123=PLANE('',#7802);
#7124=PLANE('',#7803);
#7125=PLANE('',#7805);
#7126=PLANE('',#7806);
#7127=PLANE('',#7810);
#7128=PLANE('',#7811);
#7129=PLANE('',#7818);
#7130=PLANE('',#7823);
#7131=PLANE('',#7825);
#7132=PLANE('',#7826);
#7133=PLANE('',#7830);
#7134=PLANE('',#7893);
#7135=PLANE('',#7898);
#7136=PLANE('',#7903);
#7137=PLANE('',#7910);
#7138=PLANE('',#7915);
#7139=PLANE('',#7916);
#7140=PLANE('',#7922);
#7141=PLANE('',#7923);
#7142=PLANE('',#7927);
#7143=PLANE('',#7928);
#7144=PLANE('',#7929);
#7145=PLANE('',#7930);
#7146=PLANE('',#7933);
#7147=PLANE('',#7936);
#7148=PLANE('',#7938);
#7149=PLANE('',#7942);
#7150=PLANE('',#7946);
#7151=PLANE('',#7947);
#7152=PLANE('',#7950);
#7153=PLANE('',#7951);
#7154=PLANE('',#7952);
#7155=PLANE('',#7965);
#7156=PLANE('',#7966);
#7157=PLANE('',#7967);
#7158=PLANE('',#7968);
#7159=PLANE('',#7969);
#7160=PLANE('',#7970);
#7161=PLANE('',#7971);
#7162=PLANE('',#7972);
#7163=PLANE('',#7985);
#7164=PLANE('',#7986);
#7165=PLANE('',#7987);
#7166=PLANE('',#7988);
#7167=PLANE('',#7992);
#7168=PLANE('',#7993);
#7169=PLANE('',#7994);
#7170=PLANE('',#7995);
#7171=PLANE('',#7996);
#7172=PLANE('',#8004);
#7173=PLANE('',#8014);
#7174=PLANE('',#8021);
#7175=PLANE('',#8031);
#7176=PLANE('',#8036);
#7177=PLANE('',#8040);
#7178=PLANE('',#8048);
#7179=PLANE('',#8054);
#7180=PLANE('',#8057);
#7181=PLANE('',#8058);
#7182=PLANE('',#8064);
#7183=PLANE('',#8067);
#7184=PLANE('',#8070);
#7185=PLANE('',#8073);
#7186=PLANE('',#8074);
#7187=PLANE('',#8075);
#7188=PLANE('',#8077);
#7189=PLANE('',#8079);
#7190=PLANE('',#8080);
#7191=PLANE('',#8084);
#7192=PLANE('',#8085);
#7193=PLANE('',#8086);
#7194=PLANE('',#8087);
#7195=PLANE('',#8088);
#7196=PLANE('',#8089);
#7197=PLANE('',#8090);
#7198=PLANE('',#8091);
#7199=PLANE('',#8092);
#7200=PLANE('',#8093);
#7201=PLANE('',#8094);
#7202=PLANE('',#8095);
#7203=PLANE('',#8096);
#7204=PLANE('',#8097);
#7205=PLANE('',#8098);
#7206=PLANE('',#8099);
#7207=PLANE('',#8108);
#7208=PLANE('',#8111);
#7209=PLANE('',#8123);
#7210=PLANE('',#8124);
#7211=PLANE('',#8125);
#7212=PLANE('',#8126);
#7213=PLANE('',#8127);
#7214=PLANE('',#8128);
#7215=PLANE('',#8135);
#7216=PLANE('',#8141);
#7217=PLANE('',#8146);
#7218=PLANE('',#8150);
#7219=PLANE('',#8152);
#7220=PLANE('',#8156);
#7221=PLANE('',#8159);
#7222=PLANE('',#8161);
#7223=PLANE('',#8165);
#7224=PLANE('',#8166);
#7225=PLANE('',#8167);
#7226=PLANE('',#8168);
#7227=PLANE('',#8169);
#7228=PLANE('',#8170);
#7229=PLANE('',#8173);
#7230=PLANE('',#8176);
#7231=PLANE('',#8179);
#7232=PLANE('',#8181);
#7233=PLANE('',#8202);
#7234=PLANE('',#8203);
#7235=PLANE('',#8206);
#7236=PLANE('',#8207);
#7237=PLANE('',#8208);
#7238=PLANE('',#8211);
#7239=PLANE('',#8214);
#7240=PLANE('',#8217);
#7241=PLANE('',#8218);
#7242=PLANE('',#8219);
#7243=PLANE('',#8220);
#7244=PLANE('',#8221);
#7245=PLANE('',#8222);
#7246=PLANE('',#8223);
#7247=PLANE('',#8224);
#7248=PLANE('',#8225);
#7249=PLANE('',#8226);
#7250=PLANE('',#8227);
#7251=PLANE('',#8228);
#7252=PLANE('',#8229);
#7253=PLANE('',#8240);
#7254=PLANE('',#8241);
#7255=PLANE('',#8243);
#7256=PLANE('',#8244);
#7257=PLANE('',#8245);
#7258=PLANE('',#8247);
#7259=PLANE('',#8257);
#7260=PLANE('',#8261);
#7261=PLANE('',#8267);
#7262=PLANE('',#8269);
#7263=PLANE('',#8286);
#7264=PLANE('',#8287);
#7265=PLANE('',#8288);
#7266=PLANE('',#8289);
#7267=PLANE('',#8290);
#7268=PLANE('',#8291);
#7269=PLANE('',#8292);
#7270=PLANE('',#8293);
#7271=PLANE('',#8294);
#7272=PLANE('',#8295);
#7273=PLANE('',#8296);
#7274=PLANE('',#8300);
#7275=PLANE('',#8307);
#7276=PLANE('',#8308);
#7277=PLANE('',#8310);
#7278=PLANE('',#8311);
#7279=PLANE('',#8312);
#7280=PLANE('',#8313);
#7281=PLANE('',#8314);
#7282=PLANE('',#8315);
#7283=PLANE('',#8316);
#7284=PLANE('',#8318);
#7285=PLANE('',#8319);
#7286=PLANE('',#8324);
#7287=PLANE('',#8325);
#7288=PLANE('',#8326);
#7289=PLANE('',#8328);
#7290=PLANE('',#8329);
#7291=PLANE('',#8334);
#7292=PLANE('',#8335);
#7293=PLANE('',#8336);
#7294=PLANE('',#8337);
#7295=PLANE('',#8338);
#7296=PLANE('',#8339);
#7297=PLANE('',#8340);
#7298=PLANE('',#8341);
#7299=PLANE('',#8342);
#7300=PLANE('',#8343);
#7301=PLANE('',#8344);
#7302=PLANE('',#8345);
#7303=PLANE('',#8346);
#7304=PLANE('',#8347);
#7305=PLANE('',#8348);
#7306=PLANE('',#8349);
#7307=PLANE('',#8350);
#7308=PLANE('',#8351);
#7309=PLANE('',#8352);
#7310=PLANE('',#8353);
#7311=PLANE('',#8354);
#7312=PLANE('',#8355);
#7313=PLANE('',#8359);
#7314=PLANE('',#8360);
#7315=PLANE('',#8361);
#7316=PLANE('',#8362);
#7317=PLANE('',#8363);
#7318=PLANE('',#8364);
#7319=PLANE('',#8365);
#7320=PLANE('',#8366);
#7321=PLANE('',#8367);
#7322=PLANE('',#8368);
#7323=PLANE('',#8370);
#7324=PLANE('',#8371);
#7325=PLANE('',#8373);
#7326=PLANE('',#8374);
#7327=PLANE('',#8377);
#7328=PLANE('',#8400);
#7329=PLANE('',#8404);
#7330=PLANE('',#8405);
#7331=PLANE('',#8406);
#7332=PLANE('',#8407);
#7333=PLANE('',#8414);
#7334=PLANE('',#8415);
#7335=PLANE('',#8416);
#7336=PLANE('',#8417);
#7337=PLANE('',#8421);
#7338=PLANE('',#8427);
#7339=PLANE('',#8434);
#7340=PLANE('',#8436);
#7341=PLANE('',#8438);
#7342=PLANE('',#8442);
#7343=PLANE('',#8445);
#7344=PLANE('',#8448);
#7345=PLANE('',#8450);
#7346=PLANE('',#8451);
#7347=PLANE('',#8466);
#7348=PLANE('',#8471);
#7349=PLANE('',#8472);
#7350=PLANE('',#8500);
#7351=PLANE('',#8501);
#7352=PLANE('',#8502);
#7353=ADVANCED_FACE('',(#602),#7110,.F.);
#7354=ADVANCED_FACE('',(#603),#7111,.F.);
#7355=ADVANCED_FACE('',(#604),#7112,.F.);
#7356=ADVANCED_FACE('',(#605),#7113,.T.);
#7357=ADVANCED_FACE('',(#606),#7114,.F.);
#7358=ADVANCED_FACE('',(#607),#258,.F.);
#7359=ADVANCED_FACE('',(#608),#7115,.F.);
#7360=ADVANCED_FACE('',(#609),#7116,.F.);
#7361=ADVANCED_FACE('',(#610),#7117,.T.);
#7362=ADVANCED_FACE('',(#611),#7118,.F.);
#7363=ADVANCED_FACE('',(#612),#7119,.F.);
#7364=ADVANCED_FACE('',(#613),#7120,.F.);
#7365=ADVANCED_FACE('',(#614),#7121,.F.);
#7366=ADVANCED_FACE('',(#615),#7122,.F.);
#7367=ADVANCED_FACE('',(#616),#139,.F.);
#7368=ADVANCED_FACE('',(#617),#7123,.T.);
#7369=ADVANCED_FACE('',(#618),#7124,.F.);
#7370=ADVANCED_FACE('',(#619),#80,.F.);
#7371=ADVANCED_FACE('',(#620),#7125,.T.);
#7372=ADVANCED_FACE('',(#621),#7126,.T.);
#7373=ADVANCED_FACE('',(#622),#7127,.F.);
#7374=ADVANCED_FACE('',(#623),#7128,.F.);
#7375=ADVANCED_FACE('',(#624),#140,.F.);
#7376=ADVANCED_FACE('',(#625),#141,.F.);
#7377=ADVANCED_FACE('',(#626),#7129,.F.);
#7378=ADVANCED_FACE('',(#627),#142,.F.);
#7379=ADVANCED_FACE('',(#628),#143,.F.);
#7380=ADVANCED_FACE('',(#629),#7130,.T.);
#7381=ADVANCED_FACE('',(#630),#7131,.T.);
#7382=ADVANCED_FACE('',(#631),#7132,.T.);
#7383=ADVANCED_FACE('',(#632),#61,.F.);
#7384=ADVANCED_FACE('',(#633,#38,#39,#40,#41,#42),#7133,.T.);
#7385=ADVANCED_FACE('',(#634),#144,.F.);
#7386=ADVANCED_FACE('',(#635),#62,.F.);
#7387=ADVANCED_FACE('',(#636),#145,.F.);
#7388=ADVANCED_FACE('',(#637),#63,.F.);
#7389=ADVANCED_FACE('',(#638),#146,.F.);
#7390=ADVANCED_FACE('',(#639),#64,.F.);
#7391=ADVANCED_FACE('',(#640),#147,.F.);
#7392=ADVANCED_FACE('',(#641),#148,.F.);
#7393=ADVANCED_FACE('',(#642),#7134,.F.);
#7394=ADVANCED_FACE('',(#643),#149,.F.);
#7395=ADVANCED_FACE('',(#644),#150,.F.);
#7396=ADVANCED_FACE('',(#645),#7135,.F.);
#7397=ADVANCED_FACE('',(#646),#151,.F.);
#7398=ADVANCED_FACE('',(#647),#152,.T.);
#7399=ADVANCED_FACE('',(#648),#7136,.F.);
#7400=ADVANCED_FACE('',(#649),#153,.T.);
#7401=ADVANCED_FACE('',(#650),#154,.T.);
#7402=ADVANCED_FACE('',(#651),#7137,.F.);
#7403=ADVANCED_FACE('',(#652),#155,.T.);
#7404=ADVANCED_FACE('',(#653),#7138,.F.);
#7405=ADVANCED_FACE('',(#654),#7139,.F.);
#7406=ADVANCED_FACE('',(#655),#156,.F.);
#7407=ADVANCED_FACE('',(#656),#157,.F.);
#7408=ADVANCED_FACE('',(#657),#7140,.F.);
#7409=ADVANCED_FACE('',(#658),#7141,.F.);
#7410=ADVANCED_FACE('',(#659),#7142,.F.);
#7411=ADVANCED_FACE('',(#660),#7143,.T.);
#7412=ADVANCED_FACE('',(#661),#7144,.T.);
#7413=ADVANCED_FACE('',(#662),#7145,.T.);
#7414=ADVANCED_FACE('',(#663),#7146,.F.);
#7415=ADVANCED_FACE('',(#664),#7147,.T.);
#7416=ADVANCED_FACE('',(#665),#7148,.T.);
#7417=ADVANCED_FACE('',(#666),#158,.T.);
#7418=ADVANCED_FACE('',(#667),#259,.T.);
#7419=ADVANCED_FACE('',(#668),#7149,.F.);
#7420=ADVANCED_FACE('',(#669),#159,.F.);
#7421=ADVANCED_FACE('',(#670),#7150,.F.);
#7422=ADVANCED_FACE('',(#671),#7151,.T.);
#7423=ADVANCED_FACE('',(#672),#7152,.T.);
#7424=ADVANCED_FACE('',(#673),#7153,.T.);
#7425=ADVANCED_FACE('',(#674),#7154,.T.);
#7426=ADVANCED_FACE('',(#675),#160,.F.);
#7427=ADVANCED_FACE('',(#676),#260,.T.);
#7428=ADVANCED_FACE('',(#677),#161,.F.);
#7429=ADVANCED_FACE('',(#678),#261,.T.);
#7430=ADVANCED_FACE('',(#679),#162,.F.);
#7431=ADVANCED_FACE('',(#680),#7155,.F.);
#7432=ADVANCED_FACE('',(#681),#7156,.F.);
#7433=ADVANCED_FACE('',(#682),#7157,.T.);
#7434=ADVANCED_FACE('',(#683),#7158,.T.);
#7435=ADVANCED_FACE('',(#684),#7159,.T.);
#7436=ADVANCED_FACE('',(#685),#7160,.T.);
#7437=ADVANCED_FACE('',(#686),#7161,.F.);
#7438=ADVANCED_FACE('',(#687),#7162,.F.);
#7439=ADVANCED_FACE('',(#688),#163,.F.);
#7440=ADVANCED_FACE('',(#689),#164,.F.);
#7441=ADVANCED_FACE('',(#690),#262,.T.);
#7442=ADVANCED_FACE('',(#691),#165,.F.);
#7443=ADVANCED_FACE('',(#692),#7163,.T.);
#7444=ADVANCED_FACE('',(#693),#7164,.T.);
#7445=ADVANCED_FACE('',(#694),#7165,.F.);
#7446=ADVANCED_FACE('',(#695),#7166,.F.);
#7447=ADVANCED_FACE('',(#696),#166,.F.);
#7448=ADVANCED_FACE('',(#697),#7167,.T.);
#7449=ADVANCED_FACE('',(#698),#7168,.T.);
#7450=ADVANCED_FACE('',(#699),#7169,.T.);
#7451=ADVANCED_FACE('',(#700),#7170,.T.);
#7452=ADVANCED_FACE('',(#701,#43),#7171,.T.);
#7453=ADVANCED_FACE('',(#702,#44),#7172,.T.);
#7454=ADVANCED_FACE('',(#703,#45),#7173,.T.);
#7455=ADVANCED_FACE('',(#704,#46),#7174,.T.);
#7456=ADVANCED_FACE('',(#705),#7175,.F.);
#7457=ADVANCED_FACE('',(#706),#167,.T.);
#7458=ADVANCED_FACE('',(#707),#168,.T.);
#7459=ADVANCED_FACE('',(#708),#7176,.F.);
#7460=ADVANCED_FACE('',(#709),#169,.T.);
#7461=ADVANCED_FACE('',(#710),#7177,.F.);
#7462=ADVANCED_FACE('',(#711),#170,.T.);
#7463=ADVANCED_FACE('',(#712),#171,.T.);
#7464=ADVANCED_FACE('',(#713),#172,.F.);
#7465=ADVANCED_FACE('',(#714),#7178,.F.);
#7466=ADVANCED_FACE('',(#715),#173,.F.);
#7467=ADVANCED_FACE('',(#716),#174,.T.);
#7468=ADVANCED_FACE('',(#717),#7179,.F.);
#7469=ADVANCED_FACE('',(#718),#175,.T.);
#7470=ADVANCED_FACE('',(#719),#7180,.F.);
#7471=ADVANCED_FACE('',(#720),#7181,.F.);
#7472=ADVANCED_FACE('',(#721),#176,.T.);
#7473=ADVANCED_FACE('',(#722),#177,.T.);
#7474=ADVANCED_FACE('',(#723),#7182,.F.);
#7475=ADVANCED_FACE('',(#724),#7183,.F.);
#7476=ADVANCED_FACE('',(#725),#178,.T.);
#7477=ADVANCED_FACE('',(#726),#7184,.F.);
#7478=ADVANCED_FACE('',(#727),#179,.T.);
#7479=ADVANCED_FACE('',(#728),#7185,.F.);
#7480=ADVANCED_FACE('',(#729),#7186,.T.);
#7481=ADVANCED_FACE('',(#730),#7187,.T.);
#7482=ADVANCED_FACE('',(#731),#7188,.T.);
#7483=ADVANCED_FACE('',(#732),#7189,.T.);
#7484=ADVANCED_FACE('',(#733),#7190,.F.);
#7485=ADVANCED_FACE('',(#734),#180,.T.);
#7486=ADVANCED_FACE('',(#735),#7191,.F.);
#7487=ADVANCED_FACE('',(#736),#7192,.T.);
#7488=ADVANCED_FACE('',(#737),#7193,.T.);
#7489=ADVANCED_FACE('',(#738),#7194,.T.);
#7490=ADVANCED_FACE('',(#739),#7195,.T.);
#7491=ADVANCED_FACE('',(#740),#7196,.F.);
#7492=ADVANCED_FACE('',(#741),#7197,.F.);
#7493=ADVANCED_FACE('',(#742),#7198,.T.);
#7494=ADVANCED_FACE('',(#743),#7199,.T.);
#7495=ADVANCED_FACE('',(#744),#7200,.T.);
#7496=ADVANCED_FACE('',(#745),#7201,.T.);
#7497=ADVANCED_FACE('',(#746),#7202,.F.);
#7498=ADVANCED_FACE('',(#747),#7203,.T.);
#7499=ADVANCED_FACE('',(#748),#7204,.T.);
#7500=ADVANCED_FACE('',(#749),#7205,.T.);
#7501=ADVANCED_FACE('',(#750),#7206,.T.);
#7502=ADVANCED_FACE('',(#751),#181,.T.);
#7503=ADVANCED_FACE('',(#752),#182,.T.);
#7504=ADVANCED_FACE('',(#753),#36,.T.);
#7505=ADVANCED_FACE('',(#754),#7207,.T.);
#7506=ADVANCED_FACE('',(#755),#183,.T.);
#7507=ADVANCED_FACE('',(#756),#7208,.T.);
#7508=ADVANCED_FACE('',(#757),#184,.T.);
#7509=ADVANCED_FACE('',(#758),#37,.T.);
#7510=ADVANCED_FACE('',(#759),#185,.T.);
#7511=ADVANCED_FACE('',(#760),#7209,.T.);
#7512=ADVANCED_FACE('',(#761),#7210,.T.);
#7513=ADVANCED_FACE('',(#762),#81,.T.);
#7514=ADVANCED_FACE('',(#763),#82,.T.);
#7515=ADVANCED_FACE('',(#764),#7211,.T.);
#7516=ADVANCED_FACE('',(#765),#7212,.T.);
#7517=ADVANCED_FACE('',(#766),#7213,.T.);
#7518=ADVANCED_FACE('',(#767),#83,.F.);
#7519=ADVANCED_FACE('',(#768),#7214,.F.);
#7520=ADVANCED_FACE('',(#769),#263,.T.);
#7521=ADVANCED_FACE('',(#770),#186,.T.);
#7522=ADVANCED_FACE('',(#771),#187,.T.);
#7523=ADVANCED_FACE('',(#772),#7215,.T.);
#7524=ADVANCED_FACE('',(#773),#188,.T.);
#7525=ADVANCED_FACE('',(#774),#189,.T.);
#7526=ADVANCED_FACE('',(#775),#7216,.T.);
#7527=ADVANCED_FACE('',(#776),#65,.T.);
#7528=ADVANCED_FACE('',(#777),#7217,.T.);
#7529=ADVANCED_FACE('',(#778),#66,.T.);
#7530=ADVANCED_FACE('',(#779),#7218,.T.);
#7531=ADVANCED_FACE('',(#780),#7219,.T.);
#7532=ADVANCED_FACE('',(#781),#67,.F.);
#7533=ADVANCED_FACE('',(#782),#7220,.T.);
#7534=ADVANCED_FACE('',(#783),#68,.F.);
#7535=ADVANCED_FACE('',(#784),#7221,.T.);
#7536=ADVANCED_FACE('',(#785),#7222,.T.);
#7537=ADVANCED_FACE('',(#786),#69,.F.);
#7538=ADVANCED_FACE('',(#787),#7223,.T.);
#7539=ADVANCED_FACE('',(#788),#7224,.T.);
#7540=ADVANCED_FACE('',(#789),#84,.T.);
#7541=ADVANCED_FACE('',(#790),#7225,.T.);
#7542=ADVANCED_FACE('',(#791),#85,.T.);
#7543=ADVANCED_FACE('',(#792),#86,.T.);
#7544=ADVANCED_FACE('',(#793),#7226,.T.);
#7545=ADVANCED_FACE('',(#794),#7227,.T.);
#7546=ADVANCED_FACE('',(#795),#87,.T.);
#7547=ADVANCED_FACE('',(#796),#7228,.T.);
#7548=ADVANCED_FACE('',(#797),#190,.T.);
#7549=ADVANCED_FACE('',(#798),#191,.T.);
#7550=ADVANCED_FACE('',(#799),#7229,.F.);
#7551=ADVANCED_FACE('',(#800),#192,.F.);
#7552=ADVANCED_FACE('',(#801),#7230,.F.);
#7553=ADVANCED_FACE('',(#802),#193,.F.);
#7554=ADVANCED_FACE('',(#803),#7231,.F.);
#7555=ADVANCED_FACE('',(#804),#7232,.T.);
#7556=ADVANCED_FACE('',(#805),#194,.T.);
#7557=ADVANCED_FACE('',(#806),#195,.T.);
#7558=ADVANCED_FACE('',(#807),#15,.T.);
#7559=ADVANCED_FACE('',(#808),#196,.T.);
#7560=ADVANCED_FACE('',(#809),#16,.T.);
#7561=ADVANCED_FACE('',(#810),#197,.T.);
#7562=ADVANCED_FACE('',(#811),#17,.T.);
#7563=ADVANCED_FACE('',(#812),#198,.T.);
#7564=ADVANCED_FACE('',(#813),#18,.T.);
#7565=ADVANCED_FACE('',(#814,#47),#7233,.T.);
#7566=ADVANCED_FACE('',(#815),#7234,.T.);
#7567=ADVANCED_FACE('',(#816),#199,.T.);
#7568=ADVANCED_FACE('',(#817,#48),#7235,.T.);
#7569=ADVANCED_FACE('',(#818),#7236,.T.);
#7570=ADVANCED_FACE('',(#819),#7237,.T.);
#7571=ADVANCED_FACE('',(#820),#200,.T.);
#7572=ADVANCED_FACE('',(#821),#7238,.T.);
#7573=ADVANCED_FACE('',(#822),#201,.T.);
#7574=ADVANCED_FACE('',(#823),#7239,.T.);
#7575=ADVANCED_FACE('',(#824),#202,.T.);
#7576=ADVANCED_FACE('',(#825),#7240,.T.);
#7577=ADVANCED_FACE('',(#826),#7241,.T.);
#7578=ADVANCED_FACE('',(#827),#7242,.T.);
#7579=ADVANCED_FACE('',(#828),#7243,.T.);
#7580=ADVANCED_FACE('',(#829),#7244,.T.);
#7581=ADVANCED_FACE('',(#830),#7245,.T.);
#7582=ADVANCED_FACE('',(#831),#7246,.T.);
#7583=ADVANCED_FACE('',(#832),#7247,.T.);
#7584=ADVANCED_FACE('',(#833),#7248,.T.);
#7585=ADVANCED_FACE('',(#834),#7249,.T.);
#7586=ADVANCED_FACE('',(#835),#7250,.T.);
#7587=ADVANCED_FACE('',(#836),#264,.T.);
#7588=ADVANCED_FACE('',(#837),#7251,.T.);
#7589=ADVANCED_FACE('',(#838),#7252,.F.);
#7590=ADVANCED_FACE('',(#839),#203,.F.);
#7591=ADVANCED_FACE('',(#840),#204,.F.);
#7592=ADVANCED_FACE('',(#841),#7253,.F.);
#7593=ADVANCED_FACE('',(#842),#7254,.T.);
#7594=ADVANCED_FACE('',(#843),#7255,.F.);
#7595=ADVANCED_FACE('',(#844),#7256,.F.);
#7596=ADVANCED_FACE('',(#845),#265,.T.);
#7597=ADVANCED_FACE('',(#846),#7257,.T.);
#7598=ADVANCED_FACE('',(#847),#7258,.F.);
#7599=ADVANCED_FACE('',(#848),#205,.F.);
#7600=ADVANCED_FACE('',(#849),#19,.F.);
#7601=ADVANCED_FACE('',(#850),#206,.F.);
#7602=ADVANCED_FACE('',(#851),#7259,.F.);
#7603=ADVANCED_FACE('',(#852),#266,.T.);
#7604=ADVANCED_FACE('',(#853),#7260,.F.);
#7605=ADVANCED_FACE('',(#854),#267,.T.);
#7606=ADVANCED_FACE('',(#855),#207,.F.);
#7607=ADVANCED_FACE('',(#856),#268,.T.);
#7608=ADVANCED_FACE('',(#857,#49),#7261,.F.);
#7609=ADVANCED_FACE('',(#858),#7262,.F.);
#7610=ADVANCED_FACE('',(#859),#208,.F.);
#7611=ADVANCED_FACE('',(#860),#269,.T.);
#7612=ADVANCED_FACE('',(#861),#209,.F.);
#7613=ADVANCED_FACE('',(#862),#210,.F.);
#7614=ADVANCED_FACE('',(#863),#270,.T.);
#7615=ADVANCED_FACE('',(#864),#211,.F.);
#7616=ADVANCED_FACE('',(#865),#212,.F.);
#7617=ADVANCED_FACE('',(#866),#213,.F.);
#7618=ADVANCED_FACE('',(#867),#214,.F.);
#7619=ADVANCED_FACE('',(#868),#7263,.F.);
#7620=ADVANCED_FACE('',(#869),#7264,.T.);
#7621=ADVANCED_FACE('',(#870),#7265,.T.);
#7622=ADVANCED_FACE('',(#871),#7266,.T.);
#7623=ADVANCED_FACE('',(#872),#7267,.T.);
#7624=ADVANCED_FACE('',(#873),#7268,.T.);
#7625=ADVANCED_FACE('',(#874),#7269,.T.);
#7626=ADVANCED_FACE('',(#875),#7270,.T.);
#7627=ADVANCED_FACE('',(#876),#7271,.T.);
#7628=ADVANCED_FACE('',(#877),#7272,.T.);
#7629=ADVANCED_FACE('',(#878),#7273,.F.);
#7630=ADVANCED_FACE('',(#879),#20,.F.);
#7631=ADVANCED_FACE('',(#880),#88,.T.);
#7632=ADVANCED_FACE('',(#881),#7274,.T.);
#7633=ADVANCED_FACE('',(#882),#215,.F.);
#7634=ADVANCED_FACE('',(#883),#216,.F.);
#7635=ADVANCED_FACE('',(#884),#7275,.F.);
#7636=ADVANCED_FACE('',(#885),#7276,.F.);
#7637=ADVANCED_FACE('',(#886),#7277,.F.);
#7638=ADVANCED_FACE('',(#887),#7278,.F.);
#7639=ADVANCED_FACE('',(#888),#7279,.F.);
#7640=ADVANCED_FACE('',(#889),#7280,.F.);
#7641=ADVANCED_FACE('',(#890),#7281,.F.);
#7642=ADVANCED_FACE('',(#891),#7282,.F.);
#7643=ADVANCED_FACE('',(#892,#50),#7283,.T.);
#7644=ADVANCED_FACE('',(#893),#7284,.T.);
#7645=ADVANCED_FACE('',(#894,#51),#7285,.F.);
#7646=ADVANCED_FACE('',(#895),#217,.F.);
#7647=ADVANCED_FACE('',(#896,#52),#7286,.T.);
#7648=ADVANCED_FACE('',(#897),#7287,.T.);
#7649=ADVANCED_FACE('',(#898,#53),#7288,.T.);
#7650=ADVANCED_FACE('',(#899),#7289,.T.);
#7651=ADVANCED_FACE('',(#900,#54),#7290,.F.);
#7652=ADVANCED_FACE('',(#901),#218,.F.);
#7653=ADVANCED_FACE('',(#902,#55),#7291,.T.);
#7654=ADVANCED_FACE('',(#903),#7292,.T.);
#7655=ADVANCED_FACE('',(#904),#7293,.T.);
#7656=ADVANCED_FACE('',(#905),#7294,.T.);
#7657=ADVANCED_FACE('',(#906),#7295,.T.);
#7658=ADVANCED_FACE('',(#907),#7296,.T.);
#7659=ADVANCED_FACE('',(#908),#7297,.T.);
#7660=ADVANCED_FACE('',(#909),#7298,.T.);
#7661=ADVANCED_FACE('',(#910),#7299,.T.);
#7662=ADVANCED_FACE('',(#911),#7300,.T.);
#7663=ADVANCED_FACE('',(#912),#7301,.T.);
#7664=ADVANCED_FACE('',(#913),#7302,.T.);
#7665=ADVANCED_FACE('',(#914),#7303,.T.);
#7666=ADVANCED_FACE('',(#915),#7304,.T.);
#7667=ADVANCED_FACE('',(#916),#7305,.T.);
#7668=ADVANCED_FACE('',(#917),#7306,.T.);
#7669=ADVANCED_FACE('',(#918),#7307,.T.);
#7670=ADVANCED_FACE('',(#919),#7308,.T.);
#7671=ADVANCED_FACE('',(#920),#7309,.T.);
#7672=ADVANCED_FACE('',(#921),#7310,.T.);
#7673=ADVANCED_FACE('',(#922),#7311,.T.);
#7674=ADVANCED_FACE('',(#923),#7312,.T.);
#7675=ADVANCED_FACE('',(#924),#219,.F.);
#7676=ADVANCED_FACE('',(#925),#7313,.T.);
#7677=ADVANCED_FACE('',(#926),#7314,.T.);
#7678=ADVANCED_FACE('',(#927),#7315,.T.);
#7679=ADVANCED_FACE('',(#928),#7316,.T.);
#7680=ADVANCED_FACE('',(#929),#7317,.T.);
#7681=ADVANCED_FACE('',(#930),#7318,.T.);
#7682=ADVANCED_FACE('',(#931),#7319,.T.);
#7683=ADVANCED_FACE('',(#932),#7320,.T.);
#7684=ADVANCED_FACE('',(#933),#7321,.T.);
#7685=ADVANCED_FACE('',(#934),#7322,.F.);
#7686=ADVANCED_FACE('',(#935),#7323,.F.);
#7687=ADVANCED_FACE('',(#936,#56),#7324,.T.);
#7688=ADVANCED_FACE('',(#937),#7325,.F.);
#7689=ADVANCED_FACE('',(#938),#7326,.F.);
#7690=ADVANCED_FACE('',(#939),#220,.F.);
#7691=ADVANCED_FACE('',(#940),#7327,.F.);
#7692=ADVANCED_FACE('',(#941),#89,.T.);
#7693=ADVANCED_FACE('',(#942),#21,.F.);
#7694=ADVANCED_FACE('',(#943),#221,.T.);
#7695=ADVANCED_FACE('',(#944),#222,.F.);
#7696=ADVANCED_FACE('',(#945),#22,.F.);
#7697=ADVANCED_FACE('',(#946),#223,.F.);
#7698=ADVANCED_FACE('',(#947),#23,.F.);
#7699=ADVANCED_FACE('',(#948),#24,.T.);
#7700=ADVANCED_FACE('',(#949),#224,.T.);
#7701=ADVANCED_FACE('',(#950),#25,.T.);
#7702=ADVANCED_FACE('',(#951),#225,.T.);
#7703=ADVANCED_FACE('',(#952,#57),#7328,.T.);
#7704=ADVANCED_FACE('',(#953),#226,.F.);
#7705=ADVANCED_FACE('',(#954),#227,.F.);
#7706=ADVANCED_FACE('',(#955),#7329,.T.);
#7707=ADVANCED_FACE('',(#956),#7330,.T.);
#7708=ADVANCED_FACE('',(#957),#7331,.F.);
#7709=ADVANCED_FACE('',(#958),#7332,.F.);
#7710=ADVANCED_FACE('',(#959),#228,.T.);
#7711=ADVANCED_FACE('',(#960),#271,.T.);
#7712=ADVANCED_FACE('',(#961),#229,.F.);
#7713=ADVANCED_FACE('',(#962),#26,.T.);
#7714=ADVANCED_FACE('',(#963),#7333,.F.);
#7715=ADVANCED_FACE('',(#964),#7334,.T.);
#7716=ADVANCED_FACE('',(#965),#7335,.T.);
#7717=ADVANCED_FACE('',(#966,#58,#59),#7336,.F.);
#7718=ADVANCED_FACE('',(#967),#230,.T.);
#7719=ADVANCED_FACE('',(#968),#7337,.F.);
#7720=ADVANCED_FACE('',(#969),#231,.F.);
#7721=ADVANCED_FACE('',(#970),#70,.T.);
#7722=ADVANCED_FACE('',(#971),#71,.F.);
#7723=ADVANCED_FACE('',(#972,#60),#7338,.T.);
#7724=ADVANCED_FACE('',(#973),#232,.F.);
#7725=ADVANCED_FACE('',(#974),#233,.F.);
#7726=ADVANCED_FACE('',(#975),#234,.F.);
#7727=ADVANCED_FACE('',(#976),#235,.F.);
#7728=ADVANCED_FACE('',(#977),#72,.T.);
#7729=ADVANCED_FACE('',(#978),#7339,.F.);
#7730=ADVANCED_FACE('',(#979),#73,.T.);
#7731=ADVANCED_FACE('',(#980),#7340,.F.);
#7732=ADVANCED_FACE('',(#981),#74,.T.);
#7733=ADVANCED_FACE('',(#982),#7341,.F.);
#7734=ADVANCED_FACE('',(#983),#75,.T.);
#7735=ADVANCED_FACE('',(#984),#76,.T.);
#7736=ADVANCED_FACE('',(#985),#7342,.F.);
#7737=ADVANCED_FACE('',(#986),#77,.T.);
#7738=ADVANCED_FACE('',(#987),#7343,.F.);
#7739=ADVANCED_FACE('',(#988),#78,.T.);
#7740=ADVANCED_FACE('',(#989),#7344,.F.);
#7741=ADVANCED_FACE('',(#990),#79,.T.);
#7742=ADVANCED_FACE('',(#991),#7345,.F.);
#7743=ADVANCED_FACE('',(#992),#7346,.F.);
#7744=ADVANCED_FACE('',(#993),#236,.T.);
#7745=ADVANCED_FACE('',(#994),#237,.T.);
#7746=ADVANCED_FACE('',(#995),#238,.T.);
#7747=ADVANCED_FACE('',(#996),#239,.T.);
#7748=ADVANCED_FACE('',(#997),#27,.T.);
#7749=ADVANCED_FACE('',(#998),#240,.T.);
#7750=ADVANCED_FACE('',(#999),#28,.T.);
#7751=ADVANCED_FACE('',(#1000),#241,.T.);
#7752=ADVANCED_FACE('',(#1001),#7347,.F.);
#7753=ADVANCED_FACE('',(#1002),#242,.F.);
#7754=ADVANCED_FACE('',(#1003),#243,.F.);
#7755=ADVANCED_FACE('',(#1004),#7348,.F.);
#7756=ADVANCED_FACE('',(#1005),#7349,.F.);
#7757=ADVANCED_FACE('',(#1006),#29,.T.);
#7758=ADVANCED_FACE('',(#1007),#244,.T.);
#7759=ADVANCED_FACE('',(#1008),#30,.T.);
#7760=ADVANCED_FACE('',(#1009),#31,.F.);
#7761=ADVANCED_FACE('',(#1010),#245,.F.);
#7762=ADVANCED_FACE('',(#1011),#246,.F.);
#7763=ADVANCED_FACE('',(#1012),#32,.F.);
#7764=ADVANCED_FACE('',(#1013),#247,.T.);
#7765=ADVANCED_FACE('',(#1014),#248,.F.);
#7766=ADVANCED_FACE('',(#1015),#33,.F.);
#7767=ADVANCED_FACE('',(#1016),#34,.F.);
#7768=ADVANCED_FACE('',(#1017),#249,.F.);
#7769=ADVANCED_FACE('',(#1018),#250,.T.);
#7770=ADVANCED_FACE('',(#1019),#251,.T.);
#7771=ADVANCED_FACE('',(#1020),#35,.F.);
#7772=ADVANCED_FACE('',(#1021),#252,.T.);
#7773=ADVANCED_FACE('',(#1022),#7350,.F.);
#7774=ADVANCED_FACE('',(#1023),#7351,.F.);
#7775=ADVANCED_FACE('',(#1024),#7352,.F.);
#7776=CLOSED_SHELL('',(#7353,#7354,#7355,#7356,#7357,#7358,#7359,#7360,
#7361,#7362,#7363,#7364,#7365,#7366,#7367,#7368,#7369,#7370,#7371,#7372,
#7373,#7374,#7375,#7376,#7377,#7378,#7379,#7380,#7381,#7382,#7383,#7384,
#7385,#7386,#7387,#7388,#7389,#7390,#7391,#7392,#7393,#7394,#7395,#7396,
#7397,#7398,#7399,#7400,#7401,#7402,#7403,#7404,#7405,#7406,#7407,#7408,
#7409,#7410,#7411,#7412,#7413,#7414,#7415,#7416,#7417,#7418,#7419,#7420,
#7421,#7422,#7423,#7424,#7425,#7426,#7427,#7428,#7429,#7430,#7431,#7432,
#7433,#7434,#7435,#7436,#7437,#7438,#7439,#7440,#7441,#7442,#7443,#7444,
#7445,#7446,#7447,#7448,#7449,#7450,#7451,#7452,#7453,#7454,#7455,#7456,
#7457,#7458,#7459,#7460,#7461,#7462,#7463,#7464,#7465,#7466,#7467,#7468,
#7469,#7470,#7471,#7472,#7473,#7474,#7475,#7476,#7477,#7478,#7479,#7480,
#7481,#7482,#7483,#7484,#7485,#7486,#7487,#7488,#7489,#7490,#7491,#7492,
#7493,#7494,#7495,#7496,#7497,#7498,#7499,#7500,#7501,#7502,#7503,#7504,
#7505,#7506,#7507,#7508,#7509,#7510,#7511,#7512,#7513,#7514,#7515,#7516,
#7517,#7518,#7519,#7520,#7521,#7522,#7523,#7524,#7525,#7526,#7527,#7528,
#7529,#7530,#7531,#7532,#7533,#7534,#7535,#7536,#7537,#7538,#7539,#7540,
#7541,#7542,#7543,#7544,#7545,#7546,#7547,#7548,#7549,#7550,#7551,#7552,
#7553,#7554,#7555,#7556,#7557,#7558,#7559,#7560,#7561,#7562,#7563,#7564,
#7565,#7566,#7567,#7568,#7569,#7570,#7571,#7572,#7573,#7574,#7575,#7576,
#7577,#7578,#7579,#7580,#7581,#7582,#7583,#7584,#7585,#7586,#7587,#7588,
#7589,#7590,#7591,#7592,#7593,#7594,#7595,#7596,#7597,#7598,#7599,#7600,
#7601,#7602,#7603,#7604,#7605,#7606,#7607,#7608,#7609,#7610,#7611,#7612,
#7613,#7614,#7615,#7616,#7617,#7618,#7619,#7620,#7621,#7622,#7623,#7624,
#7625,#7626,#7627,#7628,#7629,#7630,#7631,#7632,#7633,#7634,#7635,#7636,
#7637,#7638,#7639,#7640,#7641,#7642,#7643,#7644,#7645,#7646,#7647,#7648,
#7649,#7650,#7651,#7652,#7653,#7654,#7655,#7656,#7657,#7658,#7659,#7660,
#7661,#7662,#7663,#7664,#7665,#7666,#7667,#7668,#7669,#7670,#7671,#7672,
#7673,#7674,#7675,#7676,#7677,#7678,#7679,#7680,#7681,#7682,#7683,#7684,
#7685,#7686,#7687,#7688,#7689,#7690,#7691,#7692,#7693,#7694,#7695,#7696,
#7697,#7698,#7699,#7700,#7701,#7702,#7703,#7704,#7705,#7706,#7707,#7708,
#7709,#7710,#7711,#7712,#7713,#7714,#7715,#7716,#7717,#7718,#7719,#7720,
#7721,#7722,#7723,#7724,#7725,#7726,#7727,#7728,#7729,#7730,#7731,#7732,
#7733,#7734,#7735,#7736,#7737,#7738,#7739,#7740,#7741,#7742,#7743,#7744,
#7745,#7746,#7747,#7748,#7749,#7750,#7751,#7752,#7753,#7754,#7755,#7756,
#7757,#7758,#7759,#7760,#7761,#7762,#7763,#7764,#7765,#7766,#7767,#7768,
#7769,#7770,#7771,#7772,#7773,#7774,#7775));
#7777=AXIS2_PLACEMENT_3D('',#10709,#8503,#8504);
#7778=AXIS2_PLACEMENT_3D('',#10710,#8505,#8506);
#7779=AXIS2_PLACEMENT_3D('',#10719,#8511,#8512);
#7780=AXIS2_PLACEMENT_3D('',#10744,#8515,#8516);
#7781=AXIS2_PLACEMENT_3D('',#10745,#8517,#8518);
#7782=AXIS2_PLACEMENT_3D('',#10751,#8522,#8523);
#7783=AXIS2_PLACEMENT_3D('',#10784,#8539,#8540);
#7784=AXIS2_PLACEMENT_3D('',#10788,#8542,#8543);
#7785=AXIS2_PLACEMENT_3D('',#10792,#8545,#8546);
#7786=AXIS2_PLACEMENT_3D('',#10794,#8548,#8549);
#7787=AXIS2_PLACEMENT_3D('',#10822,#8555,#8556);
#7788=AXIS2_PLACEMENT_3D('',#10828,#8560,#8561);
#7789=AXIS2_PLACEMENT_3D('',#10832,#8564,#8565);
#7790=AXIS2_PLACEMENT_3D('',#10841,#8570,#8571);
#7791=AXIS2_PLACEMENT_3D('',#10853,#8577,#8578);
#7792=AXIS2_PLACEMENT_3D('',#10854,#8579,#8580);
#7793=AXIS2_PLACEMENT_3D('',#10863,#8585,#8586);
#7794=AXIS2_PLACEMENT_3D('',#10877,#8590,#8591);
#7795=AXIS2_PLACEMENT_3D('',#10880,#8592,#8593);
#7796=AXIS2_PLACEMENT_3D('',#10882,#8594,#8595);
#7797=AXIS2_PLACEMENT_3D('',#10883,#8596,#8597);
#7798=AXIS2_PLACEMENT_3D('',#10884,#8598,#8599);
#7799=AXIS2_PLACEMENT_3D('',#10890,#8603,#8604);
#7800=AXIS2_PLACEMENT_3D('',#10892,#8605,#8606);
#7801=AXIS2_PLACEMENT_3D('',#10912,#8610,#8611);
#7802=AXIS2_PLACEMENT_3D('',#10913,#8612,#8613);
#7803=AXIS2_PLACEMENT_3D('',#10923,#8616,#8617);
#7804=AXIS2_PLACEMENT_3D('',#10931,#8622,#8623);
#7805=AXIS2_PLACEMENT_3D('',#10979,#8624,#8625);
#7806=AXIS2_PLACEMENT_3D('',#10991,#8633,#8634);
#7807=AXIS2_PLACEMENT_3D('',#10999,#8638,#8639);
#7808=AXIS2_PLACEMENT_3D('',#11003,#8641,#8642);
#7809=AXIS2_PLACEMENT_3D('',#11007,#8644,#8645);
#7810=AXIS2_PLACEMENT_3D('',#11039,#8662,#8663);
#7811=AXIS2_PLACEMENT_3D('',#11041,#8665,#8666);
#7812=AXIS2_PLACEMENT_3D('',#11048,#8668,#8669);
#7813=AXIS2_PLACEMENT_3D('',#11049,#8670,#8671);
#7814=AXIS2_PLACEMENT_3D('',#11053,#8673,#8674);
#7815=AXIS2_PLACEMENT_3D('',#11055,#8676,#8677);
#7816=AXIS2_PLACEMENT_3D('',#11057,#8678,#8679);
#7817=AXIS2_PLACEMENT_3D('',#11076,#8682,#8683);
#7818=AXIS2_PLACEMENT_3D('',#11092,#8686,#8687);
#7819=AXIS2_PLACEMENT_3D('',#11104,#8694,#8695);
#7820=AXIS2_PLACEMENT_3D('',#11106,#8696,#8697);
#7821=AXIS2_PLACEMENT_3D('',#11108,#8699,#8700);
#7822=AXIS2_PLACEMENT_3D('',#11109,#8701,#8702);
#7823=AXIS2_PLACEMENT_3D('',#11110,#8703,#8704);
#7824=AXIS2_PLACEMENT_3D('',#11114,#8706,#8707);
#7825=AXIS2_PLACEMENT_3D('',#11116,#8709,#8710);
#7826=AXIS2_PLACEMENT_3D('',#11120,#8713,#8714);
#7827=AXIS2_PLACEMENT_3D('',#11122,#8716,#8717);
#7828=AXIS2_PLACEMENT_3D('',#11124,#8718,#8719);
#7829=AXIS2_PLACEMENT_3D('',#11127,#8721,#8722);
#7830=AXIS2_PLACEMENT_3D('',#11128,#8723,#8724);
#7831=AXIS2_PLACEMENT_3D('',#11133,#8726,#8727);
#7832=AXIS2_PLACEMENT_3D('',#11135,#8728,#8729);
#7833=AXIS2_PLACEMENT_3D('',#11139,#8731,#8732);
#7834=AXIS2_PLACEMENT_3D('',#11143,#8734,#8735);
#7835=AXIS2_PLACEMENT_3D('',#11147,#8737,#8738);
#7836=AXIS2_PLACEMENT_3D('',#11151,#8740,#8741);
#7837=AXIS2_PLACEMENT_3D('',#11155,#8743,#8744);
#7838=AXIS2_PLACEMENT_3D('',#11157,#8745,#8746);
#7839=AXIS2_PLACEMENT_3D('',#11161,#8748,#8749);
#7840=AXIS2_PLACEMENT_3D('',#11163,#8750,#8751);
#7841=AXIS2_PLACEMENT_3D('',#11167,#8753,#8754);
#7842=AXIS2_PLACEMENT_3D('',#11171,#8756,#8757);
#7843=AXIS2_PLACEMENT_3D('',#11183,#8763,#8764);
#7844=AXIS2_PLACEMENT_3D('',#11187,#8766,#8767);
#7845=AXIS2_PLACEMENT_3D('',#11191,#8769,#8770);
#7846=AXIS2_PLACEMENT_3D('',#11192,#8771,#8772);
#7847=AXIS2_PLACEMENT_3D('',#11194,#8773,#8774);
#7848=AXIS2_PLACEMENT_3D('',#11196,#8775,#8776);
#7849=AXIS2_PLACEMENT_3D('',#11201,#8778,#8779);
#7850=AXIS2_PLACEMENT_3D('',#11205,#8781,#8782);
#7851=AXIS2_PLACEMENT_3D('',#11208,#8784,#8785);
#7852=AXIS2_PLACEMENT_3D('',#11210,#8786,#8787);
#7853=AXIS2_PLACEMENT_3D('',#11211,#8788,#8789);
#7854=AXIS2_PLACEMENT_3D('',#11214,#8790,#8791);
#7855=AXIS2_PLACEMENT_3D('',#11218,#8793,#8794);
#7856=AXIS2_PLACEMENT_3D('',#11222,#8796,#8797);
#7857=AXIS2_PLACEMENT_3D('',#11226,#8799,#8800);
#7858=AXIS2_PLACEMENT_3D('',#11230,#8802,#8803);
#7859=AXIS2_PLACEMENT_3D('',#11234,#8805,#8806);
#7860=AXIS2_PLACEMENT_3D('',#11237,#8808,#8809);
#7861=AXIS2_PLACEMENT_3D('',#11239,#8811,#8812);
#7862=AXIS2_PLACEMENT_3D('',#11242,#8814,#8815);
#7863=AXIS2_PLACEMENT_3D('',#11243,#8816,#8817);
#7864=AXIS2_PLACEMENT_3D('',#11246,#8818,#8819);
#7865=AXIS2_PLACEMENT_3D('',#11250,#8821,#8822);
#7866=AXIS2_PLACEMENT_3D('',#11254,#8824,#8825);
#7867=AXIS2_PLACEMENT_3D('',#11258,#8827,#8828);
#7868=AXIS2_PLACEMENT_3D('',#11262,#8830,#8831);
#7869=AXIS2_PLACEMENT_3D('',#11266,#8833,#8834);
#7870=AXIS2_PLACEMENT_3D('',#11269,#8836,#8837);
#7871=AXIS2_PLACEMENT_3D('',#11271,#8839,#8840);
#7872=AXIS2_PLACEMENT_3D('',#11274,#8842,#8843);
#7873=AXIS2_PLACEMENT_3D('',#11275,#8844,#8845);
#7874=AXIS2_PLACEMENT_3D('',#11278,#8846,#8847);
#7875=AXIS2_PLACEMENT_3D('',#11282,#8849,#8850);
#7876=AXIS2_PLACEMENT_3D('',#11286,#8852,#8853);
#7877=AXIS2_PLACEMENT_3D('',#11290,#8855,#8856);
#7878=AXIS2_PLACEMENT_3D('',#11294,#8858,#8859);
#7879=AXIS2_PLACEMENT_3D('',#11298,#8861,#8862);
#7880=AXIS2_PLACEMENT_3D('',#11301,#8864,#8865);
#7881=AXIS2_PLACEMENT_3D('',#11303,#8867,#8868);
#7882=AXIS2_PLACEMENT_3D('',#11306,#8870,#8871);
#7883=AXIS2_PLACEMENT_3D('',#11307,#8872,#8873);
#7884=AXIS2_PLACEMENT_3D('',#11310,#8874,#8875);
#7885=AXIS2_PLACEMENT_3D('',#11314,#8877,#8878);
#7886=AXIS2_PLACEMENT_3D('',#11318,#8880,#8881);
#7887=AXIS2_PLACEMENT_3D('',#11322,#8883,#8884);
#7888=AXIS2_PLACEMENT_3D('',#11326,#8886,#8887);
#7889=AXIS2_PLACEMENT_3D('',#11330,#8889,#8890);
#7890=AXIS2_PLACEMENT_3D('',#11333,#8892,#8893);
#7891=AXIS2_PLACEMENT_3D('',#11335,#8895,#8896);
#7892=AXIS2_PLACEMENT_3D('',#11338,#8897,#8898);
#7893=AXIS2_PLACEMENT_3D('',#11341,#8901,#8902);
#7894=AXIS2_PLACEMENT_3D('',#11345,#8905,#8906);
#7895=AXIS2_PLACEMENT_3D('',#11347,#8907,#8908);
#7896=AXIS2_PLACEMENT_3D('',#11349,#8910,#8911);
#7897=AXIS2_PLACEMENT_3D('',#11353,#8913,#8914);
#7898=AXIS2_PLACEMENT_3D('',#11355,#8916,#8917);
#7899=AXIS2_PLACEMENT_3D('',#11359,#8920,#8921);
#7900=AXIS2_PLACEMENT_3D('',#11361,#8922,#8923);
#7901=AXIS2_PLACEMENT_3D('',#11363,#8925,#8926);
#7902=AXIS2_PLACEMENT_3D('',#11366,#8928,#8929);
#7903=AXIS2_PLACEMENT_3D('',#11367,#8930,#8931);
#7904=AXIS2_PLACEMENT_3D('',#11377,#8936,#8937);
#7905=AXIS2_PLACEMENT_3D('',#11381,#8939,#8940);
#7906=AXIS2_PLACEMENT_3D('',#11390,#8945,#8946);
#7907=AXIS2_PLACEMENT_3D('',#11391,#8947,#8948);
#7908=AXIS2_PLACEMENT_3D('',#11393,#8950,#8951);
#7909=AXIS2_PLACEMENT_3D('',#11396,#8953,#8954);
#7910=AXIS2_PLACEMENT_3D('',#11397,#8955,#8956);
#7911=AXIS2_PLACEMENT_3D('',#11407,#8961,#8962);
#7912=AXIS2_PLACEMENT_3D('',#11411,#8964,#8965);
#7913=AXIS2_PLACEMENT_3D('',#11420,#8970,#8971);
#7914=AXIS2_PLACEMENT_3D('',#11421,#8972,#8973);
#7915=AXIS2_PLACEMENT_3D('',#11423,#8975,#8976);
#7916=AXIS2_PLACEMENT_3D('',#11425,#8978,#8979);
#7917=AXIS2_PLACEMENT_3D('',#11427,#8981,#8982);
#7918=AXIS2_PLACEMENT_3D('',#11432,#8984,#8985);
#7919=AXIS2_PLACEMENT_3D('',#11435,#8987,#8988);
#7920=AXIS2_PLACEMENT_3D('',#11436,#8989,#8990);
#7921=AXIS2_PLACEMENT_3D('',#11456,#8992,#8993);
#7922=AXIS2_PLACEMENT_3D('',#11463,#8995,#8996);
#7923=AXIS2_PLACEMENT_3D('',#11468,#9000,#9001);
#7924=AXIS2_PLACEMENT_3D('',#11471,#9003,#9004);
#7925=AXIS2_PLACEMENT_3D('',#11473,#9005,#9006);
#7926=AXIS2_PLACEMENT_3D('',#11476,#9008,#9009);
#7927=AXIS2_PLACEMENT_3D('',#11477,#9010,#9011);
#7928=AXIS2_PLACEMENT_3D('',#11502,#9024,#9025);
#7929=AXIS2_PLACEMENT_3D('',#11512,#9031,#9032);
#7930=AXIS2_PLACEMENT_3D('',#11518,#9036,#9037);
#7931=AXIS2_PLACEMENT_3D('',#11524,#9040,#9041);
#7932=AXIS2_PLACEMENT_3D('',#11527,#9043,#9044);
#7933=AXIS2_PLACEMENT_3D('',#11528,#9045,#9046);
#7934=AXIS2_PLACEMENT_3D('',#11530,#9047,#9048);
#7935=AXIS2_PLACEMENT_3D('',#11531,#9049,#9050);
#7936=AXIS2_PLACEMENT_3D('',#11532,#9051,#9052);
#7937=AXIS2_PLACEMENT_3D('',#11535,#9053,#9054);
#7938=AXIS2_PLACEMENT_3D('',#11541,#9058,#9059);
#7939=AXIS2_PLACEMENT_3D('',#11547,#9063,#9064);
#7940=AXIS2_PLACEMENT_3D('',#11549,#9065,#9066);
#7941=AXIS2_PLACEMENT_3D('',#11551,#9067,#9068);
#7942=AXIS2_PLACEMENT_3D('',#11575,#9069,#9070);
#7943=AXIS2_PLACEMENT_3D('',#11586,#9077,#9078);
#7944=AXIS2_PLACEMENT_3D('',#11588,#9079,#9080);
#7945=AXIS2_PLACEMENT_3D('',#11590,#9081,#9082);
#7946=AXIS2_PLACEMENT_3D('',#11592,#9084,#9085);
#7947=AXIS2_PLACEMENT_3D('',#11606,#9093,#9094);
#7948=AXIS2_PLACEMENT_3D('',#11609,#9095,#9096);
#7949=AXIS2_PLACEMENT_3D('',#11614,#9099,#9100);
#7950=AXIS2_PLACEMENT_3D('',#11616,#9102,#9103);
#7951=AXIS2_PLACEMENT_3D('',#11618,#9105,#9106);
#7952=AXIS2_PLACEMENT_3D('',#11625,#9111,#9112);
#7953=AXIS2_PLACEMENT_3D('',#11626,#9113,#9114);
#7954=AXIS2_PLACEMENT_3D('',#11628,#9116,#9117);
#7955=AXIS2_PLACEMENT_3D('',#11631,#9118,#9119);
#7956=AXIS2_PLACEMENT_3D('',#11634,#9121,#9122);
#7957=AXIS2_PLACEMENT_3D('',#11669,#9124,#9125);
#7958=AXIS2_PLACEMENT_3D('',#11670,#9126,#9127);
#7959=AXIS2_PLACEMENT_3D('',#11672,#9128,#9129);
#7960=AXIS2_PLACEMENT_3D('',#11685,#9132,#9133);
#7961=AXIS2_PLACEMENT_3D('',#11703,#9134,#9135);
#7962=AXIS2_PLACEMENT_3D('',#11704,#9136,#9137);
#7963=AXIS2_PLACEMENT_3D('',#11713,#9139,#9140);
#7964=AXIS2_PLACEMENT_3D('',#11716,#9142,#9143);
#7965=AXIS2_PLACEMENT_3D('',#11717,#9144,#9145);
#7966=AXIS2_PLACEMENT_3D('',#11724,#9147,#9148);
#7967=AXIS2_PLACEMENT_3D('',#11737,#9156,#9157);
#7968=AXIS2_PLACEMENT_3D('',#11739,#9159,#9160);
#7969=AXIS2_PLACEMENT_3D('',#11740,#9161,#9162);
#7970=AXIS2_PLACEMENT_3D('',#11741,#9163,#9164);
#7971=AXIS2_PLACEMENT_3D('',#11743,#9166,#9167);
#7972=AXIS2_PLACEMENT_3D('',#11749,#9171,#9172);
#7973=AXIS2_PLACEMENT_3D('',#11753,#9174,#9175);
#7974=AXIS2_PLACEMENT_3D('',#11761,#9179,#9180);
#7975=AXIS2_PLACEMENT_3D('',#11765,#9183,#9184);
#7976=AXIS2_PLACEMENT_3D('',#11772,#9185,#9186);
#7977=AXIS2_PLACEMENT_3D('',#11774,#9187,#9188);
#7978=AXIS2_PLACEMENT_3D('',#11777,#9190,#9191);
#7979=AXIS2_PLACEMENT_3D('',#11778,#9192,#9193);
#7980=AXIS2_PLACEMENT_3D('',#11780,#9194,#9195);
#7981=AXIS2_PLACEMENT_3D('',#11792,#9197,#9198);
#7982=AXIS2_PLACEMENT_3D('',#11794,#9199,#9200);
#7983=AXIS2_PLACEMENT_3D('',#11795,#9201,#9202);
#7984=AXIS2_PLACEMENT_3D('',#11796,#9203,#9204);
#7985=AXIS2_PLACEMENT_3D('',#11798,#9206,#9207);
#7986=AXIS2_PLACEMENT_3D('',#11802,#9210,#9211);
#7987=AXIS2_PLACEMENT_3D('',#11808,#9215,#9216);
#7988=AXIS2_PLACEMENT_3D('',#11812,#9219,#9220);
#7989=AXIS2_PLACEMENT_3D('',#11814,#9222,#9223);
#7990=AXIS2_PLACEMENT_3D('',#11816,#9224,#9225);
#7991=AXIS2_PLACEMENT_3D('',#11823,#9229,#9230);
#7992=AXIS2_PLACEMENT_3D('',#11824,#9231,#9232);
#7993=AXIS2_PLACEMENT_3D('',#11830,#9236,#9237);
#7994=AXIS2_PLACEMENT_3D('',#11834,#9240,#9241);
#7995=AXIS2_PLACEMENT_3D('',#11838,#9244,#9245);
#7996=AXIS2_PLACEMENT_3D('',#11844,#9249,#9250);
#7997=AXIS2_PLACEMENT_3D('',#11847,#9251,#9252);
#7998=AXIS2_PLACEMENT_3D('',#11851,#9254,#9255);
#7999=AXIS2_PLACEMENT_3D('',#11854,#9257,#9258);
#8000=AXIS2_PLACEMENT_3D('',#11856,#9259,#9260);
#8001=AXIS2_PLACEMENT_3D('',#11860,#9262,#9263);
#8002=AXIS2_PLACEMENT_3D('',#11864,#9265,#9266);
#8003=AXIS2_PLACEMENT_3D('',#11867,#9268,#9269);
#8004=AXIS2_PLACEMENT_3D('',#11868,#9270,#9271);
#8005=AXIS2_PLACEMENT_3D('',#11870,#9272,#9273);
#8006=AXIS2_PLACEMENT_3D('',#11874,#9275,#9276);
#8007=AXIS2_PLACEMENT_3D('',#11878,#9278,#9279);
#8008=AXIS2_PLACEMENT_3D('',#11880,#9280,#9281);
#8009=AXIS2_PLACEMENT_3D('',#11884,#9283,#9284);
#8010=AXIS2_PLACEMENT_3D('',#11886,#9285,#9286);
#8011=AXIS2_PLACEMENT_3D('',#11890,#9288,#9289);
#8012=AXIS2_PLACEMENT_3D('',#11893,#9291,#9292);
#8013=AXIS2_PLACEMENT_3D('',#11895,#9293,#9294);
#8014=AXIS2_PLACEMENT_3D('',#11896,#9295,#9296);
#8015=AXIS2_PLACEMENT_3D('',#11898,#9297,#9298);
#8016=AXIS2_PLACEMENT_3D('',#11900,#9299,#9300);
#8017=AXIS2_PLACEMENT_3D('',#11904,#9302,#9303);
#8018=AXIS2_PLACEMENT_3D('',#11910,#9306,#9307);
#8019=AXIS2_PLACEMENT_3D('',#11914,#9309,#9310);
#8020=AXIS2_PLACEMENT_3D('',#11917,#9312,#9313);
#8021=AXIS2_PLACEMENT_3D('',#11918,#9314,#9315);
#8022=AXIS2_PLACEMENT_3D('',#11923,#9317,#9318);
#8023=AXIS2_PLACEMENT_3D('',#11925,#9319,#9320);
#8024=AXIS2_PLACEMENT_3D('',#11929,#9322,#9323);
#8025=AXIS2_PLACEMENT_3D('',#11932,#9325,#9326);
#8026=AXIS2_PLACEMENT_3D('',#11934,#9327,#9328);
#8027=AXIS2_PLACEMENT_3D('',#11938,#9330,#9331);
#8028=AXIS2_PLACEMENT_3D('',#11942,#9333,#9334);
#8029=AXIS2_PLACEMENT_3D('',#11943,#9335,#9336);
#8030=AXIS2_PLACEMENT_3D('',#11945,#9337,#9338);
#8031=AXIS2_PLACEMENT_3D('',#11946,#9339,#9340);
#8032=AXIS2_PLACEMENT_3D('',#11952,#9344,#9345);
#8033=AXIS2_PLACEMENT_3D('',#11953,#9346,#9347);
#8034=AXIS2_PLACEMENT_3D('',#11954,#9348,#9349);
#8035=AXIS2_PLACEMENT_3D('',#11957,#9351,#9352);
#8036=AXIS2_PLACEMENT_3D('',#11958,#9353,#9354);
#8037=AXIS2_PLACEMENT_3D('',#11962,#9357,#9358);
#8038=AXIS2_PLACEMENT_3D('',#11966,#9360,#9361);
#8039=AXIS2_PLACEMENT_3D('',#11967,#9362,#9363);
#8040=AXIS2_PLACEMENT_3D('',#11968,#9364,#9365);
#8041=AXIS2_PLACEMENT_3D('',#11974,#9369,#9370);
#8042=AXIS2_PLACEMENT_3D('',#11977,#9372,#9373);
#8043=AXIS2_PLACEMENT_3D('',#11978,#9374,#9375);
#8044=AXIS2_PLACEMENT_3D('',#11982,#9377,#9378);
#8045=AXIS2_PLACEMENT_3D('',#11984,#9380,#9381);
#8046=AXIS2_PLACEMENT_3D('',#11988,#9383,#9384);
#8047=AXIS2_PLACEMENT_3D('',#11991,#9386,#9387);
#8048=AXIS2_PLACEMENT_3D('',#11992,#9388,#9389);
#8049=AXIS2_PLACEMENT_3D('',#11996,#9392,#9393);
#8050=AXIS2_PLACEMENT_3D('',#12000,#9395,#9396);
#8051=AXIS2_PLACEMENT_3D('',#12003,#9398,#9399);
#8052=AXIS2_PLACEMENT_3D('',#12004,#9400,#9401);
#8053=AXIS2_PLACEMENT_3D('',#12008,#9403,#9404);
#8054=AXIS2_PLACEMENT_3D('',#12010,#9406,#9407);
#8055=AXIS2_PLACEMENT_3D('',#12014,#9410,#9411);
#8056=AXIS2_PLACEMENT_3D('',#12017,#9413,#9414);
#8057=AXIS2_PLACEMENT_3D('',#12018,#9415,#9416);
#8058=AXIS2_PLACEMENT_3D('',#12022,#9419,#9420);
#8059=AXIS2_PLACEMENT_3D('',#12030,#9425,#9426);
#8060=AXIS2_PLACEMENT_3D('',#12031,#9427,#9428);
#8061=AXIS2_PLACEMENT_3D('',#12033,#9429,#9430);
#8062=AXIS2_PLACEMENT_3D('',#12035,#9432,#9433);
#8063=AXIS2_PLACEMENT_3D('',#12038,#9435,#9436);
#8064=AXIS2_PLACEMENT_3D('',#12039,#9437,#9438);
#8065=AXIS2_PLACEMENT_3D('',#12041,#9439,#9440);
#8066=AXIS2_PLACEMENT_3D('',#12045,#9442,#9443);
#8067=AXIS2_PLACEMENT_3D('',#12050,#9447,#9448);
#8068=AXIS2_PLACEMENT_3D('',#12054,#9451,#9452);
#8069=AXIS2_PLACEMENT_3D('',#12057,#9454,#9455);
#8070=AXIS2_PLACEMENT_3D('',#12058,#9456,#9457);
#8071=AXIS2_PLACEMENT_3D('',#12062,#9460,#9461);
#8072=AXIS2_PLACEMENT_3D('',#12065,#9463,#9464);
#8073=AXIS2_PLACEMENT_3D('',#12066,#9465,#9466);
#8074=AXIS2_PLACEMENT_3D('',#12073,#9471,#9472);
#8075=AXIS2_PLACEMENT_3D('',#12079,#9476,#9477);
#8076=AXIS2_PLACEMENT_3D('',#12083,#9479,#9480);
#8077=AXIS2_PLACEMENT_3D('',#12087,#9483,#9484);
#8078=AXIS2_PLACEMENT_3D('',#12094,#9488,#9489);
#8079=AXIS2_PLACEMENT_3D('',#12095,#9490,#9491);
#8080=AXIS2_PLACEMENT_3D('',#12097,#9493,#9494);
#8081=AXIS2_PLACEMENT_3D('',#12099,#9496,#9497);
#8082=AXIS2_PLACEMENT_3D('',#12103,#9499,#9500);
#8083=AXIS2_PLACEMENT_3D('',#12107,#9502,#9503);
#8084=AXIS2_PLACEMENT_3D('',#12109,#9505,#9506);
#8085=AXIS2_PLACEMENT_3D('',#12116,#9511,#9512);
#8086=AXIS2_PLACEMENT_3D('',#12122,#9516,#9517);
#8087=AXIS2_PLACEMENT_3D('',#12128,#9521,#9522);
#8088=AXIS2_PLACEMENT_3D('',#12132,#9525,#9526);
#8089=AXIS2_PLACEMENT_3D('',#12136,#9529,#9530);
#8090=AXIS2_PLACEMENT_3D('',#12138,#9532,#9533);
#8091=AXIS2_PLACEMENT_3D('',#12145,#9538,#9539);
#8092=AXIS2_PLACEMENT_3D('',#12151,#9543,#9544);
#8093=AXIS2_PLACEMENT_3D('',#12155,#9547,#9548);
#8094=AXIS2_PLACEMENT_3D('',#12159,#9551,#9552);
#8095=AXIS2_PLACEMENT_3D('',#12161,#9554,#9555);
#8096=AXIS2_PLACEMENT_3D('',#12168,#9560,#9561);
#8097=AXIS2_PLACEMENT_3D('',#12174,#9565,#9566);
#8098=AXIS2_PLACEMENT_3D('',#12178,#9569,#9570);
#8099=AXIS2_PLACEMENT_3D('',#12182,#9573,#9574);
#8100=AXIS2_PLACEMENT_3D('',#12184,#9576,#9577);
#8101=AXIS2_PLACEMENT_3D('',#12187,#9578,#9579);
#8102=AXIS2_PLACEMENT_3D('',#12192,#9582,#9583);
#8103=AXIS2_PLACEMENT_3D('',#12194,#9585,#9586);
#8104=AXIS2_PLACEMENT_3D('',#12196,#9587,#9588);
#8105=AXIS2_PLACEMENT_3D('',#12200,#9590,#9591);
#8106=AXIS2_PLACEMENT_3D('',#12202,#9593,#9594);
#8107=AXIS2_PLACEMENT_3D('',#12203,#9595,#9596);
#8108=AXIS2_PLACEMENT_3D('',#12204,#9597,#9598);
#8109=AXIS2_PLACEMENT_3D('',#12210,#9602,#9603);
#8110=AXIS2_PLACEMENT_3D('',#12213,#9605,#9606);
#8111=AXIS2_PLACEMENT_3D('',#12214,#9607,#9608);
#8112=AXIS2_PLACEMENT_3D('',#12228,#9616,#9617);
#8113=AXIS2_PLACEMENT_3D('',#12232,#9619,#9620);
#8114=AXIS2_PLACEMENT_3D('',#12236,#9622,#9623);
#8115=AXIS2_PLACEMENT_3D('',#12239,#9625,#9626);
#8116=AXIS2_PLACEMENT_3D('',#12240,#9627,#9628);
#8117=AXIS2_PLACEMENT_3D('',#12241,#9629,#9630);
#8118=AXIS2_PLACEMENT_3D('',#12243,#9631,#9632);
#8119=AXIS2_PLACEMENT_3D('',#12245,#9634,#9635);
#8120=AXIS2_PLACEMENT_3D('',#12246,#9636,#9637);
#8121=AXIS2_PLACEMENT_3D('',#12247,#9638,#9639);
#8122=AXIS2_PLACEMENT_3D('',#12250,#9641,#9642);
#8123=AXIS2_PLACEMENT_3D('',#12251,#9643,#9644);
#8124=AXIS2_PLACEMENT_3D('',#12255,#9647,#9648);
#8125=AXIS2_PLACEMENT_3D('',#12331,#9654,#9655);
#8126=AXIS2_PLACEMENT_3D('',#12339,#9658,#9659);
#8127=AXIS2_PLACEMENT_3D('',#12344,#9663,#9664);
#8128=AXIS2_PLACEMENT_3D('',#12437,#9679,#9680);
#8129=AXIS2_PLACEMENT_3D('',#12448,#9687,#9688);
#8130=AXIS2_PLACEMENT_3D('',#12485,#9707,#9708);
#8131=AXIS2_PLACEMENT_3D('',#12517,#9714,#9715);
#8132=AXIS2_PLACEMENT_3D('',#12519,#9717,#9718);
#8133=AXIS2_PLACEMENT_3D('',#12520,#9719,#9720);
#8134=AXIS2_PLACEMENT_3D('',#12521,#9721,#9722);
#8135=AXIS2_PLACEMENT_3D('',#12522,#9723,#9724);
#8136=AXIS2_PLACEMENT_3D('',#12524,#9726,#9727);
#8137=AXIS2_PLACEMENT_3D('',#12526,#9728,#9729);
#8138=AXIS2_PLACEMENT_3D('',#12528,#9731,#9732);
#8139=AXIS2_PLACEMENT_3D('',#12529,#9733,#9734);
#8140=AXIS2_PLACEMENT_3D('',#12532,#9736,#9737);
#8141=AXIS2_PLACEMENT_3D('',#12533,#9738,#9739);
#8142=AXIS2_PLACEMENT_3D('',#12536,#9740,#9741);
#8143=AXIS2_PLACEMENT_3D('',#12542,#9745,#9746);
#8144=AXIS2_PLACEMENT_3D('',#12546,#9748,#9749);
#8145=AXIS2_PLACEMENT_3D('',#12547,#9750,#9751);
#8146=AXIS2_PLACEMENT_3D('',#12548,#9752,#9753);
#8147=AXIS2_PLACEMENT_3D('',#12554,#9757,#9758);
#8148=AXIS2_PLACEMENT_3D('',#12558,#9760,#9761);
#8149=AXIS2_PLACEMENT_3D('',#12559,#9762,#9763);
#8150=AXIS2_PLACEMENT_3D('',#12560,#9764,#9765);
#8151=AXIS2_PLACEMENT_3D('',#12563,#9766,#9767);
#8152=AXIS2_PLACEMENT_3D('',#12566,#9770,#9771);
#8153=AXIS2_PLACEMENT_3D('',#12568,#9772,#9773);
#8154=AXIS2_PLACEMENT_3D('',#12572,#9776,#9777);
#8155=AXIS2_PLACEMENT_3D('',#12575,#9779,#9780);
#8156=AXIS2_PLACEMENT_3D('',#12576,#9781,#9782);
#8157=AXIS2_PLACEMENT_3D('',#12580,#9785,#9786);
#8158=AXIS2_PLACEMENT_3D('',#12583,#9788,#9789);
#8159=AXIS2_PLACEMENT_3D('',#12584,#9790,#9791);
#8160=AXIS2_PLACEMENT_3D('',#12586,#9792,#9793);
#8161=AXIS2_PLACEMENT_3D('',#12588,#9795,#9796);
#8162=AXIS2_PLACEMENT_3D('',#12589,#9797,#9798);
#8163=AXIS2_PLACEMENT_3D('',#12590,#9799,#9800);
#8164=AXIS2_PLACEMENT_3D('',#12591,#9801,#9802);
#8165=AXIS2_PLACEMENT_3D('',#12592,#9803,#9804);
#8166=AXIS2_PLACEMENT_3D('',#12600,#9809,#9810);
#8167=AXIS2_PLACEMENT_3D('',#12657,#9815,#9816);
#8168=AXIS2_PLACEMENT_3D('',#12736,#9820,#9821);
#8169=AXIS2_PLACEMENT_3D('',#12742,#9825,#9826);
#8170=AXIS2_PLACEMENT_3D('',#12772,#9830,#9831);
#8171=AXIS2_PLACEMENT_3D('',#12777,#9835,#9836);
#8172=AXIS2_PLACEMENT_3D('',#12778,#9837,#9838);
#8173=AXIS2_PLACEMENT_3D('',#12780,#9840,#9841);
#8174=AXIS2_PLACEMENT_3D('',#12784,#9844,#9845);
#8175=AXIS2_PLACEMENT_3D('',#12785,#9846,#9847);
#8176=AXIS2_PLACEMENT_3D('',#12786,#9848,#9849);
#8177=AXIS2_PLACEMENT_3D('',#12787,#9850,#9851);
#8178=AXIS2_PLACEMENT_3D('',#12789,#9852,#9853);
#8179=AXIS2_PLACEMENT_3D('',#12791,#9855,#9856);
#8180=AXIS2_PLACEMENT_3D('',#12795,#9858,#9859);
#8181=AXIS2_PLACEMENT_3D('',#12804,#9865,#9866);
#8182=AXIS2_PLACEMENT_3D('',#12806,#9867,#9868);
#8183=AXIS2_PLACEMENT_3D('',#12810,#9869,#9870);
#8184=AXIS2_PLACEMENT_3D('',#12812,#9872,#9873);
#8185=AXIS2_PLACEMENT_3D('',#12814,#9875,#9876);
#8186=AXIS2_PLACEMENT_3D('',#12816,#9877,#9878);
#8187=AXIS2_PLACEMENT_3D('',#12817,#9879,#9880);
#8188=AXIS2_PLACEMENT_3D('',#12818,#9881,#9882);
#8189=AXIS2_PLACEMENT_3D('',#12820,#9883,#9884);
#8190=AXIS2_PLACEMENT_3D('',#12822,#9886,#9887);
#8191=AXIS2_PLACEMENT_3D('',#12824,#9888,#9889);
#8192=AXIS2_PLACEMENT_3D('',#12825,#9890,#9891);
#8193=AXIS2_PLACEMENT_3D('',#12826,#9892,#9893);
#8194=AXIS2_PLACEMENT_3D('',#12828,#9894,#9895);
#8195=AXIS2_PLACEMENT_3D('',#12830,#9897,#9898);
#8196=AXIS2_PLACEMENT_3D('',#12832,#9899,#9900);
#8197=AXIS2_PLACEMENT_3D('',#12833,#9901,#9902);
#8198=AXIS2_PLACEMENT_3D('',#12834,#9903,#9904);
#8199=AXIS2_PLACEMENT_3D('',#12836,#9905,#9906);
#8200=AXIS2_PLACEMENT_3D('',#12838,#9908,#9909);
#8201=AXIS2_PLACEMENT_3D('',#12839,#9910,#9911);
#8202=AXIS2_PLACEMENT_3D('',#12840,#9912,#9913);
#8203=AXIS2_PLACEMENT_3D('',#12844,#9916,#9917);
#8204=AXIS2_PLACEMENT_3D('',#12850,#9921,#9922);
#8205=AXIS2_PLACEMENT_3D('',#12851,#9923,#9924);
#8206=AXIS2_PLACEMENT_3D('',#12852,#9925,#9926);
#8207=AXIS2_PLACEMENT_3D('',#12856,#9929,#9930);
#8208=AXIS2_PLACEMENT_3D('',#12858,#9932,#9933);
#8209=AXIS2_PLACEMENT_3D('',#12860,#9935,#9936);
#8210=AXIS2_PLACEMENT_3D('',#12863,#9938,#9939);
#8211=AXIS2_PLACEMENT_3D('',#12864,#9940,#9941);
#8212=AXIS2_PLACEMENT_3D('',#12868,#9944,#9945);
#8213=AXIS2_PLACEMENT_3D('',#12871,#9947,#9948);
#8214=AXIS2_PLACEMENT_3D('',#12872,#9949,#9950);
#8215=AXIS2_PLACEMENT_3D('',#12876,#9953,#9954);
#8216=AXIS2_PLACEMENT_3D('',#12877,#9955,#9956);
#8217=AXIS2_PLACEMENT_3D('',#12878,#9957,#9958);
#8218=AXIS2_PLACEMENT_3D('',#12879,#9959,#9960);
#8219=AXIS2_PLACEMENT_3D('',#12881,#9962,#9963);
#8220=AXIS2_PLACEMENT_3D('',#12883,#9965,#9966);
#8221=AXIS2_PLACEMENT_3D('',#12885,#9968,#9969);
#8222=AXIS2_PLACEMENT_3D('',#12887,#9971,#9972);
#8223=AXIS2_PLACEMENT_3D('',#12889,#9974,#9975);
#8224=AXIS2_PLACEMENT_3D('',#12890,#9976,#9977);
#8225=AXIS2_PLACEMENT_3D('',#12891,#9978,#9979);
#8226=AXIS2_PLACEMENT_3D('',#12894,#9982,#9983);
#8227=AXIS2_PLACEMENT_3D('',#12895,#9984,#9985);
#8228=AXIS2_PLACEMENT_3D('',#12932,#9988,#9989);
#8229=AXIS2_PLACEMENT_3D('',#12936,#9990,#9991);
#8230=AXIS2_PLACEMENT_3D('',#12938,#9992,#9993);
#8231=AXIS2_PLACEMENT_3D('',#12940,#9994,#9995);
#8232=AXIS2_PLACEMENT_3D('',#12944,#9997,#9998);
#8233=AXIS2_PLACEMENT_3D('',#12948,#10000,#10001);
#8234=AXIS2_PLACEMENT_3D('',#12971,#10003,#10004);
#8235=AXIS2_PLACEMENT_3D('',#12975,#10006,#10007);
#8236=AXIS2_PLACEMENT_3D('',#12986,#10009,#10010);
#8237=AXIS2_PLACEMENT_3D('',#12989,#10012,#10013);
#8238=AXIS2_PLACEMENT_3D('',#12990,#10014,#10015);
#8239=AXIS2_PLACEMENT_3D('',#12991,#10016,#10017);
#8240=AXIS2_PLACEMENT_3D('',#12992,#10018,#10019);
#8241=AXIS2_PLACEMENT_3D('',#12996,#10022,#10023);
#8242=AXIS2_PLACEMENT_3D('',#13000,#10026,#10027);
#8243=AXIS2_PLACEMENT_3D('',#13001,#10028,#10029);
#8244=AXIS2_PLACEMENT_3D('',#13014,#10036,#10037);
#8245=AXIS2_PLACEMENT_3D('',#13037,#10043,#10044);
#8246=AXIS2_PLACEMENT_3D('',#13041,#10046,#10047);
#8247=AXIS2_PLACEMENT_3D('',#13045,#10050,#10051);
#8248=AXIS2_PLACEMENT_3D('',#13047,#10052,#10053);
#8249=AXIS2_PLACEMENT_3D('',#13075,#10056,#10057);
#8250=AXIS2_PLACEMENT_3D('',#13079,#10059,#10060);
#8251=AXIS2_PLACEMENT_3D('',#13081,#10062,#10063);
#8252=AXIS2_PLACEMENT_3D('',#13082,#10064,#10065);
#8253=AXIS2_PLACEMENT_3D('',#13083,#10066,#10067);
#8254=AXIS2_PLACEMENT_3D('',#13084,#10068,#10069);
#8255=AXIS2_PLACEMENT_3D('',#13085,#10070,#10071);
#8256=AXIS2_PLACEMENT_3D('',#13088,#10073,#10074);
#8257=AXIS2_PLACEMENT_3D('',#13089,#10075,#10076);
#8258=AXIS2_PLACEMENT_3D('',#13093,#10078,#10079);
#8259=AXIS2_PLACEMENT_3D('',#13100,#10083,#10084);
#8260=AXIS2_PLACEMENT_3D('',#13110,#10085,#10086);
#8261=AXIS2_PLACEMENT_3D('',#13111,#10087,#10088);
#8262=AXIS2_PLACEMENT_3D('',#13134,#10090,#10091);
#8263=AXIS2_PLACEMENT_3D('',#13135,#10092,#10093);
#8264=AXIS2_PLACEMENT_3D('',#13136,#10094,#10095);
#8265=AXIS2_PLACEMENT_3D('',#13141,#10098,#10099);
#8266=AXIS2_PLACEMENT_3D('',#13161,#10100,#10101);
#8267=AXIS2_PLACEMENT_3D('',#13162,#10102,#10103);
#8268=AXIS2_PLACEMENT_3D('',#13191,#10118,#10119);
#8269=AXIS2_PLACEMENT_3D('',#13195,#10122,#10123);
#8270=AXIS2_PLACEMENT_3D('',#13199,#10126,#10127);
#8271=AXIS2_PLACEMENT_3D('',#13200,#10128,#10129);
#8272=AXIS2_PLACEMENT_3D('',#13210,#10130,#10131);
#8273=AXIS2_PLACEMENT_3D('',#13212,#10132,#10133);
#8274=AXIS2_PLACEMENT_3D('',#13213,#10134,#10135);
#8275=AXIS2_PLACEMENT_3D('',#13214,#10136,#10137);
#8276=AXIS2_PLACEMENT_3D('',#13216,#10138,#10139);
#8277=AXIS2_PLACEMENT_3D('',#13218,#10141,#10142);
#8278=AXIS2_PLACEMENT_3D('',#13229,#10144,#10145);
#8279=AXIS2_PLACEMENT_3D('',#13231,#10146,#10147);
#8280=AXIS2_PLACEMENT_3D('',#13232,#10148,#10149);
#8281=AXIS2_PLACEMENT_3D('',#13233,#10150,#10151);
#8282=AXIS2_PLACEMENT_3D('',#13235,#10153,#10154);
#8283=AXIS2_PLACEMENT_3D('',#13237,#10155,#10156);
#8284=AXIS2_PLACEMENT_3D('',#13239,#10158,#10159);
#8285=AXIS2_PLACEMENT_3D('',#13240,#10160,#10161);
#8286=AXIS2_PLACEMENT_3D('',#13241,#10162,#10163);
#8287=AXIS2_PLACEMENT_3D('',#13243,#10165,#10166);
#8288=AXIS2_PLACEMENT_3D('',#13246,#10169,#10170);
#8289=AXIS2_PLACEMENT_3D('',#13248,#10172,#10173);
#8290=AXIS2_PLACEMENT_3D('',#13250,#10175,#10176);
#8291=AXIS2_PLACEMENT_3D('',#13251,#10177,#10178);
#8292=AXIS2_PLACEMENT_3D('',#13253,#10180,#10181);
#8293=AXIS2_PLACEMENT_3D('',#13255,#10183,#10184);
#8294=AXIS2_PLACEMENT_3D('',#13258,#10187,#10188);
#8295=AXIS2_PLACEMENT_3D('',#13259,#10189,#10190);
#8296=AXIS2_PLACEMENT_3D('',#13260,#10191,#10192);
#8297=AXIS2_PLACEMENT_3D('',#13261,#10193,#10194);
#8298=AXIS2_PLACEMENT_3D('',#13267,#10195,#10196);
#8299=AXIS2_PLACEMENT_3D('',#13268,#10197,#10198);
#8300=AXIS2_PLACEMENT_3D('',#13285,#10199,#10200);
#8301=AXIS2_PLACEMENT_3D('',#13287,#10201,#10202);
#8302=AXIS2_PLACEMENT_3D('',#13291,#10204,#10205);
#8303=AXIS2_PLACEMENT_3D('',#13293,#10207,#10208);
#8304=AXIS2_PLACEMENT_3D('',#13295,#10210,#10211);
#8305=AXIS2_PLACEMENT_3D('',#13296,#10212,#10213);
#8306=AXIS2_PLACEMENT_3D('',#13300,#10215,#10216);
#8307=AXIS2_PLACEMENT_3D('',#13302,#10218,#10219);
#8308=AXIS2_PLACEMENT_3D('',#13306,#10222,#10223);
#8309=AXIS2_PLACEMENT_3D('',#13307,#10224,#10225);
#8310=AXIS2_PLACEMENT_3D('',#13308,#10226,#10227);
#8311=AXIS2_PLACEMENT_3D('',#13310,#10229,#10230);
#8312=AXIS2_PLACEMENT_3D('',#13313,#10233,#10234);
#8313=AXIS2_PLACEMENT_3D('',#13315,#10236,#10237);
#8314=AXIS2_PLACEMENT_3D('',#13317,#10239,#10240);
#8315=AXIS2_PLACEMENT_3D('',#13318,#10241,#10242);
#8316=AXIS2_PLACEMENT_3D('',#13322,#10245,#10246);
#8317=AXIS2_PLACEMENT_3D('',#13327,#10250,#10251);
#8318=AXIS2_PLACEMENT_3D('',#13328,#10252,#10253);
#8319=AXIS2_PLACEMENT_3D('',#13330,#10255,#10256);
#8320=AXIS2_PLACEMENT_3D('',#13332,#10257,#10258);
#8321=AXIS2_PLACEMENT_3D('',#13334,#10259,#10260);
#8322=AXIS2_PLACEMENT_3D('',#13335,#10261,#10262);
#8323=AXIS2_PLACEMENT_3D('',#13337,#10263,#10264);
#8324=AXIS2_PLACEMENT_3D('',#13339,#10266,#10267);
#8325=AXIS2_PLACEMENT_3D('',#13343,#10271,#10272);
#8326=AXIS2_PLACEMENT_3D('',#13345,#10274,#10275);
#8327=AXIS2_PLACEMENT_3D('',#13350,#10279,#10280);
#8328=AXIS2_PLACEMENT_3D('',#13351,#10281,#10282);
#8329=AXIS2_PLACEMENT_3D('',#13353,#10284,#10285);
#8330=AXIS2_PLACEMENT_3D('',#13355,#10286,#10287);
#8331=AXIS2_PLACEMENT_3D('',#13357,#10288,#10289);
#8332=AXIS2_PLACEMENT_3D('',#13358,#10290,#10291);
#8333=AXIS2_PLACEMENT_3D('',#13360,#10292,#10293);
#8334=AXIS2_PLACEMENT_3D('',#13362,#10295,#10296);
#8335=AXIS2_PLACEMENT_3D('',#13366,#10300,#10301);
#8336=AXIS2_PLACEMENT_3D('',#13368,#10303,#10304);
#8337=AXIS2_PLACEMENT_3D('',#13370,#10306,#10307);
#8338=AXIS2_PLACEMENT_3D('',#13371,#10308,#10309);
#8339=AXIS2_PLACEMENT_3D('',#13373,#10311,#10312);
#8340=AXIS2_PLACEMENT_3D('',#13374,#10313,#10314);
#8341=AXIS2_PLACEMENT_3D('',#13376,#10316,#10317);
#8342=AXIS2_PLACEMENT_3D('',#13377,#10318,#10319);
#8343=AXIS2_PLACEMENT_3D('',#13379,#10321,#10322);
#8344=AXIS2_PLACEMENT_3D('',#13380,#10323,#10324);
#8345=AXIS2_PLACEMENT_3D('',#13381,#10325,#10326);
#8346=AXIS2_PLACEMENT_3D('',#13382,#10327,#10328);
#8347=AXIS2_PLACEMENT_3D('',#13384,#10330,#10331);
#8348=AXIS2_PLACEMENT_3D('',#13385,#10332,#10333);
#8349=AXIS2_PLACEMENT_3D('',#13387,#10335,#10336);
#8350=AXIS2_PLACEMENT_3D('',#13388,#10337,#10338);
#8351=AXIS2_PLACEMENT_3D('',#13389,#10339,#10340);
#8352=AXIS2_PLACEMENT_3D('',#13391,#10342,#10343);
#8353=AXIS2_PLACEMENT_3D('',#13392,#10344,#10345);
#8354=AXIS2_PLACEMENT_3D('',#13394,#10347,#10348);
#8355=AXIS2_PLACEMENT_3D('',#13395,#10349,#10350);
#8356=AXIS2_PLACEMENT_3D('',#13396,#10351,#10352);
#8357=AXIS2_PLACEMENT_3D('',#13398,#10353,#10354);
#8358=AXIS2_PLACEMENT_3D('',#13401,#10356,#10357);
#8359=AXIS2_PLACEMENT_3D('',#13402,#10358,#10359);
#8360=AXIS2_PLACEMENT_3D('',#13403,#10360,#10361);
#8361=AXIS2_PLACEMENT_3D('',#13406,#10364,#10365);
#8362=AXIS2_PLACEMENT_3D('',#13408,#10367,#10368);
#8363=AXIS2_PLACEMENT_3D('',#13410,#10370,#10371);
#8364=AXIS2_PLACEMENT_3D('',#13412,#10373,#10374);
#8365=AXIS2_PLACEMENT_3D('',#13413,#10375,#10376);
#8366=AXIS2_PLACEMENT_3D('',#13416,#10379,#10380);
#8367=AXIS2_PLACEMENT_3D('',#13418,#10382,#10383);
#8368=AXIS2_PLACEMENT_3D('',#13419,#10384,#10385);
#8369=AXIS2_PLACEMENT_3D('',#13421,#10387,#10388);
#8370=AXIS2_PLACEMENT_3D('',#13422,#10389,#10390);
#8371=AXIS2_PLACEMENT_3D('',#13424,#10392,#10393);
#8372=AXIS2_PLACEMENT_3D('',#13427,#10394,#10395);
#8373=AXIS2_PLACEMENT_3D('',#13431,#10398,#10399);
#8374=AXIS2_PLACEMENT_3D('',#13437,#10403,#10404);
#8375=AXIS2_PLACEMENT_3D('',#13441,#10407,#10408);
#8376=AXIS2_PLACEMENT_3D('',#13442,#10409,#10410);
#8377=AXIS2_PLACEMENT_3D('',#13443,#10411,#10412);
#8378=AXIS2_PLACEMENT_3D('',#13444,#10413,#10414);
#8379=AXIS2_PLACEMENT_3D('',#13465,#10415,#10416);
#8380=AXIS2_PLACEMENT_3D('',#13466,#10417,#10418);
#8381=AXIS2_PLACEMENT_3D('',#13467,#10419,#10420);
#8382=AXIS2_PLACEMENT_3D('',#13469,#10422,#10423);
#8383=AXIS2_PLACEMENT_3D('',#13473,#10425,#10426);
#8384=AXIS2_PLACEMENT_3D('',#13476,#10429,#10430);
#8385=AXIS2_PLACEMENT_3D('',#13479,#10431,#10432);
#8386=AXIS2_PLACEMENT_3D('',#13480,#10433,#10434);
#8387=AXIS2_PLACEMENT_3D('',#13481,#10435,#10436);
#8388=AXIS2_PLACEMENT_3D('',#13482,#10437,#10438);
#8389=AXIS2_PLACEMENT_3D('',#13485,#10439,#10440);
#8390=AXIS2_PLACEMENT_3D('',#13488,#10443,#10444);
#8391=AXIS2_PLACEMENT_3D('',#13489,#10445,#10446);
#8392=AXIS2_PLACEMENT_3D('',#13490,#10447,#10448);
#8393=AXIS2_PLACEMENT_3D('',#13491,#10449,#10450);
#8394=AXIS2_PLACEMENT_3D('',#13492,#10451,#10452);
#8395=AXIS2_PLACEMENT_3D('',#13493,#10453,#10454);
#8396=AXIS2_PLACEMENT_3D('',#13494,#10455,#10456);
#8397=AXIS2_PLACEMENT_3D('',#13495,#10457,#10458);
#8398=AXIS2_PLACEMENT_3D('',#13496,#10459,#10460);
#8399=AXIS2_PLACEMENT_3D('',#13497,#10461,#10462);
#8400=AXIS2_PLACEMENT_3D('',#13498,#10463,#10464);
#8401=AXIS2_PLACEMENT_3D('',#13499,#10465,#10466);
#8402=AXIS2_PLACEMENT_3D('',#13500,#10467,#10468);
#8403=AXIS2_PLACEMENT_3D('',#13501,#10469,#10470);
#8404=AXIS2_PLACEMENT_3D('',#13504,#10473,#10474);
#8405=AXIS2_PLACEMENT_3D('',#13505,#10475,#10476);
#8406=AXIS2_PLACEMENT_3D('',#13506,#10477,#10478);
#8407=AXIS2_PLACEMENT_3D('',#13534,#10481,#10482);
#8408=AXIS2_PLACEMENT_3D('',#13535,#10483,#10484);
#8409=AXIS2_PLACEMENT_3D('',#13545,#10485,#10486);
#8410=AXIS2_PLACEMENT_3D('',#13546,#10487,#10488);
#8411=AXIS2_PLACEMENT_3D('',#13547,#10489,#10490);
#8412=AXIS2_PLACEMENT_3D('',#13563,#10491,#10492);
#8413=AXIS2_PLACEMENT_3D('',#13564,#10493,#10494);
#8414=AXIS2_PLACEMENT_3D('',#13565,#10495,#10496);
#8415=AXIS2_PLACEMENT_3D('',#13567,#10498,#10499);
#8416=AXIS2_PLACEMENT_3D('',#13569,#10501,#10502);
#8417=AXIS2_PLACEMENT_3D('',#13570,#10503,#10504);
#8418=AXIS2_PLACEMENT_3D('',#13571,#10505,#10506);
#8419=AXIS2_PLACEMENT_3D('',#13573,#10507,#10508);
#8420=AXIS2_PLACEMENT_3D('',#13574,#10509,#10510);
#8421=AXIS2_PLACEMENT_3D('',#13576,#10512,#10513);
#8422=AXIS2_PLACEMENT_3D('',#13580,#10516,#10517);
#8423=AXIS2_PLACEMENT_3D('',#13581,#10518,#10519);
#8424=AXIS2_PLACEMENT_3D('',#13582,#10520,#10521);
#8425=AXIS2_PLACEMENT_3D('',#13585,#10523,#10524);
#8426=AXIS2_PLACEMENT_3D('',#13586,#10525,#10526);
#8427=AXIS2_PLACEMENT_3D('',#13587,#10527,#10528);
#8428=AXIS2_PLACEMENT_3D('',#13588,#10529,#10530);
#8429=AXIS2_PLACEMENT_3D('',#13590,#10532,#10533);
#8430=AXIS2_PLACEMENT_3D('',#13592,#10535,#10536);
#8431=AXIS2_PLACEMENT_3D('',#13594,#10538,#10539);
#8432=AXIS2_PLACEMENT_3D('',#13596,#10541,#10542);
#8433=AXIS2_PLACEMENT_3D('',#13600,#10545,#10546);
#8434=AXIS2_PLACEMENT_3D('',#13601,#10547,#10548);
#8435=AXIS2_PLACEMENT_3D('',#13604,#10551,#10552);
#8436=AXIS2_PLACEMENT_3D('',#13605,#10553,#10554);
#8437=AXIS2_PLACEMENT_3D('',#13607,#10556,#10557);
#8438=AXIS2_PLACEMENT_3D('',#13609,#10559,#10560);
#8439=AXIS2_PLACEMENT_3D('',#13611,#10562,#10563);
#8440=AXIS2_PLACEMENT_3D('',#13612,#10564,#10565);
#8441=AXIS2_PLACEMENT_3D('',#13614,#10566,#10567);
#8442=AXIS2_PLACEMENT_3D('',#13616,#10569,#10570);
#8443=AXIS2_PLACEMENT_3D('',#13620,#10573,#10574);
#8444=AXIS2_PLACEMENT_3D('',#13621,#10575,#10576);
#8445=AXIS2_PLACEMENT_3D('',#13622,#10577,#10578);
#8446=AXIS2_PLACEMENT_3D('',#13624,#10580,#10581);
#8447=AXIS2_PLACEMENT_3D('',#13626,#10583,#10584);
#8448=AXIS2_PLACEMENT_3D('',#13627,#10585,#10586);
#8449=AXIS2_PLACEMENT_3D('',#13629,#10588,#10589);
#8450=AXIS2_PLACEMENT_3D('',#13631,#10591,#10592);
#8451=AXIS2_PLACEMENT_3D('',#13632,#10593,#10594);
#8452=AXIS2_PLACEMENT_3D('',#13635,#10597,#10598);
#8453=AXIS2_PLACEMENT_3D('',#13636,#10599,#10600);
#8454=AXIS2_PLACEMENT_3D('',#13637,#10601,#10602);
#8455=AXIS2_PLACEMENT_3D('',#13639,#10604,#10605);
#8456=AXIS2_PLACEMENT_3D('',#13642,#10607,#10608);
#8457=AXIS2_PLACEMENT_3D('',#13643,#10609,#10610);
#8458=AXIS2_PLACEMENT_3D('',#13644,#10611,#10612);
#8459=AXIS2_PLACEMENT_3D('',#13645,#10613,#10614);
#8460=AXIS2_PLACEMENT_3D('',#13646,#10615,#10616);
#8461=AXIS2_PLACEMENT_3D('',#13647,#10617,#10618);
#8462=AXIS2_PLACEMENT_3D('',#13648,#10619,#10620);
#8463=AXIS2_PLACEMENT_3D('',#13650,#10621,#10622);
#8464=AXIS2_PLACEMENT_3D('',#13651,#10623,#10624);
#8465=AXIS2_PLACEMENT_3D('',#13652,#10625,#10626);
#8466=AXIS2_PLACEMENT_3D('',#13654,#10628,#10629);
#8467=AXIS2_PLACEMENT_3D('',#13656,#10631,#10632);
#8468=AXIS2_PLACEMENT_3D('',#13657,#10633,#10634);
#8469=AXIS2_PLACEMENT_3D('',#13658,#10635,#10636);
#8470=AXIS2_PLACEMENT_3D('',#13660,#10637,#10638);
#8471=AXIS2_PLACEMENT_3D('',#13662,#10640,#10641);
#8472=AXIS2_PLACEMENT_3D('',#13664,#10643,#10644);
#8473=AXIS2_PLACEMENT_3D('',#13665,#10645,#10646);
#8474=AXIS2_PLACEMENT_3D('',#13666,#10647,#10648);
#8475=AXIS2_PLACEMENT_3D('',#13667,#10649,#10650);
#8476=AXIS2_PLACEMENT_3D('',#13668,#10651,#10652);
#8477=AXIS2_PLACEMENT_3D('',#13669,#10653,#10654);
#8478=AXIS2_PLACEMENT_3D('',#13670,#10655,#10656);
#8479=AXIS2_PLACEMENT_3D('',#13671,#10657,#10658);
#8480=AXIS2_PLACEMENT_3D('',#13672,#10659,#10660);
#8481=AXIS2_PLACEMENT_3D('',#13673,#10661,#10662);
#8482=AXIS2_PLACEMENT_3D('',#13674,#10663,#10664);
#8483=AXIS2_PLACEMENT_3D('',#13675,#10665,#10666);
#8484=AXIS2_PLACEMENT_3D('',#13676,#10667,#10668);
#8485=AXIS2_PLACEMENT_3D('',#13677,#10669,#10670);
#8486=AXIS2_PLACEMENT_3D('',#13679,#10671,#10672);
#8487=AXIS2_PLACEMENT_3D('',#13680,#10673,#10674);
#8488=AXIS2_PLACEMENT_3D('',#13681,#10675,#10676);
#8489=AXIS2_PLACEMENT_3D('',#13683,#10678,#10679);
#8490=AXIS2_PLACEMENT_3D('',#13685,#10681,#10682);
#8491=AXIS2_PLACEMENT_3D('',#13686,#10683,#10684);
#8492=AXIS2_PLACEMENT_3D('',#13687,#10685,#10686);
#8493=AXIS2_PLACEMENT_3D('',#13688,#10687,#10688);
#8494=AXIS2_PLACEMENT_3D('',#13689,#10689,#10690);
#8495=AXIS2_PLACEMENT_3D('',#13690,#10691,#10692);
#8496=AXIS2_PLACEMENT_3D('',#13691,#10693,#10694);
#8497=AXIS2_PLACEMENT_3D('',#13693,#10696,#10697);
#8498=AXIS2_PLACEMENT_3D('',#13695,#10699,#10700);
#8499=AXIS2_PLACEMENT_3D('',#13696,#10701,#10702);
#8500=AXIS2_PLACEMENT_3D('',#13697,#10703,#10704);
#8501=AXIS2_PLACEMENT_3D('',#13698,#10705,#10706);
#8502=AXIS2_PLACEMENT_3D('',#13699,#10707,#10708);
#8503=DIRECTION('axis',(0.,0.,1.));
#8504=DIRECTION('refdir',(1.,0.,0.));
#8505=DIRECTION('center_axis',(5.47457488230606E-34,0.999999987973832,-0.000155088157964317));
#8506=DIRECTION('ref_axis',(-1.,5.47457494814422E-34,0.));
#8507=DIRECTION('',(-1.,1.07614028680919E-21,6.93889390390723E-18));
#8508=DIRECTION('',(8.49041744345285E-38,0.000155088157964317,0.999999987973831));
#8509=DIRECTION('',(-1.,5.47457494814422E-34,0.));
#8510=DIRECTION('',(-1.69808348869057E-37,-0.000155088157964317,-0.999999987973831));
#8511=DIRECTION('center_axis',(-1.,1.09491498962884E-33,0.));
#8512=DIRECTION('ref_axis',(-1.09491498962884E-33,-1.,0.));
#8513=DIRECTION('',(1.09491498962884E-33,1.,0.));
#8514=DIRECTION('',(2.65912463139127E-50,2.42861286636752E-17,-1.));
#8515=DIRECTION('center_axis',(-1.,1.09491498962884E-33,0.));
#8516=DIRECTION('ref_axis',(4.90653893338679E-18,0.707106781186549,0.707106781186546));
#8517=DIRECTION('center_axis',(0.,0.,1.));
#8518=DIRECTION('ref_axis',(1.,-5.47457494814422E-34,0.));
#8519=DIRECTION('',(1.,-8.78247870885278E-34,0.));
#8520=DIRECTION('',(-1.,5.47457494814422E-34,0.));
#8521=DIRECTION('',(5.47457494814422E-34,1.,0.));
#8522=DIRECTION('center_axis',(0.,0.,-1.));
#8523=DIRECTION('ref_axis',(-1.09491498962884E-33,-1.,0.));
#8524=DIRECTION('',(-1.,8.78247870885278E-34,0.));
#8525=DIRECTION('',(-5.47457494814422E-34,-1.,0.));
#8526=DIRECTION('',(1.,-1.09491498962884E-33,0.));
#8527=DIRECTION('',(-1.09491498962884E-33,-1.,0.));
#8528=DIRECTION('',(1.,-1.09491498962884E-33,0.));
#8529=DIRECTION('',(-1.09491498962884E-33,-1.,0.));
#8530=DIRECTION('',(-1.,-1.66030579129757E-11,0.));
#8531=DIRECTION('',(1.66030579119301E-11,-1.,0.));
#8532=DIRECTION('',(1.,1.66030579129757E-11,0.));
#8533=DIRECTION('',(-1.09491498962884E-33,-1.,0.));
#8534=DIRECTION('',(-1.,-1.66030579129757E-11,0.));
#8535=DIRECTION('',(1.66030579119301E-11,-1.,0.));
#8536=DIRECTION('',(1.,1.66030579129757E-11,0.));
#8537=DIRECTION('',(-1.09491498962884E-33,-1.,0.));
#8538=DIRECTION('',(-1.,4.41658144635208E-31,0.));
#8539=DIRECTION('center_axis',(0.,0.,1.));
#8540=DIRECTION('ref_axis',(-0.707106781186485,0.70710678118661,7.85046229341974E-15));
#8541=DIRECTION('',(-1.09491498962884E-33,-1.,0.));
#8542=DIRECTION('center_axis',(0.,0.,1.));
#8543=DIRECTION('ref_axis',(-0.707106781186554,0.707106781186541,0.));
#8544=DIRECTION('',(1.,-1.09491498962884E-33,0.));
#8545=DIRECTION('center_axis',(0.,0.,-1.));
#8546=DIRECTION('ref_axis',(0.707106781186554,-0.707106781186541,0.));
#8547=DIRECTION('',(5.25907689124115E-17,1.,0.));
#8548=DIRECTION('center_axis',(-1.37902591510721E-7,0.999999987973822,-0.000155088158207671));
#8549=DIRECTION('ref_axis',(-0.999999999999991,-1.37902589852281E-7,2.13870589117956E-11));
#8550=DIRECTION('',(-0.999999999999991,-1.3790259316916E-7,6.93889055478704E-18));
#8551=DIRECTION('',(8.49041745677552E-38,0.000155088158207673,0.999999987973831));
#8552=DIRECTION('',(-0.99999999999999,-1.37902589852281E-7,2.13870589117956E-11));
#8553=DIRECTION('',(8.49041745677552E-38,0.000155088158207673,0.999999987973831));
#8554=DIRECTION('',(8.49041745677552E-38,0.000155088158207673,0.999999987973831));
#8555=DIRECTION('center_axis',(-5.47457488230606E-34,-0.999999987973832,
0.000155088158207673));
#8556=DIRECTION('ref_axis',(1.,-5.47457494814422E-34,0.));
#8557=DIRECTION('',(1.,-1.07614028849781E-21,-6.93889390390723E-18));
#8558=DIRECTION('',(-1.,5.47457494814422E-34,0.));
#8559=DIRECTION('',(8.49041745677552E-38,0.000155088158207673,0.999999987973831));
#8560=DIRECTION('center_axis',(1.,-1.09491497646121E-33,8.49041735466835E-38));
#8561=DIRECTION('ref_axis',(1.09491497646121E-33,0.999999987973831,-0.00015508815807956));
#8562=DIRECTION('',(5.50775928057807E-34,0.503030767936157,0.864268503712567));
#8563=DIRECTION('',(1.09491497646121E-33,1.,2.42861286636752E-17));
#8564=DIRECTION('center_axis',(1.09491498962884E-33,1.,-7.82492444171714E-12));
#8565=DIRECTION('ref_axis',(-8.56762706394922E-45,-7.82492444171714E-12,
-1.));
#8566=DIRECTION('',(-6.20330462365509E-38,-7.82492444171714E-12,-1.));
#8567=DIRECTION('',(-1.,1.09491498962884E-33,0.));
#8568=DIRECTION('',(0.,0.,-1.));
#8569=DIRECTION('',(-1.,5.42974154221554E-29,6.93889390390723E-18));
#8570=DIRECTION('center_axis',(5.47457485263613E-34,0.999999982554246,0.000186792686935099));
#8571=DIRECTION('ref_axis',(2.75466524317212E-38,0.000186792686935099,-0.999999982554246));
#8572=DIRECTION('',(2.04522112878288E-37,0.000186792686935099,-0.999999982554246));
#8573=DIRECTION('',(-1.,5.47457494814422E-34,0.));
#8574=DIRECTION('',(2.75466524317212E-38,0.000186792686935099,-0.999999982554246));
#8575=DIRECTION('',(-1.,5.47457494814422E-34,0.));
#8576=DIRECTION('',(2.03510961489382E-16,-4.95382604216474E-11,-1.));
#8577=DIRECTION('center_axis',(-5.47457485263613E-34,-0.999999982554246,
-0.000186792686935099));
#8578=DIRECTION('ref_axis',(-6.93889378285299E-16,-0.000186792686935099,
0.999999982554246));
#8579=DIRECTION('center_axis',(-5.47442742977693E-34,-0.999973053914015,
-0.00734107934016443));
#8580=DIRECTION('ref_axis',(-1.08260213167478E-36,-0.00734107934016443,
0.999973053914015));
#8581=DIRECTION('',(-8.03785780960066E-36,-0.00734107934016443,0.999973053914015));
#8582=DIRECTION('',(1.,-5.47457494814422E-34,0.));
#8583=DIRECTION('',(-1.08260213167478E-36,-0.00734107934016443,0.999973053914015));
#8584=DIRECTION('',(-1.,5.47457494814422E-34,0.));
#8585=DIRECTION('center_axis',(0.,0.,1.));
#8586=DIRECTION('ref_axis',(1.47471792840007E-34,1.,0.));
#8587=DIRECTION('',(1.09491498962884E-33,1.,0.));
#8588=DIRECTION('',(-1.,5.47457494814422E-34,0.));
#8589=DIRECTION('',(1.47471792840007E-34,1.,0.));
#8590=DIRECTION('center_axis',(1.,-1.47471792840007E-34,0.));
#8591=DIRECTION('ref_axis',(1.47471792840007E-34,1.,0.));
#8592=DIRECTION('center_axis',(-1.,1.47471792840007E-34,0.));
#8593=DIRECTION('ref_axis',(9.81307786677358E-18,-0.707106781186547,0.707106781186548));
#8594=DIRECTION('center_axis',(1.,-1.47471792840007E-34,0.));
#8595=DIRECTION('ref_axis',(-4.03737073694526E-37,-0.00273772404823574,
0.999996252426496));
#8596=DIRECTION('center_axis',(-1.,1.47471792840007E-34,0.));
#8597=DIRECTION('ref_axis',(-5.64251977339482E-17,-0.707106781186548,0.707106781186548));
#8598=DIRECTION('center_axis',(0.,0.,1.));
#8599=DIRECTION('ref_axis',(1.47471792840007E-34,1.,0.));
#8600=DIRECTION('',(1.09491498962884E-33,1.,0.));
#8601=DIRECTION('',(1.,-1.09491498962884E-33,0.));
#8602=DIRECTION('',(1.47471792840007E-34,1.,0.));
#8603=DIRECTION('center_axis',(-1.,5.47457494814422E-34,0.));
#8604=DIRECTION('ref_axis',(-1.49878754894033E-36,-0.00273772404823574,
0.999996252426496));
#8605=DIRECTION('center_axis',(-1.,1.09491498962884E-33,0.));
#8606=DIRECTION('ref_axis',(-1.49878754894033E-36,-0.00273772404823574,
0.999996252426496));
#8607=DIRECTION('',(-1.,5.47457494814422E-34,0.));
#8608=DIRECTION('',(-1.,5.47457494814422E-34,0.));
#8609=DIRECTION('',(1.,3.91250286577939E-33,-1.38777878078144E-17));
#8610=DIRECTION('center_axis',(-1.,1.47471792840007E-34,0.));
#8611=DIRECTION('ref_axis',(-4.03737073694526E-37,-0.00273772404823574,
0.999996252426496));
#8612=DIRECTION('center_axis',(1.,-1.47471792840007E-34,0.));
#8613=DIRECTION('ref_axis',(1.47471792840007E-34,1.,0.));
#8614=DIRECTION('',(1.31880644143728E-45,8.94277079053387E-12,1.));
#8615=DIRECTION('',(-1.47471792840007E-34,-1.,0.));
#8616=DIRECTION('center_axis',(-4.74152202268013E-34,-0.866098659273524,
0.499873096300055));
#8617=DIRECTION('ref_axis',(7.37171817038547E-35,0.499873096300055,0.866098659273524));
#8618=DIRECTION('',(-1.77994854083593E-16,0.499873096300055,0.866098659273524));
#8619=DIRECTION('',(0.999999999999996,-8.83669767178006E-8,0.));
#8620=DIRECTION('',(1.,-1.09491498962884E-33,0.));
#8621=DIRECTION('',(7.37171817038547E-35,0.499873096300055,0.866098659273524));
#8622=DIRECTION('center_axis',(4.74152202268013E-34,0.866098659273524,-0.499873096300055));
#8623=DIRECTION('ref_axis',(1.20195334140306E-16,0.499873096300055,0.866098659273524));
#8624=DIRECTION('center_axis',(1.,1.97758476261356E-16,-2.48611954088044E-26));
#8625=DIRECTION('ref_axis',(-1.97758476261356E-16,1.,0.));
#8626=DIRECTION('',(0.,0.,1.));
#8627=DIRECTION('',(1.97758476261356E-16,-1.,8.21368874335615E-19));
#8628=DIRECTION('',(2.48611954088044E-26,-2.72208955131918E-59,1.));
#8629=DIRECTION('',(-1.97758476261356E-16,1.,-3.33066907387504E-15));
#8630=DIRECTION('',(-1.47471802460598E-34,-1.,-2.42861286636752E-17));
#8631=DIRECTION('',(-1.32956231569563E-50,-2.42861286636752E-17,1.));
#8632=DIRECTION('',(-1.47471802460598E-34,-1.,-2.42861286636752E-17));
#8633=DIRECTION('center_axis',(0.,0.,-1.));
#8634=DIRECTION('ref_axis',(-1.09491498962884E-33,-1.,0.));
#8635=DIRECTION('',(1.09491498962884E-33,1.,0.));
#8636=DIRECTION('',(1.,3.57546512551023E-33,0.));
#8637=DIRECTION('',(5.25907689124115E-17,1.,0.));
#8638=DIRECTION('center_axis',(0.,0.,-1.));
#8639=DIRECTION('ref_axis',(0.707106781186552,0.707106781186543,0.));
#8640=DIRECTION('',(1.,-1.09491498962884E-33,0.));
#8641=DIRECTION('center_axis',(0.,0.,1.));
#8642=DIRECTION('ref_axis',(-0.707106781186552,-0.707106781186543,0.));
#8643=DIRECTION('',(-1.09491498962884E-33,-1.,0.));
#8644=DIRECTION('center_axis',(0.,0.,1.));
#8645=DIRECTION('ref_axis',(-0.707106781186485,-0.70710678118661,0.));
#8646=DIRECTION('',(1.,-1.5099667085781E-33,0.));
#8647=DIRECTION('',(1.09491498962884E-33,1.,0.));
#8648=DIRECTION('',(-1.,-1.66030579129757E-11,0.));
#8649=DIRECTION('',(1.66030579119301E-11,-1.,0.));
#8650=DIRECTION('',(1.,1.66030579129757E-11,0.));
#8651=DIRECTION('',(1.09491498962884E-33,1.,0.));
#8652=DIRECTION('',(-1.,-1.66030579129757E-11,0.));
#8653=DIRECTION('',(1.66030579119301E-11,-1.,0.));
#8654=DIRECTION('',(1.,1.66030579129757E-11,0.));
#8655=DIRECTION('',(1.09491498962884E-33,1.,0.));
#8656=DIRECTION('',(-1.,1.09491498962884E-33,0.));
#8657=DIRECTION('',(-1.09491498962884E-33,-1.,0.));
#8658=DIRECTION('',(-1.,1.09491498962884E-33,0.));
#8659=DIRECTION('',(-0.999999999607914,2.80030626345809E-5,0.));
#8660=DIRECTION('',(1.09491498962884E-33,1.,0.));
#8661=DIRECTION('',(-0.999999999607914,2.80030626345774E-5,0.));
#8662=DIRECTION('center_axis',(-1.,1.09491498962884E-33,0.));
#8663=DIRECTION('ref_axis',(-1.09491498962884E-33,-1.,0.));
#8664=DIRECTION('',(3.38088703134035E-49,3.08780778723872E-16,1.));
#8665=DIRECTION('center_axis',(-1.,1.09491498962884E-33,0.));
#8666=DIRECTION('ref_axis',(-1.09491498962884E-33,-1.,0.));
#8667=DIRECTION('',(1.09491498962884E-33,1.,2.42861286636752E-17));
#8668=DIRECTION('center_axis',(-1.,1.09491498962884E-33,0.));
#8669=DIRECTION('ref_axis',(4.9065389333868E-18,-0.707106781186548,0.707106781186548));
#8670=DIRECTION('center_axis',(-1.,-3.91250286577939E-33,1.38777878078144E-17));
#8671=DIRECTION('ref_axis',(9.81307786677358E-18,-0.707106781186547,0.707106781186548));
#8672=DIRECTION('',(1.,3.46944695195361E-18,8.32667268468867E-17));
#8673=DIRECTION('center_axis',(-1.,-3.91250286577939E-33,1.38777878078144E-17));
#8674=DIRECTION('ref_axis',(8.19769699204099E-33,-1.,3.08780778723872E-16));
#8675=DIRECTION('',(1.,3.91250286577939E-33,-1.38777878078144E-17));
#8676=DIRECTION('center_axis',(-1.,-3.46944695195361E-18,-8.32667268468867E-17));
#8677=DIRECTION('ref_axis',(-5.64251977339482E-17,-0.707106781186548,0.707106781186548));
#8678=DIRECTION('center_axis',(1.,3.46944695195361E-18,8.32667268468867E-17));
#8679=DIRECTION('ref_axis',(-8.32667268468867E-17,-2.12516309779553E-17,
1.));
#8680=DIRECTION('',(-1.,-3.46944695195361E-18,-8.32667268468867E-17));
#8681=DIRECTION('',(-1.,-3.46944695195361E-18,-8.32667268468867E-17));
#8682=DIRECTION('center_axis',(-1.,-3.46944695195361E-18,-8.32667268468867E-17));
#8683=DIRECTION('ref_axis',(3.46944695195361E-18,-1.,-2.12516309779553E-17));
#8684=DIRECTION('',(1.,3.46944695195361E-18,8.32667268468867E-17));
#8685=DIRECTION('',(1.,3.46944695195361E-18,8.32667268468867E-17));
#8686=DIRECTION('center_axis',(-1.,-3.46944695195361E-18,-2.03510961489211E-16));
#8687=DIRECTION('ref_axis',(2.03510961489211E-16,2.12516309779553E-17,-1.));
#8688=DIRECTION('',(3.46944695195361E-18,-1.,-2.12516309779553E-17));
#8689=DIRECTION('',(-1.77633352739941E-16,0.503030767936157,0.864268503712567));
#8690=DIRECTION('',(-3.46952057452577E-18,0.999999999999935,3.61762196232683E-7));
#8691=DIRECTION('',(-1.77980365774939E-16,0.50000017802071,0.866025301004109));
#8692=DIRECTION('',(3.46944722047516E-18,-1.,-1.31944513304712E-9));
#8693=DIRECTION('',(1.77980365774939E-16,-0.50000017802071,-0.866025301004109));
#8694=DIRECTION('center_axis',(3.46944695195361E-18,-1.,-2.12516309779553E-17));
#8695=DIRECTION('ref_axis',(-0.707106781186548,-1.74804418424797E-17,0.707106781186547));
#8696=DIRECTION('center_axis',(1.19195623338387E-7,-0.864268503712562,0.503030767936153));
#8697=DIRECTION('ref_axis',(2.04792687941192E-7,0.503030767936167,0.864268503712537));
#8698=DIRECTION('',(-3.46944695195361E-18,1.,2.12516309779553E-17));
#8699=DIRECTION('center_axis',(3.46944695195361E-18,-1.,-2.12516309779553E-17));
#8700=DIRECTION('ref_axis',(-0.707106781186548,-1.74804418424797E-17,0.707106781186547));
#8701=DIRECTION('center_axis',(-1.1919562329601E-7,0.864268503712562,-0.503030767936153));
#8702=DIRECTION('ref_axis',(2.04792687807512E-7,0.503030767936167,0.864268503712537));
#8703=DIRECTION('center_axis',(-1.19195623338387E-7,0.864268503712562,-0.503030767936153));
#8704=DIRECTION('ref_axis',(-5.58734801488005E-5,-0.50303076715672,-0.864268502360161));
#8705=DIRECTION('',(0.99999999999999,1.37915037772264E-7,-6.93889055448481E-18));
#8706=DIRECTION('center_axis',(-1.19195623338387E-7,0.864268503712562,-0.503030767936153));
#8707=DIRECTION('ref_axis',(2.04792688067131E-7,0.503030767936167,0.864268503712537));
#8708=DIRECTION('',(-0.99999999999999,-1.37915037824766E-7,-8.32667297778054E-17));
#8709=DIRECTION('center_axis',(3.646799494479E-48,3.33066907387504E-15,
1.));
#8710=DIRECTION('ref_axis',(1.09491498962884E-33,1.,-3.33066907387504E-15));
#8711=DIRECTION('',(-1.,1.09491498962884E-33,0.));
#8712=DIRECTION('',(-1.09491498962884E-33,-1.,0.));
#8713=DIRECTION('center_axis',(-1.09491498962884E-33,-1.,0.));
#8714=DIRECTION('ref_axis',(0.,0.,1.));
#8715=DIRECTION('',(0.999991374770616,-1.0949055457359E-33,0.00415335820425295));
#8716=DIRECTION('center_axis',(0.,0.,1.));
#8717=DIRECTION('ref_axis',(-1.,1.09491498962884E-33,-4.55138390499647E-17));
#8718=DIRECTION('center_axis',(-8.53384482186839E-17,4.8148248609681E-35,
1.));
#8719=DIRECTION('ref_axis',(-1.,1.09491498962884E-33,-8.53384482186839E-17));
#8720=DIRECTION('',(-0.707106781186544,-8.65956056235489E-17,-0.707106781186551));
#8721=DIRECTION('center_axis',(8.53384482186839E-17,-4.8148248609681E-35,
-1.));
#8722=DIRECTION('ref_axis',(-1.,1.09491498962884E-33,0.));
#8723=DIRECTION('center_axis',(-8.53384482186839E-17,4.8148248609681E-35,
1.));
#8724=DIRECTION('ref_axis',(1.,-1.09490911215709E-33,8.53384482186839E-17));
#8725=DIRECTION('',(1.,8.53384482186821E-17,8.53384482186839E-17));
#8726=DIRECTION('center_axis',(-8.53384482186839E-17,4.8148248609681E-35,
1.));
#8727=DIRECTION('ref_axis',(-9.8130778667737E-17,1.,-2.12459368048519E-17));
#8728=DIRECTION('center_axis',(8.53384482186839E-17,-4.8148248609681E-35,
-1.));
#8729=DIRECTION('ref_axis',(1.71728862668541E-16,-1.,-1.22663473334681E-17));
#8730=DIRECTION('',(1.,-1.09490911215709E-33,8.53384482186839E-17));
#8731=DIRECTION('center_axis',(-8.53384482186839E-17,4.8148248609681E-35,
1.));
#8732=DIRECTION('ref_axis',(0.382683432365083,-0.92387953251129,3.26576102770358E-17));
#8733=DIRECTION('',(0.707106781186564,0.707106781186531,6.03433954313698E-17));
#8734=DIRECTION('center_axis',(-8.53384482186839E-17,4.8148248609681E-35,
1.));
#8735=DIRECTION('ref_axis',(0.923879532511279,-0.382683432365108,7.88424456455157E-17));
#8736=DIRECTION('',(1.09490911215709E-33,1.,-4.81482486096809E-35));
#8737=DIRECTION('center_axis',(-8.53384482186839E-17,4.8148248609681E-35,
1.));
#8738=DIRECTION('ref_axis',(0.92387953251128,0.382683432365107,7.88424456455157E-17));
#8739=DIRECTION('',(-0.707106781186564,0.707106781186531,-6.03433954313698E-17));
#8740=DIRECTION('center_axis',(-8.53384482186839E-17,4.8148248609681E-35,
1.));
#8741=DIRECTION('ref_axis',(0.382683432365083,0.92387953251129,3.26576102770358E-17));
#8742=DIRECTION('',(-1.,1.09490911215709E-33,-8.53384482186839E-17));
#8743=DIRECTION('center_axis',(8.53384482186839E-17,-4.8148248609681E-35,
-1.));
#8744=DIRECTION('ref_axis',(2.2079425200241E-16,1.,-1.22663473334678E-17));
#8745=DIRECTION('center_axis',(-8.53384482186839E-17,4.8148248609681E-35,
1.));
#8746=DIRECTION('ref_axis',(-1.47196168001606E-16,-1.,-2.1245936804852E-17));
#8747=DIRECTION('',(-1.,8.53384482186816E-17,-8.53384482186839E-17));
#8748=DIRECTION('center_axis',(-8.53384482186839E-17,4.8148248609681E-35,
1.));
#8749=DIRECTION('ref_axis',(-1.96261557335474E-16,-1.,2.12459368048521E-17));
#8750=DIRECTION('center_axis',(8.53384482186839E-17,-4.8148248609681E-35,
-1.));
#8751=DIRECTION('ref_axis',(1.71728862668541E-16,1.,1.22663473334678E-17));
#8752=DIRECTION('',(-1.,1.09490911215709E-33,-8.53384482186839E-17));
#8753=DIRECTION('center_axis',(-8.53384482186839E-17,4.8148248609681E-35,
1.));
#8754=DIRECTION('ref_axis',(-0.38268343236508,0.923879532511291,-3.26576102770356E-17));
#8755=DIRECTION('',(-0.707106781186564,-0.707106781186531,-6.03433954313698E-17));
#8756=DIRECTION('center_axis',(-8.53384482186839E-17,4.8148248609681E-35,
1.));
#8757=DIRECTION('ref_axis',(-0.923879532511279,0.382683432365108,-7.88424456455157E-17));
#8758=DIRECTION('',(1.09491498962884E-33,1.,-4.81482486096809E-35));
#8759=DIRECTION('',(1.,-1.09491498962884E-33,8.53384482186839E-17));
#8760=DIRECTION('',(-1.04676674101916E-33,-1.,4.81482486096809E-35));
#8761=DIRECTION('',(-1.,1.09491498962884E-33,-8.53384482186839E-17));
#8762=DIRECTION('',(1.09491498962884E-33,1.,-4.81482486096809E-35));
#8763=DIRECTION('center_axis',(-8.53384482186839E-17,4.8148248609681E-35,
1.));
#8764=DIRECTION('ref_axis',(-0.923879532511286,-0.382683432365093,-7.88424456455162E-17));
#8765=DIRECTION('',(0.707106781186564,-0.707106781186531,6.03433954313698E-17));
#8766=DIRECTION('center_axis',(-8.53384482186839E-17,4.8148248609681E-35,
1.));
#8767=DIRECTION('ref_axis',(-0.38268343236508,-0.923879532511291,-3.26576102770356E-17));
#8768=DIRECTION('',(1.,-1.09490911215709E-33,8.53384482186839E-17));
#8769=DIRECTION('center_axis',(8.53384482186839E-17,-4.8148248609681E-35,
-1.));
#8770=DIRECTION('ref_axis',(7.35980840008031E-17,-1.,1.2266347333468E-17));
#8771=DIRECTION('center_axis',(-8.53384482186839E-17,4.8148248609681E-35,
1.));
#8772=DIRECTION('ref_axis',(-9.8130778667737E-17,1.,2.12459368048519E-17));
#8773=DIRECTION('center_axis',(-8.53384482186839E-17,4.8148248609681E-35,
1.));
#8774=DIRECTION('ref_axis',(-1.,1.09491498962884E-33,-8.53384482186839E-17));
#8775=DIRECTION('center_axis',(-8.53384482186839E-17,4.8148248609681E-35,
1.));
#8776=DIRECTION('ref_axis',(-1.,1.09491498962884E-33,-8.53384482186839E-17));
#8777=DIRECTION('',(-1.,2.56583192248588E-16,-8.53384482186839E-17));
#8778=DIRECTION('center_axis',(-8.53384482186839E-17,4.8148248609681E-35,
1.));
#8779=DIRECTION('ref_axis',(-1.,-1.69995542046998E-17,-8.53384482186839E-17));
#8780=DIRECTION('',(1.,-1.46546838657309E-33,8.53384482186839E-17));
#8781=DIRECTION('center_axis',(-8.53384482186839E-17,4.8148248609681E-35,
1.));
#8782=DIRECTION('ref_axis',(-1.,-5.32907051820049E-14,-8.53384482186839E-17));
#8783=DIRECTION('',(-1.18092192413388E-34,-1.,4.8148248609681E-35));
#8784=DIRECTION('center_axis',(-8.53384482186839E-17,4.8148248609681E-35,
1.));
#8785=DIRECTION('ref_axis',(-3.55271367880029E-14,1.,-3.0318788713897E-30));
#8786=DIRECTION('center_axis',(-8.53384482186839E-17,4.8148248609681E-35,
1.));
#8787=DIRECTION('ref_axis',(-1.,1.09491498962884E-33,-8.53384482186839E-17));
#8788=DIRECTION('center_axis',(0.,0.,-1.));
#8789=DIRECTION('ref_axis',(-1.,1.09491498962884E-33,0.));
#8790=DIRECTION('center_axis',(0.,0.,-1.));
#8791=DIRECTION('ref_axis',(-1.,1.09491498962884E-33,0.));
#8792=DIRECTION('',(0.,0.,1.));
#8793=DIRECTION('center_axis',(0.,0.,-1.));
#8794=DIRECTION('ref_axis',(-1.,1.09491498962884E-33,0.));
#8795=DIRECTION('',(0.,0.,-1.));
#8796=DIRECTION('center_axis',(0.,0.,-1.));
#8797=DIRECTION('ref_axis',(-1.,1.09491498962884E-33,0.));
#8798=DIRECTION('',(0.,0.,1.));
#8799=DIRECTION('center_axis',(0.,0.,-1.));
#8800=DIRECTION('ref_axis',(-1.,1.09491498962884E-33,0.));
#8801=DIRECTION('',(0.,0.,-1.));
#8802=DIRECTION('center_axis',(0.,0.,-1.));
#8803=DIRECTION('ref_axis',(-1.,1.09491498962884E-33,0.));
#8804=DIRECTION('',(0.,0.,1.));
#8805=DIRECTION('center_axis',(0.,0.,-1.));
#8806=DIRECTION('ref_axis',(-1.,1.09491498962884E-33,0.));
#8807=DIRECTION('',(0.,0.,1.));
#8808=DIRECTION('center_axis',(0.,0.,-1.));
#8809=DIRECTION('ref_axis',(-1.,1.09491498962884E-33,0.));
#8810=DIRECTION('',(0.,0.,-1.));
#8811=DIRECTION('center_axis',(0.,0.,1.));
#8812=DIRECTION('ref_axis',(-1.,1.09491498962884E-33,-4.55138390499647E-17));
#8813=DIRECTION('',(-0.707106781186538,-8.65956056235481E-17,-0.707106781186557));
#8814=DIRECTION('center_axis',(8.53384482186839E-17,-4.8148248609681E-35,
-1.));
#8815=DIRECTION('ref_axis',(-1.,1.09491498962884E-33,0.));
#8816=DIRECTION('center_axis',(0.,0.,-1.));
#8817=DIRECTION('ref_axis',(-1.,1.09491498962884E-33,0.));
#8818=DIRECTION('center_axis',(0.,0.,-1.));
#8819=DIRECTION('ref_axis',(-1.,1.09491498962884E-33,0.));
#8820=DIRECTION('',(0.,0.,1.));
#8821=DIRECTION('center_axis',(0.,0.,-1.));
#8822=DIRECTION('ref_axis',(-1.,1.09491498962884E-33,0.));
#8823=DIRECTION('',(0.,0.,-1.));
#8824=DIRECTION('center_axis',(0.,0.,-1.));
#8825=DIRECTION('ref_axis',(-1.,1.09491498962884E-33,0.));
#8826=DIRECTION('',(0.,0.,1.));
#8827=DIRECTION('center_axis',(0.,0.,-1.));
#8828=DIRECTION('ref_axis',(-1.,1.09491498962884E-33,0.));
#8829=DIRECTION('',(0.,0.,-1.));
#8830=DIRECTION('center_axis',(0.,0.,-1.));
#8831=DIRECTION('ref_axis',(-1.,1.09491498962884E-33,0.));
#8832=DIRECTION('',(0.,0.,1.));
#8833=DIRECTION('center_axis',(0.,0.,-1.));
#8834=DIRECTION('ref_axis',(-1.,1.09491498962884E-33,0.));
#8835=DIRECTION('',(0.,0.,1.));
#8836=DIRECTION('center_axis',(0.,0.,-1.));
#8837=DIRECTION('ref_axis',(-1.,1.09491498962884E-33,0.));
#8838=DIRECTION('',(0.,0.,-1.));
#8839=DIRECTION('center_axis',(0.,0.,1.));
#8840=DIRECTION('ref_axis',(-1.,1.09491498962884E-33,-4.55138390499647E-17));
#8841=DIRECTION('',(-0.707106781186538,-8.65956056235481E-17,-0.707106781186557));
#8842=DIRECTION('center_axis',(8.53384482186839E-17,-4.8148248609681E-35,
-1.));
#8843=DIRECTION('ref_axis',(-1.,1.09491498962884E-33,0.));
#8844=DIRECTION('center_axis',(0.,0.,-1.));
#8845=DIRECTION('ref_axis',(-1.,1.09491498962884E-33,0.));
#8846=DIRECTION('center_axis',(0.,0.,-1.));
#8847=DIRECTION('ref_axis',(-1.,1.09491498962884E-33,0.));
#8848=DIRECTION('',(0.,0.,1.));
#8849=DIRECTION('center_axis',(0.,0.,-1.));
#8850=DIRECTION('ref_axis',(-1.,1.09491498962884E-33,0.));
#8851=DIRECTION('',(0.,0.,-1.));
#8852=DIRECTION('center_axis',(0.,0.,-1.));
#8853=DIRECTION('ref_axis',(-1.,1.09491498962884E-33,0.));
#8854=DIRECTION('',(0.,0.,1.));
#8855=DIRECTION('center_axis',(0.,0.,-1.));
#8856=DIRECTION('ref_axis',(-1.,1.09491498962884E-33,0.));
#8857=DIRECTION('',(0.,0.,-1.));
#8858=DIRECTION('center_axis',(0.,0.,-1.));
#8859=DIRECTION('ref_axis',(-1.,1.09491498962884E-33,0.));
#8860=DIRECTION('',(0.,0.,1.));
#8861=DIRECTION('center_axis',(0.,0.,-1.));
#8862=DIRECTION('ref_axis',(-1.,1.09491498962884E-33,0.));
#8863=DIRECTION('',(0.,0.,1.));
#8864=DIRECTION('center_axis',(0.,0.,-1.));
#8865=DIRECTION('ref_axis',(-1.,1.09491498962884E-33,0.));
#8866=DIRECTION('',(0.,0.,-1.));
#8867=DIRECTION('center_axis',(0.,0.,1.));
#8868=DIRECTION('ref_axis',(-1.,1.09491498962884E-33,-4.55138390499647E-17));
#8869=DIRECTION('',(-0.707106781186544,-8.65956056235489E-17,-0.707106781186551));
#8870=DIRECTION('center_axis',(8.53384482186839E-17,-4.8148248609681E-35,
-1.));
#8871=DIRECTION('ref_axis',(-1.,1.09491498962884E-33,0.));
#8872=DIRECTION('center_axis',(0.,0.,-1.));
#8873=DIRECTION('ref_axis',(-1.,1.09491498962884E-33,0.));
#8874=DIRECTION('center_axis',(0.,0.,-1.));
#8875=DIRECTION('ref_axis',(-1.,1.09491498962884E-33,0.));
#8876=DIRECTION('',(0.,0.,1.));
#8877=DIRECTION('center_axis',(0.,0.,-1.));
#8878=DIRECTION('ref_axis',(-1.,1.09491498962884E-33,0.));
#8879=DIRECTION('',(0.,0.,-1.));
#8880=DIRECTION('center_axis',(0.,0.,-1.));
#8881=DIRECTION('ref_axis',(-1.,1.09491498962884E-33,0.));
#8882=DIRECTION('',(0.,0.,1.));
#8883=DIRECTION('center_axis',(0.,0.,-1.));
#8884=DIRECTION('ref_axis',(-1.,1.09491498962884E-33,0.));
#8885=DIRECTION('',(0.,0.,-1.));
#8886=DIRECTION('center_axis',(0.,0.,-1.));
#8887=DIRECTION('ref_axis',(-1.,1.09491498962884E-33,0.));
#8888=DIRECTION('',(0.,0.,1.));
#8889=DIRECTION('center_axis',(0.,0.,-1.));
#8890=DIRECTION('ref_axis',(-1.,1.09491498962884E-33,0.));
#8891=DIRECTION('',(0.,0.,1.));
#8892=DIRECTION('center_axis',(0.,0.,-1.));
#8893=DIRECTION('ref_axis',(-1.,1.09491498962884E-33,0.));
#8894=DIRECTION('',(0.,0.,-1.));
#8895=DIRECTION('center_axis',(-1.71671419885811E-16,-0.707106781186538,
0.707106781186557));
#8896=DIRECTION('ref_axis',(0.433012701892218,-0.637377439199107,-0.63737743919909));
#8897=DIRECTION('center_axis',(1.09490911215709E-33,1.,0.));
#8898=DIRECTION('ref_axis',(1.96261557335469E-16,-1.06229684024257E-17,
-1.));
#8899=DIRECTION('',(-1.71671419885811E-16,-0.707106781186538,0.707106781186557));
#8900=DIRECTION('',(1.71671419885811E-16,0.707106781186538,-0.707106781186557));
#8901=DIRECTION('center_axis',(-7.74221813989365E-34,-0.707106781186557,
-0.707106781186538));
#8902=DIRECTION('ref_axis',(-1.,1.09491498962884E-33,0.));
#8903=DIRECTION('',(1.,-1.09490911215709E-33,-5.87747175411596E-39));
#8904=DIRECTION('',(1.71671419885811E-16,0.707106781186538,-0.707106781186557));
#8905=DIRECTION('center_axis',(1.71671419885811E-16,0.707106781186538,-0.707106781186557));
#8906=DIRECTION('ref_axis',(-0.433012701892218,-0.637377439199108,-0.637377439199089));
#8907=DIRECTION('center_axis',(1.09490911215709E-33,1.,0.));
#8908=DIRECTION('ref_axis',(3.43457725337071E-16,-3.76057011775386E-49,
-1.));
#8909=DIRECTION('',(-1.71671419885811E-16,-0.707106781186538,0.707106781186557));
#8910=DIRECTION('center_axis',(1.42232186285491E-16,-0.70710678118654,-0.707106781186555));
#8911=DIRECTION('ref_axis',(0.433012701892216,0.637377439199106,-0.637377439199092));
#8912=DIRECTION('',(1.42232186285491E-16,-0.70710678118654,-0.707106781186555));
#8913=DIRECTION('center_axis',(-1.09490911215709E-33,-1.,0.));
#8914=DIRECTION('ref_axis',(2.94392336003205E-16,-3.2233458152176E-49,-1.));
#8915=DIRECTION('',(-1.42232186285491E-16,0.70710678118654,0.707106781186555));
#8916=DIRECTION('center_axis',(7.74221813989363E-34,0.707106781186555,-0.70710678118654));
#8917=DIRECTION('ref_axis',(-1.,1.09491498962884E-33,0.));
#8918=DIRECTION('',(-1.42232186285491E-16,0.70710678118654,0.707106781186555));
#8919=DIRECTION('',(-1.,1.09490911215709E-33,-5.8774717541077E-39));
#8920=DIRECTION('center_axis',(-1.42232186285491E-16,0.70710678118654,0.707106781186555));
#8921=DIRECTION('ref_axis',(-0.433012701892216,0.637377439199106,-0.637377439199092));
#8922=DIRECTION('center_axis',(-1.09490911215709E-33,-1.,0.));
#8923=DIRECTION('ref_axis',(9.81307786677349E-17,-1.07444860507253E-49,
-1.));
#8924=DIRECTION('',(1.42232186285491E-16,-0.70710678118654,-0.707106781186555));
#8925=DIRECTION('center_axis',(1.42232186285491E-16,-0.70710678118654,-0.707106781186555));
#8926=DIRECTION('ref_axis',(0.96824583655185,-0.176776695296651,0.176776695296646));
#8927=DIRECTION('',(1.42232186285491E-16,-0.70710678118654,-0.707106781186555));
#8928=DIRECTION('center_axis',(1.09490911215709E-33,1.,0.));
#8929=DIRECTION('ref_axis',(-2.94392336003206E-16,3.22334581521762E-49,
1.));
#8930=DIRECTION('center_axis',(1.09490911215709E-33,1.,0.));
#8931=DIRECTION('ref_axis',(-1.,1.09490911215709E-33,8.53384482186838E-17));
#8932=DIRECTION('',(-1.,1.09490911215709E-33,-8.53384482186839E-17));
#8933=DIRECTION('',(4.61852778244065E-13,2.368475785867E-14,-1.));
#8934=DIRECTION('',(1.,-1.09490911215709E-33,4.64739378436881E-13));
#8935=DIRECTION('',(6.30808536718837E-17,-6.90678014879935E-50,1.));
#8936=DIRECTION('center_axis',(1.09490911215709E-33,1.,0.));
#8937=DIRECTION('ref_axis',(-0.707106781186547,7.7421765798922E-34,0.707106781186548));
#8938=DIRECTION('',(1.,-1.09490911215709E-33,8.53384482186839E-17));
#8939=DIRECTION('center_axis',(1.09490911215709E-33,1.,0.));
#8940=DIRECTION('ref_axis',(0.707106781186548,-7.74217657989221E-34,0.707106781186548));
#8941=DIRECTION('',(4.61852778244065E-13,2.368475785867E-14,-1.));
#8942=DIRECTION('',(1.,-1.09490911215709E-33,4.64739378436881E-13));
#8943=DIRECTION('',(4.61852778244065E-13,2.368475785867E-14,-1.));
#8944=DIRECTION('',(-1.,1.09490911215709E-33,-8.53384482186839E-17));
#8945=DIRECTION('center_axis',(1.09490911215709E-33,1.,0.));
#8946=DIRECTION('ref_axis',(-1.96261557335471E-16,2.14889721014508E-49,
1.));
#8947=DIRECTION('center_axis',(-1.42232186285491E-16,0.70710678118654,0.707106781186555));
#8948=DIRECTION('ref_axis',(-0.968245836551849,-0.176776695296652,0.176776695296649));
#8949=DIRECTION('',(-1.42232186285491E-16,0.70710678118654,0.707106781186555));
#8950=DIRECTION('center_axis',(1.71671419885811E-16,0.707106781186538,-0.707106781186557));
#8951=DIRECTION('ref_axis',(-0.968245836551851,0.176776695296647,0.176776695296643));
#8952=DIRECTION('',(1.71671419885811E-16,0.707106781186538,-0.707106781186557));
#8953=DIRECTION('center_axis',(-1.09490911215709E-33,-1.,0.));
#8954=DIRECTION('ref_axis',(-1.71728862668537E-16,1.88028505887694E-49,
1.));
#8955=DIRECTION('center_axis',(-1.09490911215709E-33,-1.,0.));
#8956=DIRECTION('ref_axis',(1.,-1.09490911215709E-33,8.53384482186838E-17));
#8957=DIRECTION('',(1.,-1.09490911215709E-33,8.53384482186839E-17));
#8958=DIRECTION('',(4.61852778244065E-13,2.368475785867E-14,-1.));
#8959=DIRECTION('',(-1.,1.09490911215709E-33,-4.64739378436881E-13));
#8960=DIRECTION('',(0.,0.,1.));
#8961=DIRECTION('center_axis',(-1.09490911215709E-33,-1.,0.));
#8962=DIRECTION('ref_axis',(0.707106781186548,-7.74217657989221E-34,0.707106781186548));
#8963=DIRECTION('',(-1.,1.09490911215709E-33,-8.53384482186839E-17));
#8964=DIRECTION('center_axis',(-1.09490911215709E-33,-1.,0.));
#8965=DIRECTION('ref_axis',(-0.707106781186548,7.74217657989222E-34,0.707106781186547));
#8966=DIRECTION('',(-6.30808536718837E-17,6.90678014879935E-50,-1.));
#8967=DIRECTION('',(-1.,1.09490911215709E-33,-4.64739378436881E-13));
#8968=DIRECTION('',(0.,0.,1.));
#8969=DIRECTION('',(1.,-1.09490911215709E-33,8.53384482186839E-17));
#8970=DIRECTION('center_axis',(-1.09490911215709E-33,-1.,0.));
#8971=DIRECTION('ref_axis',(-2.20794252002404E-16,2.41750936141321E-49,
1.));
#8972=DIRECTION('center_axis',(-1.71671419885811E-16,-0.707106781186538,
0.707106781186557));
#8973=DIRECTION('ref_axis',(0.968245836551851,0.176776695296647,0.176776695296643));
#8974=DIRECTION('',(-1.71671419885811E-16,-0.707106781186538,0.707106781186557));
#8975=DIRECTION('center_axis',(6.03433954313677E-17,0.707106781186555,-0.70710678118654));
#8976=DIRECTION('ref_axis',(-1.,-6.17777110375466E-32,-8.53384482186838E-17));
#8977=DIRECTION('',(-7.74221813989349E-34,-0.707106781186542,-0.707106781186553));
#8978=DIRECTION('center_axis',(6.03433954313676E-17,-0.707106781186557,
-0.707106781186538));
#8979=DIRECTION('ref_axis',(-1.,-3.92741829830185E-32,-8.53384482186838E-17));
#8980=DIRECTION('',(7.74221813989343E-34,0.707106781186537,-0.707106781186558));
#8981=DIRECTION('center_axis',(-8.32667268468867E-17,-2.12516309779553E-17,
1.));
#8982=DIRECTION('ref_axis',(0.707106781186544,0.707106781186551,7.39056395764276E-17));
#8983=DIRECTION('',(8.32667268468867E-17,2.12516309779553E-17,-1.));
#8984=DIRECTION('center_axis',(8.32667268468867E-17,2.12516309779553E-17,
-1.));
#8985=DIRECTION('ref_axis',(-3.46944695195361E-18,1.,2.12516309779553E-17));
#8986=DIRECTION('',(-8.32667268468867E-17,-2.12516309779553E-17,1.));
#8987=DIRECTION('center_axis',(-8.53384482186839E-17,4.8148248609681E-35,
1.));
#8988=DIRECTION('ref_axis',(0.707106781186544,0.707106781186551,7.39056395764276E-17));
#8989=DIRECTION('center_axis',(-1.,-3.46944695195361E-18,-8.32667268468867E-17));
#8990=DIRECTION('ref_axis',(-6.13317366673348E-17,0.707106781186549,0.707106781186546));
#8991=DIRECTION('',(-1.,-3.46944695195361E-18,-8.32667268468867E-17));
#8992=DIRECTION('center_axis',(-1.,-3.46944695195361E-18,-8.32667268468867E-17));
#8993=DIRECTION('ref_axis',(-8.32667268468867E-17,-2.12516309779553E-17,
1.));
#8994=DIRECTION('',(1.,3.46944695195361E-18,8.32667268468867E-17));
#8995=DIRECTION('center_axis',(-8.32667268468867E-17,-2.12516309779553E-17,
1.));
#8996=DIRECTION('ref_axis',(-1.,-3.46944695195361E-18,-8.32667268468867E-17));
#8997=DIRECTION('',(-8.78247870885278E-34,-1.,-2.42861286636752E-17));
#8998=DIRECTION('',(3.46944695195361E-18,-1.,-2.12516309779553E-17));
#8999=DIRECTION('',(0.99999999999999,1.37915037775733E-7,8.32667297778054E-17));
#9000=DIRECTION('center_axis',(-3.46944695195361E-18,1.,2.12516309779553E-17));
#9001=DIRECTION('ref_axis',(-1.,-3.46944695195361E-18,-8.32667268468867E-17));
#9002=DIRECTION('',(-1.,-3.46944695195361E-18,-8.53384482186839E-17));
#9003=DIRECTION('center_axis',(3.46944695195361E-18,-1.,-2.12516309779553E-17));
#9004=DIRECTION('ref_axis',(0.707106781186549,-1.25739029090928E-17,0.707106781186546));
#9005=DIRECTION('center_axis',(1.73472347597681E-18,-1.,-2.27688798208152E-17));
#9006=DIRECTION('ref_axis',(2.49299878128683E-50,2.27688798208152E-17,-1.));
#9007=DIRECTION('',(6.93889390390723E-18,-2.42861286636752E-17,1.));
#9008=DIRECTION('center_axis',(3.46944695195361E-18,-1.,-2.12516309779553E-17));
#9009=DIRECTION('ref_axis',(-1.,1.09491498962884E-33,1.57009245868347E-16));
#9010=DIRECTION('center_axis',(1.,3.46944695195361E-18,8.32667268468867E-17));
#9011=DIRECTION('ref_axis',(-8.32667268468867E-17,-2.12516309779553E-17,
1.));
#9012=DIRECTION('',(-7.34972504035289E-17,0.507728466508382,0.861517152642388));
#9013=DIRECTION('',(-3.46949126106377E-18,0.999999999999858,5.32134651229265E-7));
#9014=DIRECTION('',(-7.38457306620914E-17,0.500002097383335,0.866024192856219));
#9015=DIRECTION('',(-3.4694470605667E-18,1.,1.30439965193485E-9));
#9016=DIRECTION('',(8.32667268470586E-17,-4.95385904534103E-11,-1.));
#9017=DIRECTION('',(-3.46944695195361E-18,1.,2.12516309779553E-17));
#9018=DIRECTION('',(-8.32667268470586E-17,4.95382604213937E-11,1.));
#9019=DIRECTION('',(3.46944706056673E-18,-1.,-1.30439998196931E-9));
#9020=DIRECTION('',(7.38457306620914E-17,-0.500002097383335,-0.866024192856219));
#9021=DIRECTION('',(3.4694912610638E-18,-0.999999999999858,-5.321346515593E-7));
#9022=DIRECTION('',(7.34972504035289E-17,-0.507728466508382,-0.861517152642388));
#9023=DIRECTION('',(-3.46944695195361E-18,1.,2.12516309779553E-17));
#9024=DIRECTION('center_axis',(7.65280376529546E-8,0.866025301004107,-0.500000178020709));
#9025=DIRECTION('ref_axis',(-5.58735548816989E-5,-0.500000177236544,-0.866025299654445));
#9026=DIRECTION('',(0.99999999843907,-2.80030626042935E-5,-4.83496481522959E-5));
#9027=DIRECTION('',(-0.99999999843907,2.80030626042414E-5,4.83496481522057E-5));
#9028=DIRECTION('',(7.38458162748122E-17,-0.50000017802071,-0.866025301004109));
#9029=DIRECTION('',(-0.99999999843907,2.80030626042414E-5,4.83496481522057E-5));
#9030=DIRECTION('',(-6.00925768176684E-18,-0.50000017802071,-0.866025301004109));
#9031=DIRECTION('center_axis',(-4.83496481342144E-5,1.31944512847006E-9,
-0.999999998831156));
#9032=DIRECTION('ref_axis',(-2.80030626352982E-5,-0.999999999607914,3.44930971846238E-11));
#9033=DIRECTION('',(-9.15549047891136E-27,-1.,-1.31944513001229E-9));
#9034=DIRECTION('',(3.46944706181949E-18,-1.,-1.31944513001246E-9));
#9035=DIRECTION('',(-0.99999999843907,2.80030626042414E-5,4.83496481522057E-5));
#9036=DIRECTION('center_axis',(-2.80030625715102E-5,-0.999999999607914,
1.35393820337865E-9));
#9037=DIRECTION('ref_axis',(4.83496481711628E-5,-2.1251463293151E-17,0.999999998831156));
#9038=DIRECTION('',(6.93889390390723E-18,1.35393820390932E-9,1.));
#9039=DIRECTION('',(-8.32667268515842E-17,1.35393820391185E-9,1.));
#9040=DIRECTION('center_axis',(-2.80030625715102E-5,-0.999999999607914,
1.35393820337865E-9));
#9041=DIRECTION('ref_axis',(0.99999999843973,-2.80030626042414E-5,-4.8335991826692E-5));
#9042=DIRECTION('',(-0.999999999607914,2.80030625715102E-5,-8.3266131703487E-17));
#9043=DIRECTION('center_axis',(-2.80030625715102E-5,-0.999999999607914,
1.35393820337865E-9));
#9044=DIRECTION('ref_axis',(0.99999999843973,-2.80030626042414E-5,-4.83359918094974E-5));
#9045=DIRECTION('center_axis',(3.46944695195361E-18,-1.,-2.12516309779553E-17));
#9046=DIRECTION('ref_axis',(-1.,-3.46944695195361E-18,-8.32667268468867E-17));
#9047=DIRECTION('center_axis',(-1.73472347597681E-18,1.,-1.43764573872958E-16));
#9048=DIRECTION('ref_axis',(-1.57409986911105E-49,-1.43764573872958E-16,
-1.));
#9049=DIRECTION('center_axis',(-1.73472347597681E-18,1.,-1.43764573872958E-16));
#9050=DIRECTION('ref_axis',(-1.57409986911105E-49,-1.43764573872958E-16,
-1.));
#9051=DIRECTION('center_axis',(-2.20877681971363E-15,1.,2.12516309779551E-17));
#9052=DIRECTION('ref_axis',(1.,2.20877681971363E-15,8.32667268468868E-17));
#9053=DIRECTION('center_axis',(-2.20877681971363E-15,1.,2.12516309779551E-17));
#9054=DIRECTION('ref_axis',(0.707106781186548,-1.71728862668537E-17,0.707106781186547));
#9055=DIRECTION('',(1.,2.20877681971363E-15,8.32667268468868E-17));
#9056=DIRECTION('',(8.32667268468867E-17,2.12516309779553E-17,-1.));
#9057=DIRECTION('',(1.,2.20877681971363E-15,-1.38777878078151E-17));
#9058=DIRECTION('center_axis',(0.583313730218234,0.812246940369054,6.58321972798166E-17));
#9059=DIRECTION('ref_axis',(0.812246940369054,-0.583313730218234,5.52367759769571E-17));
#9060=DIRECTION('',(0.812246940369054,-0.583313730218234,1.68843877171125E-16));
#9061=DIRECTION('',(0.812246940369054,-0.583313730218234,5.52367759769571E-17));
#9062=DIRECTION('',(8.32667268468867E-17,2.12516309779553E-17,-1.));
#9063=DIRECTION('center_axis',(8.32667268468867E-17,2.12516309779553E-17,
-1.));
#9064=DIRECTION('ref_axis',(0.92913573340607,-0.36973881174143,6.95085385318485E-17));
#9065=DIRECTION('center_axis',(-1.38777878078144E-17,-3.08780778723872E-16,
-1.));
#9066=DIRECTION('ref_axis',(-0.580310908070824,0.814395020843089,-3.10133674153606E-17));
#9067=DIRECTION('center_axis',(8.32667268468867E-17,2.12516309779553E-17,
-1.));
#9068=DIRECTION('ref_axis',(-0.580310908070824,0.814395020843089,-3.10133674153606E-17));
#9069=DIRECTION('center_axis',(-8.32667268468867E-17,-2.12516309779553E-17,
1.));
#9070=DIRECTION('ref_axis',(-1.,-3.46944695195361E-18,-8.32667268468867E-17));
#9071=DIRECTION('',(-8.78247870885278E-34,-1.,-2.42861286636752E-17));
#9072=DIRECTION('',(3.46944695195361E-18,-1.,-2.12516309779553E-17));
#9073=DIRECTION('',(0.999999999999879,4.91428350406221E-7,8.32667372905306E-17));
#9074=DIRECTION('',(-3.46944695195361E-18,1.,2.12516309779553E-17));
#9075=DIRECTION('',(-0.999999999999879,-4.91428350455914E-7,-8.32667372905306E-17));
#9076=DIRECTION('',(-8.78247870885278E-34,-1.,-2.42861286636752E-17));
#9077=DIRECTION('center_axis',(3.46944695195361E-18,-1.,-2.12516309779553E-17));
#9078=DIRECTION('ref_axis',(-0.707106781186548,-1.74804418424797E-17,0.707106781186547));
#9079=DIRECTION('center_axis',(4.23373953170261E-7,-0.861517152642311,0.507728466508336));
#9080=DIRECTION('ref_axis',(7.18383834411544E-7,0.507728466508513,0.861517152642011));
#9081=DIRECTION('center_axis',(-4.2337395312745E-7,0.861517152642311,-0.507728466508336));
#9082=DIRECTION('ref_axis',(7.18383834338047E-7,0.507728466508513,0.861517152642011));
#9083=DIRECTION('',(3.46944695195361E-18,-1.,-2.12516309779553E-17));
#9084=DIRECTION('center_axis',(-1.,-3.46944695195361E-18,-2.03510961489211E-16));
#9085=DIRECTION('ref_axis',(2.03510961489211E-16,2.12516309779553E-17,-1.));
#9086=DIRECTION('',(1.77089721054247E-16,-0.507728466508382,-0.861517152642388));
#9087=DIRECTION('',(-1.77089721054247E-16,0.507728466508382,0.861517152642388));
#9088=DIRECTION('',(-3.4695552471877E-18,0.999999999999858,5.32134651559297E-7));
#9089=DIRECTION('',(-1.77980146913824E-16,0.500002097383335,0.866024192856219));
#9090=DIRECTION('',(3.4694472174133E-18,-1.,-1.30439998500175E-9));
#9091=DIRECTION('',(1.77980146913824E-16,-0.500002097383335,-0.866024192856219));
#9092=DIRECTION('',(3.4695552471877E-18,-0.999999999999858,-5.32134651562332E-7));
#9093=DIRECTION('center_axis',(-2.80030626345774E-5,-0.999999999607914,
4.95382603965253E-11));
#9094=DIRECTION('ref_axis',(4.83496481346356E-5,-1.3043999652468E-9,0.999999998831156));
#9095=DIRECTION('center_axis',(-2.80030626345774E-5,-0.999999999607914,
4.95382603965253E-11));
#9096=DIRECTION('ref_axis',(0.999999999606348,-2.80030626346213E-5,-1.7697388373511E-6));
#9097=DIRECTION('',(6.93889390390723E-18,4.95382604157542E-11,1.));
#9098=DIRECTION('',(-0.99999999843907,2.80030626042414E-5,4.83496481522057E-5));
#9099=DIRECTION('center_axis',(-2.80030626345774E-5,-0.999999999607914,
4.95382603965253E-11));
#9100=DIRECTION('ref_axis',(0.999999999606348,-2.80030626346213E-5,-1.76973882561049E-6));
#9101=DIRECTION('',(-0.999999999607914,2.80030626345774E-5,-8.32661317034857E-17));
#9102=DIRECTION('center_axis',(-2.80030626345774E-5,-0.999999999607914,
4.95382603965253E-11));
#9103=DIRECTION('ref_axis',(4.83496481346356E-5,-1.3043999652468E-9,0.999999998831156));
#9104=DIRECTION('',(-5.42401838895593E-44,-4.95382604159485E-11,-1.));
#9105=DIRECTION('center_axis',(7.6404205610458E-8,0.866024192856217,-0.500002097383333));
#9106=DIRECTION('ref_axis',(-5.587355505117E-5,-0.500002096599171,-0.866024191506553));
#9107=DIRECTION('',(0.99999999843907,-2.80030626042935E-5,-4.83496481522959E-5));
#9108=DIRECTION('',(-0.99999999843907,2.80030626042414E-5,4.83496481522057E-5));
#9109=DIRECTION('',(-0.99999999843907,2.80030626042414E-5,4.83496481522057E-5));
#9110=DIRECTION('',(-6.0092499924462E-18,-0.500002097383335,-0.866024192856219));
#9111=DIRECTION('center_axis',(-4.2337395312745E-7,0.861517152642311,-0.507728466508336));
#9112=DIRECTION('ref_axis',(-5.58720032397481E-5,-0.507728465736277,-0.861517151285687));
#9113=DIRECTION('center_axis',(-4.2337395312745E-7,0.861517152642311,-0.507728466508336));
#9114=DIRECTION('ref_axis',(7.18383834338047E-7,0.507728466508513,0.861517152642011));
#9115=DIRECTION('',(0.99999999843907,-2.80030626043058E-5,-4.83496481522848E-5));
#9116=DIRECTION('center_axis',(3.46944695195361E-18,-1.,-2.12516309779553E-17));
#9117=DIRECTION('ref_axis',(0.707106781186548,-1.25739029090929E-17,0.707106781186547));
#9118=DIRECTION('center_axis',(2.80030625715136E-5,0.999999999607914,-1.35393853341378E-9));
#9119=DIRECTION('ref_axis',(0.99999999843973,-2.80030626042449E-5,-4.83359918094974E-5));
#9120=DIRECTION('',(-3.46944695195361E-18,1.,2.12516309779553E-17));
#9121=DIRECTION('center_axis',(4.23373953173784E-7,-0.861517152642311,0.507728466508336));
#9122=DIRECTION('ref_axis',(7.18383834232205E-7,0.507728466508513,0.861517152642011));
#9123=DIRECTION('',(-3.46944695195361E-18,1.,2.12516309779553E-17));
#9124=DIRECTION('center_axis',(3.46944695195361E-18,-1.,-2.12516309779553E-17));
#9125=DIRECTION('ref_axis',(-8.32667268468867E-17,-2.12516309779553E-17,
1.));
#9126=DIRECTION('center_axis',(3.46944695195361E-18,-1.,-2.12516309779553E-17));
#9127=DIRECTION('ref_axis',(0.707106781186548,-1.25739029090929E-17,0.707106781186547));
#9128=DIRECTION('center_axis',(2.80030626345809E-5,0.999999999607914,-4.95385904316552E-11));
#9129=DIRECTION('ref_axis',(0.999999999606348,-2.80030626346247E-5,-1.7697388373511E-6));
#9130=DIRECTION('',(-3.46944695195361E-18,1.,2.12516309779553E-17));
#9131=DIRECTION('',(3.46944695195361E-18,-1.,-2.12516309779553E-17));
#9132=DIRECTION('center_axis',(-1.73472347597681E-18,1.,-1.43764573872958E-16));
#9133=DIRECTION('ref_axis',(-1.57409986911105E-49,-1.43764573872958E-16,
-1.));
#9134=DIRECTION('center_axis',(-3.46944695195361E-18,1.,2.12516309779553E-17));
#9135=DIRECTION('ref_axis',(1.,3.46944695195361E-18,8.32667268468867E-17));
#9136=DIRECTION('center_axis',(3.46944695195361E-18,-1.,-2.12516309779553E-17));
#9137=DIRECTION('ref_axis',(0.707106781186548,-1.25739029090929E-17,0.707106781186547));
#9138=DIRECTION('',(-3.46944695195361E-18,1.,2.12516309779553E-17));
#9139=DIRECTION('center_axis',(1.19195623341878E-7,-0.864268503712561,0.503030767936153));
#9140=DIRECTION('ref_axis',(2.04792688061134E-7,0.503030767936168,0.864268503712537));
#9141=DIRECTION('',(-3.46944695195361E-18,1.,2.12516309779553E-17));
#9142=DIRECTION('center_axis',(-1.1919562329601E-7,0.864268503712562,-0.503030767936153));
#9143=DIRECTION('ref_axis',(2.04792687987424E-7,0.503030767936167,0.864268503712537));
#9144=DIRECTION('center_axis',(-8.32667268468867E-17,-2.12516309779553E-17,
1.));
#9145=DIRECTION('ref_axis',(-1.,-3.46944695195361E-18,-8.32667268468867E-17));
#9146=DIRECTION('',(-8.78247870885278E-34,-1.,-2.42861286636752E-17));
#9147=DIRECTION('center_axis',(1.,3.46944695195361E-18,8.32667268468867E-17));
#9148=DIRECTION('ref_axis',(-8.32667268468867E-17,-2.12516309779553E-17,
1.));
#9149=DIRECTION('',(-7.37100479855569E-17,0.503030767936157,0.864268503712567));
#9150=DIRECTION('',(-3.46947707470734E-18,0.999999999999935,3.61762195902651E-7));
#9151=DIRECTION('',(-7.38458162748122E-17,0.500000178020711,0.866025301004109));
#9152=DIRECTION('',(-3.46944706181946E-18,1.,1.31944479998022E-9));
#9153=DIRECTION('',(8.32667268515842E-17,-1.35393853394698E-9,-1.));
#9154=DIRECTION('',(3.46947707470736E-18,-0.999999999999935,-3.61762196232683E-7));
#9155=DIRECTION('',(7.37100479855569E-17,-0.503030767936157,-0.864268503712567));
#9156=DIRECTION('center_axis',(-4.83496380407103E-5,3.61762195809839E-7,
-0.999999998831091));
#9157=DIRECTION('ref_axis',(-2.80030800625766E-5,-0.999999999607849,-3.60408257304208E-7));
#9158=DIRECTION('',(-0.99999999843907,2.80030626042414E-5,4.83496481522057E-5));
#9159=DIRECTION('center_axis',(-1.1919562329601E-7,0.864268503712562,-0.503030767936153));
#9160=DIRECTION('ref_axis',(-5.58734801487207E-5,-0.50303076715672,-0.864268502360161));
#9161=DIRECTION('center_axis',(-4.83496332697561E-5,5.32134650937315E-7,
-0.999999998831015));
#9162=DIRECTION('ref_axis',(-2.80030883000227E-5,-0.999999999607773,-5.30780712299345E-7));
#9163=DIRECTION('center_axis',(-4.83496481346357E-5,1.30439998044228E-9,
-0.999999998831156));
#9164=DIRECTION('ref_axis',(-2.80030626345708E-5,-0.999999999607914,4.95382452007205E-11));
#9165=DIRECTION('',(-9.05109379285597E-27,-1.,-1.30439998196692E-9));
#9166=DIRECTION('center_axis',(-1.,1.09491498962884E-33,0.));
#9167=DIRECTION('ref_axis',(-1.09491498962884E-33,-1.,0.));
#9168=DIRECTION('',(-5.42401805698081E-44,-4.95382573839769E-11,-1.));
#9169=DIRECTION('',(1.09491498962884E-33,1.,2.42861286636752E-17));
#9170=DIRECTION('',(-9.79157378737053E-45,-8.94277079053387E-12,-1.));
#9171=DIRECTION('center_axis',(-8.53384482186839E-17,4.8148248609681E-35,
1.));
#9172=DIRECTION('ref_axis',(1.,-1.09490911215709E-33,8.53384482186839E-17));
#9173=DIRECTION('',(0.707106781186686,0.707106781186409,6.03433954313802E-17));
#9174=DIRECTION('center_axis',(-8.53384482186839E-17,4.8148248609681E-35,
1.));
#9175=DIRECTION('ref_axis',(0.923879532511251,-0.382683432365176,7.88424456455133E-17));
#9176=DIRECTION('',(-8.92406511571502E-16,1.,-7.62047351263706E-32));
#9177=DIRECTION('',(1.,-1.09490911215709E-33,8.53384482186839E-17));
#9178=DIRECTION('',(-1.189875348762E-15,-1.,-1.01493967588405E-31));
#9179=DIRECTION('center_axis',(-8.53384482186839E-17,4.8148248609681E-35,
1.));
#9180=DIRECTION('ref_axis',(-0.923879532511251,-0.382683432365177,-7.88424456455133E-17));
#9181=DIRECTION('',(0.707106781186686,-0.707106781186408,6.03433954313803E-17));
#9182=DIRECTION('',(-1.,-3.4548569488093E-32,-8.53384482186839E-17));
#9183=DIRECTION('center_axis',(0.707106781186686,0.707106781186409,6.03433954313802E-17));
#9184=DIRECTION('ref_axis',(-0.499999999999903,0.500000000000099,0.707106781186546));
#9185=DIRECTION('center_axis',(-8.78247870885278E-34,-1.,-2.42861286636752E-17));
#9186=DIRECTION('ref_axis',(-1.,1.09491498962884E-33,1.57009245868347E-16));
#9187=DIRECTION('center_axis',(0.707106781186685,0.70710678118641,6.28036983473632E-16));
#9188=DIRECTION('ref_axis',(-0.70710678118641,0.707106781186685,-1.41969184349789E-32));
#9189=DIRECTION('',(-0.707106781186686,-0.707106781186409,-6.03433954313802E-17));
#9190=DIRECTION('center_axis',(-0.707106781186686,-0.707106781186409,0.));
#9191=DIRECTION('ref_axis',(0.,0.,1.));
#9192=DIRECTION('center_axis',(6.93889390390723E-18,-2.42861286636752E-17,
1.));
#9193=DIRECTION('ref_axis',(0.707106781186544,0.707106781186551,1.2266347333467E-17));
#9194=DIRECTION('center_axis',(-6.93889390390723E-18,2.42861286636752E-17,
-1.));
#9195=DIRECTION('ref_axis',(8.78247870885277E-34,1.,2.42861286636752E-17));
#9196=DIRECTION('',(6.93889390390723E-18,-2.42861286636752E-17,1.));
#9197=DIRECTION('center_axis',(8.78247870885278E-34,1.,2.42861286636752E-17));
#9198=DIRECTION('ref_axis',(1.,-7.09729000751395E-34,-6.93889390390723E-18));
#9199=DIRECTION('center_axis',(-1.,7.09729000751395E-34,6.93889390390723E-18));
#9200=DIRECTION('ref_axis',(6.93889390390723E-18,-2.42861286636752E-17,
1.));
#9201=DIRECTION('center_axis',(-8.78247870885278E-34,-1.,-2.42861286636752E-17));
#9202=DIRECTION('ref_axis',(0.707106781186549,-1.71728862668537E-17,0.707106781186546));
#9203=DIRECTION('center_axis',(-8.78247870885278E-34,-1.,-2.42861286636752E-17));
#9204=DIRECTION('ref_axis',(0.707106781186548,-1.71728862668537E-17,0.707106781186547));
#9205=DIRECTION('',(-8.78247870885278E-34,-1.,-2.42861286636752E-17));
#9206=DIRECTION('center_axis',(7.65280376108564E-8,0.866025301004107,-0.500000178020709));
#9207=DIRECTION('ref_axis',(-5.58735548817788E-5,-0.500000177236544,-0.866025299654445));
#9208=DIRECTION('',(-0.99999999843907,2.80030626042449E-5,4.83496481522959E-5));
#9209=DIRECTION('',(5.47457689731967E-34,0.50000017802071,0.866025301004109));
#9210=DIRECTION('center_axis',(-4.83496481343046E-5,1.31944513150473E-9,
-0.999999998831156));
#9211=DIRECTION('ref_axis',(-2.80030626353017E-5,-0.999999999607914,3.44930941526522E-11));
#9212=DIRECTION('',(-9.15549049996858E-27,-1.,-1.31944513304696E-9));
#9213=DIRECTION('',(-0.99999999843907,2.80030626042449E-5,4.83496481522959E-5));
#9214=DIRECTION('',(1.09491498962884E-33,1.,1.31944513304696E-9));
#9215=DIRECTION('center_axis',(1.,-7.09729000751395E-34,-6.93889390390723E-18));
#9216=DIRECTION('ref_axis',(6.93889390390723E-18,-2.42861286636752E-17,
1.));
#9217=DIRECTION('',(8.78247870885278E-34,1.,2.42861286636752E-17));
#9218=DIRECTION('',(6.93889390390723E-18,1.35393820087735E-9,1.));
#9219=DIRECTION('center_axis',(1.38777878078144E-17,3.08780778723872E-16,
1.));
#9220=DIRECTION('ref_axis',(-1.,-3.91250286577939E-33,1.38777878078144E-17));
#9221=DIRECTION('',(-8.78247870885278E-34,-1.,-2.42861286636752E-17));
#9222=DIRECTION('center_axis',(-8.78247870885278E-34,-1.,-2.42861286636752E-17));
#9223=DIRECTION('ref_axis',(0.707106781186548,-1.71728862668537E-17,0.707106781186547));
#9224=DIRECTION('center_axis',(-4.23373953170261E-7,0.861517152642311,-0.507728466508336));
#9225=DIRECTION('ref_axis',(7.18383834417522E-7,0.507728466508513,0.861517152642011));
#9226=DIRECTION('',(-8.78247870885278E-34,-1.,-2.42861286636752E-17));
#9227=DIRECTION('',(-8.78247870885278E-34,-1.,-2.42861286636752E-17));
#9228=DIRECTION('',(-8.78247870885278E-34,-1.,-2.42861286636752E-17));
#9229=DIRECTION('center_axis',(-2.80030625715136E-5,-0.999999999607914,
1.35393820034668E-9));
#9230=DIRECTION('ref_axis',(0.99999999843973,-2.80030626042448E-5,-4.83359918267822E-5));
#9231=DIRECTION('center_axis',(-4.23373953170261E-7,0.861517152642311,-0.507728466508336));
#9232=DIRECTION('ref_axis',(-5.58720032398276E-5,-0.507728465736277,-0.861517151285687));
#9233=DIRECTION('',(0.99999999843907,-2.80030626043092E-5,-4.83496481523751E-5));
#9234=DIRECTION('',(5.55919508641294E-34,0.507728466508382,0.861517152642388));
#9235=DIRECTION('',(0.999999999999879,4.91428350402752E-7,-6.93888196901425E-18));
#9236=DIRECTION('center_axis',(-4.83496332698463E-5,5.3213465094035E-7,
-0.999999998831015));
#9237=DIRECTION('ref_axis',(-2.80030883000262E-5,-0.999999999607773,-5.30780712302377E-7));
#9238=DIRECTION('',(-0.99999999843907,2.80030626042449E-5,4.83496481522959E-5));
#9239=DIRECTION('',(1.09491498962869E-33,0.999999999999858,5.32134651562332E-7));
#9240=DIRECTION('center_axis',(7.64042055683597E-8,0.866024192856217,-0.500002097383333));
#9241=DIRECTION('ref_axis',(-5.58735550512499E-5,-0.500002096599171,-0.866024191506553));
#9242=DIRECTION('',(-0.99999999843907,2.80030626042449E-5,4.83496481522959E-5));
#9243=DIRECTION('',(5.47459791270875E-34,0.500002097383335,0.866024192856219));
#9244=DIRECTION('center_axis',(-4.83496481347259E-5,1.30439998347695E-9,
-0.999999998831156));
#9245=DIRECTION('ref_axis',(-2.80030626345743E-5,-0.999999999607914,4.95382421687488E-11));
#9246=DIRECTION('',(-9.05109381392857E-27,-1.,-1.3043999850038E-9));
#9247=DIRECTION('',(-0.99999999843907,2.80030626042449E-5,4.83496481522959E-5));
#9248=DIRECTION('',(1.09491498962884E-33,1.,1.30439998500159E-9));
#9249=DIRECTION('center_axis',(4.64739378436881E-13,2.37169225231204E-14,
-1.));
#9250=DIRECTION('ref_axis',(-1.,1.09491498952451E-33,-4.64739378436881E-13));
#9251=DIRECTION('center_axis',(-4.64739378436881E-13,-2.37169225231204E-14,
1.));
#9252=DIRECTION('ref_axis',(-0.707106781186548,-0.707106781186548,0.));
#9253=DIRECTION('',(-5.25907689124115E-17,-1.,-2.37169225231204E-14));
#9254=DIRECTION('center_axis',(-4.64739378436881E-13,-2.37169225231204E-14,
1.));
#9255=DIRECTION('ref_axis',(-0.923879532511279,0.382683432365108,0.));
#9256=DIRECTION('',(-0.707106781186564,-0.707106781186531,-3.45390762722121E-13));
#9257=DIRECTION('center_axis',(-4.64739378436881E-13,-2.37169225231204E-14,
1.));
#9258=DIRECTION('ref_axis',(-0.38268343236508,0.923879532511291,0.));
#9259=DIRECTION('center_axis',(-4.64739378436881E-13,-2.37169225231204E-14,
1.));
#9260=DIRECTION('ref_axis',(0.707106781186543,0.707106781186552,-4.4604899394425E-17));
#9261=DIRECTION('',(-8.924065115715E-16,1.,2.371692252312E-14));
#9262=DIRECTION('center_axis',(-4.64739378436881E-13,-2.37169225231204E-14,
1.));
#9263=DIRECTION('ref_axis',(0.923879532511249,-0.382683432365182,-5.82791096007904E-17));
#9264=DIRECTION('',(0.707106781186686,0.707106781186409,3.45390762722175E-13));
#9265=DIRECTION('center_axis',(-4.64739378436881E-13,-2.37169225231204E-14,
1.));
#9266=DIRECTION('ref_axis',(0.382683432365004,-0.923879532511322,-2.4139997599671E-17));
#9267=DIRECTION('',(1.,-1.09490911215709E-33,4.64739378436881E-13));
#9268=DIRECTION('center_axis',(4.64739378436881E-13,2.37169225231204E-14,
-1.));
#9269=DIRECTION('ref_axis',(1.,-1.09490911215709E-33,0.));
#9270=DIRECTION('center_axis',(4.64739378436881E-13,2.37169225231204E-14,
-1.));
#9271=DIRECTION('ref_axis',(-1.,1.09491498952451E-33,-4.64739378436881E-13));
#9272=DIRECTION('center_axis',(-4.64739378436881E-13,-2.37169225231204E-14,
1.));
#9273=DIRECTION('ref_axis',(-0.707106781186541,-0.707106781186554,0.));
#9274=DIRECTION('',(1.189875348762E-15,-1.,-2.37169225231198E-14));
#9275=DIRECTION('center_axis',(-4.64739378436881E-13,-2.37169225231204E-14,
1.));
#9276=DIRECTION('ref_axis',(-0.923879532511249,0.382683432365182,0.));
#9277=DIRECTION('',(-0.707106781186687,-0.707106781186409,-3.45390762722175E-13));
#9278=DIRECTION('center_axis',(-4.64739378436881E-13,-2.37169225231204E-14,
1.));
#9279=DIRECTION('ref_axis',(-0.382683432365003,0.923879532511323,0.));
#9280=DIRECTION('center_axis',(4.64739378436881E-13,2.37169225231204E-14,
-1.));
#9281=DIRECTION('ref_axis',(0.866025403784389,-0.500000000000086,0.));
#9282=DIRECTION('',(-1.,1.09490911215709E-33,-4.64739378436881E-13));
#9283=DIRECTION('center_axis',(4.64739378436881E-13,2.37169225231204E-14,
-1.));
#9284=DIRECTION('ref_axis',(-0.86602540378454,-0.499999999999824,0.));
#9285=DIRECTION('center_axis',(-4.64739378436881E-13,-2.37169225231204E-14,
1.));
#9286=DIRECTION('ref_axis',(0.707106781186541,0.707106781186554,0.));
#9287=DIRECTION('',(1.09490911215709E-33,1.,2.37169225231204E-14));
#9288=DIRECTION('center_axis',(-4.64739378436881E-13,-2.37169225231204E-14,
1.));
#9289=DIRECTION('ref_axis',(0.923879532511279,-0.382683432365108,0.));
#9290=DIRECTION('',(0.707106781186564,0.707106781186531,3.45390762722121E-13));
#9291=DIRECTION('center_axis',(-4.64739378436881E-13,-2.37169225231204E-14,
1.));
#9292=DIRECTION('ref_axis',(0.382683432365083,-0.92387953251129,0.));
#9293=DIRECTION('center_axis',(4.64739378436881E-13,2.37169225231204E-14,
-1.));
#9294=DIRECTION('ref_axis',(1.,-1.09490911215709E-33,0.));
#9295=DIRECTION('center_axis',(4.64739378436881E-13,2.37169225231204E-14,
-1.));
#9296=DIRECTION('ref_axis',(-1.,1.09491498952451E-33,-4.64739378436881E-13));
#9297=DIRECTION('center_axis',(-4.64739378436881E-13,-2.37169225231204E-14,
1.));
#9298=DIRECTION('ref_axis',(0.707106781186543,-0.707106781186552,-4.4604899394425E-17));
#9299=DIRECTION('center_axis',(-4.64739378436881E-13,-2.37169225231204E-14,
1.));
#9300=DIRECTION('ref_axis',(-0.38268343236508,-0.923879532511291,0.));
#9301=DIRECTION('',(0.707106781186564,-0.707106781186531,3.11849969232173E-13));
#9302=DIRECTION('center_axis',(-4.64739378436881E-13,-2.37169225231204E-14,
1.));
#9303=DIRECTION('ref_axis',(-0.923879532511286,-0.382683432365093,0.));
#9304=DIRECTION('',(-5.25907689124115E-17,-1.,-2.37169225231204E-14));
#9305=DIRECTION('',(-1.,1.09490911215709E-33,-4.64739378436881E-13));
#9306=DIRECTION('center_axis',(-4.64739378436881E-13,-2.37169225231204E-14,
1.));
#9307=DIRECTION('ref_axis',(0.382683432365103,0.923879532511281,-2.41399975996773E-17));
#9308=DIRECTION('',(-0.707106781186528,0.707106781186567,-3.11849969232156E-13));
#9309=DIRECTION('center_axis',(-4.64739378436881E-13,-2.37169225231204E-14,
1.));
#9310=DIRECTION('ref_axis',(0.923879532511295,0.382683432365069,-5.82791096007934E-17));
#9311=DIRECTION('',(-1.41708279410786E-15,1.,2.37169225231197E-14));
#9312=DIRECTION('center_axis',(4.64739378436881E-13,2.37169225231204E-14,
-1.));
#9313=DIRECTION('ref_axis',(1.,-1.09490911215709E-33,0.));
#9314=DIRECTION('center_axis',(4.64739378436881E-13,2.37169225231204E-14,
-1.));
#9315=DIRECTION('ref_axis',(-1.,1.09491498952451E-33,-4.64739378436881E-13));
#9316=DIRECTION('',(1.,-1.09490911215709E-33,4.64739378436881E-13));
#9317=DIRECTION('center_axis',(4.64739378436881E-13,2.37169225231204E-14,
-1.));
#9318=DIRECTION('ref_axis',(0.86602540378439,0.500000000000085,0.));
#9319=DIRECTION('center_axis',(-4.64739378436881E-13,-2.37169225231204E-14,
1.));
#9320=DIRECTION('ref_axis',(-0.382683432364994,-0.923879532511326,0.));
#9321=DIRECTION('',(0.707106781186687,-0.707106781186409,3.11849969232233E-13));
#9322=DIRECTION('center_axis',(-4.64739378436881E-13,-2.37169225231204E-14,
1.));
#9323=DIRECTION('ref_axis',(-0.923879532511249,-0.382683432365182,0.));
#9324=DIRECTION('',(-1.189875348762E-15,-1.,-2.3716922523121E-14));
#9325=DIRECTION('center_axis',(-4.64739378436881E-13,-2.37169225231204E-14,
1.));
#9326=DIRECTION('ref_axis',(-0.707106781186541,0.707106781186554,0.));
#9327=DIRECTION('center_axis',(-4.64739378436881E-13,-2.37169225231204E-14,
1.));
#9328=DIRECTION('ref_axis',(0.382683432365083,0.92387953251129,0.));
#9329=DIRECTION('',(-0.707106781186564,0.707106781186531,-3.11849969232173E-13));
#9330=DIRECTION('center_axis',(-4.64739378436881E-13,-2.37169225231204E-14,
1.));
#9331=DIRECTION('ref_axis',(0.92387953251128,0.382683432365107,0.));
#9332=DIRECTION('',(1.09490911215709E-33,1.,2.37169225231204E-14));
#9333=DIRECTION('center_axis',(-4.64739378436881E-13,-2.37169225231204E-14,
1.));
#9334=DIRECTION('ref_axis',(0.707106781186541,-0.707106781186554,0.));
#9335=DIRECTION('center_axis',(4.64739378436881E-13,2.37169225231204E-14,
-1.));
#9336=DIRECTION('ref_axis',(-0.86602540378454,0.499999999999824,0.));
#9337=DIRECTION('center_axis',(4.64739378436881E-13,2.37169225231204E-14,
-1.));
#9338=DIRECTION('ref_axis',(1.,-1.09490911215709E-33,0.));
#9339=DIRECTION('center_axis',(-1.,-8.92406511571502E-16,6.30808536718837E-17));
#9340=DIRECTION('ref_axis',(-8.92406511571502E-16,1.,-4.81482486096762E-35));
#9341=DIRECTION('',(6.30808536718837E-17,-6.90678014879935E-50,1.));
#9342=DIRECTION('',(8.92406511571502E-16,-1.,7.62047351263706E-32));
#9343=DIRECTION('',(-6.30808536718837E-17,-1.0930691336247E-47,-1.));
#9344=DIRECTION('center_axis',(6.30808536718837E-17,-6.90678014879935E-50,
1.));
#9345=DIRECTION('ref_axis',(0.707106781186543,0.707106781186552,-4.4604899394425E-17));
#9346=DIRECTION('center_axis',(0.,0.,1.));
#9347=DIRECTION('ref_axis',(1.,-1.09491498962884E-33,0.));
#9348=DIRECTION('center_axis',(0.,0.,1.));
#9349=DIRECTION('ref_axis',(-0.38268343236508,0.923879532511291,0.));
#9350=DIRECTION('',(0.,0.,-1.));
#9351=DIRECTION('center_axis',(8.53384482186839E-17,-4.8148248609681E-35,
-1.));
#9352=DIRECTION('ref_axis',(-0.38268343236508,0.923879532511291,-3.26576102770356E-17));
#9353=DIRECTION('center_axis',(0.707106781186531,-0.707106781186564,0.));
#9354=DIRECTION('ref_axis',(0.707106781186564,0.707106781186531,-1.43602577445286E-17));
#9355=DIRECTION('',(4.61852778244065E-13,2.368475785867E-14,-1.));
#9356=DIRECTION('',(0.707106781186564,0.707106781186531,6.03433954313698E-17));
#9357=DIRECTION('center_axis',(0.,0.,1.));
#9358=DIRECTION('ref_axis',(-0.923879532511279,0.382683432365108,0.));
#9359=DIRECTION('',(4.61852778244065E-13,2.368475785867E-14,-1.));
#9360=DIRECTION('center_axis',(-0.743294146247238,8.46053382638738E-34,
0.66896473162237));
#9361=DIRECTION('ref_axis',(-0.66896473162237,-9.2837505963668E-17,-0.743294146247238));
#9362=DIRECTION('center_axis',(8.53384482186839E-17,-4.8148248609681E-35,
-1.));
#9363=DIRECTION('ref_axis',(-0.923879532511279,0.382683432365108,-7.88424456455157E-17));
#9364=DIRECTION('center_axis',(-0.707106781186531,0.707106781186564,0.));
#9365=DIRECTION('ref_axis',(-0.707106781186564,-0.707106781186531,-1.43602577445286E-17));
#9366=DIRECTION('',(4.61852778244065E-13,2.368475785867E-14,-1.));
#9367=DIRECTION('',(-0.707106781186564,-0.707106781186531,-6.03433954313698E-17));
#9368=DIRECTION('',(4.61852778244065E-13,2.368475785867E-14,-1.));
#9369=DIRECTION('center_axis',(0.,0.,1.));
#9370=DIRECTION('ref_axis',(0.923879532511279,-0.382683432365108,0.));
#9371=DIRECTION('',(4.61852778244065E-13,2.368475785867E-14,-1.));
#9372=DIRECTION('center_axis',(8.53384482186839E-17,-4.8148248609681E-35,
-1.));
#9373=DIRECTION('ref_axis',(0.923879532511279,-0.382683432365108,7.88424456455157E-17));
#9374=DIRECTION('center_axis',(0.,0.,1.));
#9375=DIRECTION('ref_axis',(0.707106781186541,0.707106781186554,0.));
#9376=DIRECTION('',(0.,0.,-1.));
#9377=DIRECTION('center_axis',(0.,0.,-1.));
#9378=DIRECTION('ref_axis',(1.09491498962884E-33,1.,0.));
#9379=DIRECTION('',(0.,0.,1.));
#9380=DIRECTION('center_axis',(0.,0.,-1.));
#9381=DIRECTION('ref_axis',(-0.86602540378454,-0.499999999999824,0.));
#9382=DIRECTION('',(0.,0.,1.));
#9383=DIRECTION('center_axis',(0.,0.,-1.));
#9384=DIRECTION('ref_axis',(-0.86602540378454,-0.499999999999824,0.));
#9385=DIRECTION('',(0.,0.,1.));
#9386=DIRECTION('center_axis',(0.,0.,-1.));
#9387=DIRECTION('ref_axis',(-0.50000000000036,-0.866025403784231,0.));
#9388=DIRECTION('center_axis',(-1.09490911215709E-33,-1.,0.));
#9389=DIRECTION('ref_axis',(-1.,1.09490911215709E-33,-3.00926553810506E-36));
#9390=DIRECTION('',(0.,0.,-1.));
#9391=DIRECTION('',(-1.,1.09490911215709E-33,0.));
#9392=DIRECTION('center_axis',(0.,0.,1.));
#9393=DIRECTION('ref_axis',(0.866025403784389,-0.500000000000086,0.));
#9394=DIRECTION('',(4.61852778244065E-13,2.368475785867E-14,-1.));
#9395=DIRECTION('center_axis',(0.,0.,1.));
#9396=DIRECTION('ref_axis',(0.49999999999982,-0.866025403784543,0.));
#9397=DIRECTION('',(0.,0.,-1.));
#9398=DIRECTION('center_axis',(0.,0.,-1.));
#9399=DIRECTION('ref_axis',(0.866025403784389,-0.500000000000086,0.));
#9400=DIRECTION('center_axis',(6.30808536718837E-17,-6.90681722439292E-50,
1.));
#9401=DIRECTION('ref_axis',(0.923879532511295,0.382683432365069,-5.82791096007934E-17));
#9402=DIRECTION('',(-6.30808536718837E-17,6.90681722439292E-50,-1.));
#9403=DIRECTION('center_axis',(0.,0.,-1.));
#9404=DIRECTION('ref_axis',(1.,-1.09491498962884E-33,0.));
#9405=DIRECTION('',(6.30808536718837E-17,-6.90681722439292E-50,1.));
#9406=DIRECTION('center_axis',(-0.707106781186567,-0.707106781186528,4.46048993944265E-17));
#9407=DIRECTION('ref_axis',(-0.707106781186528,0.707106781186567,-1.55552026621971E-33));
#9408=DIRECTION('',(6.30808536718837E-17,-6.90681722439292E-50,1.));
#9409=DIRECTION('',(0.707106781186528,-0.707106781186567,6.03433954313668E-17));
#9410=DIRECTION('center_axis',(6.30808536718837E-17,-6.90681722439292E-50,
1.));
#9411=DIRECTION('ref_axis',(0.382683432365103,0.923879532511281,-2.41399975996773E-17));
#9412=DIRECTION('',(-6.30808536718837E-17,6.90681722439292E-50,-1.));
#9413=DIRECTION('center_axis',(0.,0.,-1.));
#9414=DIRECTION('ref_axis',(0.707106781186566,0.707106781186529,0.));
#9415=DIRECTION('center_axis',(-1.09490911215709E-33,-1.,-3.70755935681749E-55));
#9416=DIRECTION('ref_axis',(-1.,1.09490911215709E-33,-3.00926553810506E-36));
#9417=DIRECTION('',(4.61852778244065E-13,2.368475785867E-14,-1.));
#9418=DIRECTION('',(1.,-1.09490911215709E-33,8.53384482186839E-17));
#9419=DIRECTION('center_axis',(1.,-5.25907689124115E-17,0.));
#9420=DIRECTION('ref_axis',(5.25907689124115E-17,1.,-4.81482486096809E-35));
#9421=DIRECTION('',(0.,0.,1.));
#9422=DIRECTION('',(-1.09491498962884E-33,-1.,4.81482486096809E-35));
#9423=DIRECTION('',(0.,0.,1.));
#9424=DIRECTION('',(-1.62390185784616E-32,-3.08780778723872E-16,-1.));
#9425=DIRECTION('center_axis',(1.,-5.25907689124115E-17,0.));
#9426=DIRECTION('ref_axis',(-7.74221813989355E-34,-0.707106781186548,0.707106781186548));
#9427=DIRECTION('center_axis',(0.,0.,1.));
#9428=DIRECTION('ref_axis',(0.382683432365083,0.92387953251129,0.));
#9429=DIRECTION('center_axis',(8.53384482186839E-17,-4.8148248609681E-35,
-1.));
#9430=DIRECTION('ref_axis',(0.382683432365083,0.92387953251129,3.26576102770358E-17));
#9431=DIRECTION('',(4.61852778244065E-13,2.368475785867E-14,-1.));
#9432=DIRECTION('center_axis',(0.,0.,1.));
#9433=DIRECTION('ref_axis',(-0.707106781186541,0.707106781186554,0.));
#9434=DIRECTION('',(0.,0.,-1.));
#9435=DIRECTION('center_axis',(0.,0.,-1.));
#9436=DIRECTION('ref_axis',(-1.,1.09491498962884E-33,0.));
#9437=DIRECTION('center_axis',(-1.,1.09490911215709E-33,0.));
#9438=DIRECTION('ref_axis',(-1.09490911215709E-33,-1.,4.81482486096809E-35));
#9439=DIRECTION('center_axis',(-1.,1.09490911215709E-33,0.));
#9440=DIRECTION('ref_axis',(-7.74217657989224E-34,-0.70710678118655,0.707106781186545));
#9441=DIRECTION('',(1.09490911215709E-33,1.,-4.81482486096809E-35));
#9442=DIRECTION('center_axis',(-1.,1.09490911215709E-33,0.));
#9443=DIRECTION('ref_axis',(7.74217657989224E-34,0.70710678118655,0.707106781186545));
#9444=DIRECTION('',(4.61852778244065E-13,2.368475785867E-14,-1.));
#9445=DIRECTION('',(4.61852778244065E-13,2.368475785867E-14,-1.));
#9446=DIRECTION('',(-1.09490911215709E-33,-1.,4.81482486096809E-35));
#9447=DIRECTION('center_axis',(1.,-1.189875348762E-15,0.));
#9448=DIRECTION('ref_axis',(-1.189875348762E-15,-1.,4.81482486096809E-35));
#9449=DIRECTION('',(0.,0.,1.));
#9450=DIRECTION('',(1.189875348762E-15,1.,1.01493967588405E-31));
#9451=DIRECTION('center_axis',(0.,0.,1.));
#9452=DIRECTION('ref_axis',(-0.923879532511249,-0.382683432365182,0.));
#9453=DIRECTION('',(4.61852778244065E-13,2.368475785867E-14,-1.));
#9454=DIRECTION('center_axis',(0.,0.,-1.));
#9455=DIRECTION('ref_axis',(-1.,1.09491498962884E-33,0.));
#9456=DIRECTION('center_axis',(0.707106781186409,0.707106781186687,0.));
#9457=DIRECTION('ref_axis',(0.707106781186687,-0.707106781186409,3.61738251625399E-35));
#9458=DIRECTION('',(0.,0.,1.));
#9459=DIRECTION('',(-0.707106781186686,0.707106781186408,-6.03433954313803E-17));
#9460=DIRECTION('center_axis',(0.,0.,1.));
#9461=DIRECTION('ref_axis',(-0.382683432364994,-0.923879532511326,0.));
#9462=DIRECTION('',(0.,0.,-1.));
#9463=DIRECTION('center_axis',(0.,0.,-1.));
#9464=DIRECTION('ref_axis',(-0.707106781186407,-0.707106781186689,0.));
#9465=DIRECTION('center_axis',(0.,0.,-1.));
#9466=DIRECTION('ref_axis',(-1.,1.09491498962884E-33,0.));
#9467=DIRECTION('',(-1.09491498962884E-33,-1.,0.));
#9468=DIRECTION('',(1.,1.66030579129757E-11,0.));
#9469=DIRECTION('',(-1.66030579119301E-11,1.,0.));
#9470=DIRECTION('',(-1.,-1.66030579129757E-11,0.));
#9471=DIRECTION('center_axis',(1.66030579124529E-11,-0.999999999968512,
7.93575061623166E-6));
#9472=DIRECTION('ref_axis',(1.,1.66030579136915E-11,9.02056207508444E-17));
#9473=DIRECTION('',(-1.,-1.66030579118907E-11,1.36720586734897E-16));
#9474=DIRECTION('',(8.68897230366839E-39,7.93575061623166E-6,0.999999999968512));
#9475=DIRECTION('',(8.68897230366839E-39,7.93575061623166E-6,0.999999999968512));
#9476=DIRECTION('center_axis',(1.,1.66030579119301E-11,-1.31757727060078E-16));
#9477=DIRECTION('ref_axis',(-1.66030579124529E-11,0.999999999968512,-7.93575061719914E-6));
#9478=DIRECTION('',(1.66030579119301E-11,-1.,2.18809768674476E-14));
#9479=DIRECTION('center_axis',(1.,1.66030579119301E-11,-1.31757727060078E-16));
#9480=DIRECTION('ref_axis',(7.7422181398937E-34,0.707106781186561,0.707106781186534));
#9481=DIRECTION('',(1.66030579124529E-11,-0.999999999968512,7.93575061719914E-6));
#9482=DIRECTION('',(8.68897230366839E-39,7.93575061623166E-6,0.999999999968512));
#9483=DIRECTION('center_axis',(-1.,-1.66030579119301E-11,1.31757727060078E-16));
#9484=DIRECTION('ref_axis',(1.66030579124529E-11,-0.999999999968512,7.93575061719914E-6));
#9485=DIRECTION('',(-1.66030579119301E-11,1.,-2.18809768674476E-14));
#9486=DIRECTION('',(8.68897230366839E-39,7.93575061623166E-6,0.999999999968512));
#9487=DIRECTION('',(-1.66030579124529E-11,0.999999999968512,-7.93575061719914E-6));
#9488=DIRECTION('center_axis',(-1.,-1.66030579119301E-11,1.31757727060078E-16));
#9489=DIRECTION('ref_axis',(7.7422181398937E-34,0.707106781186561,0.707106781186534));
#9490=DIRECTION('center_axis',(-1.66030579124529E-11,0.999999999968512,
-7.93575061623166E-6));
#9491=DIRECTION('ref_axis',(-1.,-1.66030579136915E-11,-9.02056207508444E-17));
#9492=DIRECTION('',(1.,1.66030579136915E-11,9.02056207508444E-17));
#9493=DIRECTION('center_axis',(-2.21963347833974E-16,7.93575061719914E-6,
0.999999999968512));
#9494=DIRECTION('ref_axis',(-1.,-1.66030579136915E-11,-9.02056207508444E-17));
#9495=DIRECTION('',(1.,-1.09491498962884E-33,-1.36720586371606E-16));
#9496=DIRECTION('center_axis',(-1.,1.09491498962884E-33,1.36720586371606E-16));
#9497=DIRECTION('ref_axis',(7.7422181398937E-34,0.707106781186561,0.707106781186534));
#9498=DIRECTION('',(1.,-1.09491498962884E-33,-1.36720586371606E-16));
#9499=DIRECTION('center_axis',(-1.,1.97758476261356E-16,1.31757747811842E-16));
#9500=DIRECTION('ref_axis',(7.7422181398937E-34,0.707106781186561,0.707106781186534));
#9501=DIRECTION('',(-1.,1.09491498962884E-33,1.36720586371606E-16));
#9502=DIRECTION('center_axis',(1.,-1.09491498962884E-33,0.));
#9503=DIRECTION('ref_axis',(1.09491498962884E-33,1.,-2.22044604925031E-14));
#9504=DIRECTION('',(1.,-1.09491498962884E-33,-1.36720586371606E-16));
#9505=DIRECTION('center_axis',(0.,0.,-1.));
#9506=DIRECTION('ref_axis',(-1.,1.09491498962884E-33,0.));
#9507=DIRECTION('',(1.09491498962884E-33,1.,0.));
#9508=DIRECTION('',(1.,1.66030579129757E-11,0.));
#9509=DIRECTION('',(-1.66030579119301E-11,1.,0.));
#9510=DIRECTION('',(-1.,-1.66030579129757E-11,0.));
#9511=DIRECTION('center_axis',(1.66030579124529E-11,-0.999999999968512,
7.93575061623166E-6));
#9512=DIRECTION('ref_axis',(1.,1.66030579136915E-11,9.02056207508444E-17));
#9513=DIRECTION('',(8.68897230366839E-39,7.93575061623166E-6,0.999999999968512));
#9514=DIRECTION('',(-1.,-1.66030579136915E-11,-9.02056207508444E-17));
#9515=DIRECTION('',(8.68897230366839E-39,7.93575061623166E-6,0.999999999968512));
#9516=DIRECTION('center_axis',(-1.,-1.66030579119301E-11,1.31757727060078E-16));
#9517=DIRECTION('ref_axis',(1.66030579124529E-11,-0.999999999968512,7.93575061719914E-6));
#9518=DIRECTION('',(8.68897230366839E-39,7.93575061623166E-6,0.999999999968512));
#9519=DIRECTION('',(-1.66030579124529E-11,0.999999999968512,-7.93574191554666E-6));
#9520=DIRECTION('',(-1.66030579124529E-11,0.999999999968512,-7.93575061719914E-6));
#9521=DIRECTION('center_axis',(-1.66030579124529E-11,0.999999999968512,
-7.93575061623166E-6));
#9522=DIRECTION('ref_axis',(-1.,-1.66030579136915E-11,-9.02056207508444E-17));
#9523=DIRECTION('',(8.68897230366839E-39,7.93575061623166E-6,0.999999999968512));
#9524=DIRECTION('',(1.,1.66030579108451E-11,-2.68478168965097E-16));
#9525=DIRECTION('center_axis',(1.,1.66030579119301E-11,-1.31757727060078E-16));
#9526=DIRECTION('ref_axis',(-1.66030579124529E-11,0.999999999968512,-7.93575061719914E-6));
#9527=DIRECTION('',(1.66030579124529E-11,-0.999999999968512,7.93575061719914E-6));
#9528=DIRECTION('',(1.66030579124529E-11,-0.999999999968512,7.93574191554666E-6));
#9529=DIRECTION('center_axis',(-2.21963347833974E-16,7.93575061719914E-6,
0.999999999968512));
#9530=DIRECTION('ref_axis',(-1.,-1.66030579136915E-11,-9.02056207508444E-17));
#9531=DIRECTION('',(-1.,1.09490743758275E-33,1.36720586371606E-16));
#9532=DIRECTION('center_axis',(0.,0.,-1.));
#9533=DIRECTION('ref_axis',(-1.,1.09491498962884E-33,0.));
#9534=DIRECTION('',(-1.09491498962884E-33,-1.,0.));
#9535=DIRECTION('',(1.,1.66030579129757E-11,0.));
#9536=DIRECTION('',(-1.66030579119301E-11,1.,0.));
#9537=DIRECTION('',(-1.,-1.66030579129757E-11,0.));
#9538=DIRECTION('center_axis',(-1.,-1.66030579119301E-11,1.31757727060078E-16));
#9539=DIRECTION('ref_axis',(1.66030579124529E-11,-0.999999999968512,7.93575061719914E-6));
#9540=DIRECTION('',(-1.66030579119301E-11,1.,-2.18809768674476E-14));
#9541=DIRECTION('',(8.68897230366839E-39,7.93575061623166E-6,0.999999999968512));
#9542=DIRECTION('',(8.68897230366839E-39,7.93575061623166E-6,0.999999999968512));
#9543=DIRECTION('center_axis',(1.66030579124529E-11,-0.999999999968512,
7.93575061623166E-6));
#9544=DIRECTION('ref_axis',(1.,1.66030579136915E-11,9.02056207508444E-17));
#9545=DIRECTION('',(-1.,-1.66030579118907E-11,1.36720586734897E-16));
#9546=DIRECTION('',(8.68897230366839E-39,7.93575061623166E-6,0.999999999968512));
#9547=DIRECTION('center_axis',(-1.66030579124529E-11,0.999999999968512,
-7.93575061623166E-6));
#9548=DIRECTION('ref_axis',(-1.,-1.66030579136915E-11,-9.02056207508444E-17));
#9549=DIRECTION('',(1.,1.66030579118907E-11,-1.36720586734897E-16));
#9550=DIRECTION('',(8.68897230366839E-39,7.93575061623166E-6,0.999999999968512));
#9551=DIRECTION('center_axis',(1.,1.66030579119301E-11,-1.31757727060078E-16));
#9552=DIRECTION('ref_axis',(-1.66030579124529E-11,0.999999999968512,-7.93575061719914E-6));
#9553=DIRECTION('',(1.66030579119301E-11,-1.,2.18809768674476E-14));
#9554=DIRECTION('center_axis',(0.,0.,-1.));
#9555=DIRECTION('ref_axis',(-1.,1.09491498962884E-33,0.));
#9556=DIRECTION('',(1.09491498962884E-33,1.,0.));
#9557=DIRECTION('',(1.,1.66030579129757E-11,0.));
#9558=DIRECTION('',(-1.66030579119301E-11,1.,0.));
#9559=DIRECTION('',(-1.,-1.66030579129757E-11,0.));
#9560=DIRECTION('center_axis',(1.66030579124529E-11,-0.999999999968512,
7.93575061623166E-6));
#9561=DIRECTION('ref_axis',(1.,1.66030579136915E-11,9.02056207508444E-17));
#9562=DIRECTION('',(8.68897230366839E-39,7.93575061623166E-6,0.999999999968512));
#9563=DIRECTION('',(-1.,-1.66030579108451E-11,2.68478168965097E-16));
#9564=DIRECTION('',(8.68897230366839E-39,7.93575061623166E-6,0.999999999968512));
#9565=DIRECTION('center_axis',(-1.,-1.66030579119301E-11,1.31757727060078E-16));
#9566=DIRECTION('ref_axis',(1.66030579124529E-11,-0.999999999968512,7.93575061719914E-6));
#9567=DIRECTION('',(8.68897230366839E-39,7.93575061623166E-6,0.999999999968512));
#9568=DIRECTION('',(-1.66030579124529E-11,0.999999999968512,-7.93574191554666E-6));
#9569=DIRECTION('center_axis',(-1.66030579124529E-11,0.999999999968512,
-7.93575061623166E-6));
#9570=DIRECTION('ref_axis',(-1.,-1.66030579136915E-11,-9.02056207508444E-17));
#9571=DIRECTION('',(8.68897230366839E-39,7.93575061623166E-6,0.999999999968512));
#9572=DIRECTION('',(1.,1.66030579108451E-11,-2.68478168965097E-16));
#9573=DIRECTION('center_axis',(1.,1.66030579119301E-11,-1.31757727060078E-16));
#9574=DIRECTION('ref_axis',(-1.66030579124529E-11,0.999999999968512,-7.93575061719914E-6));
#9575=DIRECTION('',(1.66030579124529E-11,-0.999999999968512,7.93574191554666E-6));
#9576=DIRECTION('center_axis',(-1.,1.09510306872498E-33,1.36720586371606E-16));
#9577=DIRECTION('ref_axis',(-7.74215669940481E-34,-0.707101169747365,0.707112392581199));
#9578=DIRECTION('center_axis',(-1.,1.97758476261356E-16,1.31757747811842E-16));
#9579=DIRECTION('ref_axis',(-7.74215669940481E-34,-0.707101169747365,0.707112392581199));
#9580=DIRECTION('',(-1.,1.09490743758275E-33,1.36720586371606E-16));
#9581=DIRECTION('',(-1.,1.09490743758275E-33,1.36720586371606E-16));
#9582=DIRECTION('center_axis',(1.,-1.09491498962884E-33,0.));
#9583=DIRECTION('ref_axis',(8.68896276894914E-39,7.93574190804944E-6,0.999999999968512));
#9584=DIRECTION('',(1.,-1.09510306872498E-33,-1.36720586371606E-16));
#9585=DIRECTION('center_axis',(-1.09491498959437E-33,-0.999999999968512,
7.93574191554666E-6));
#9586=DIRECTION('ref_axis',(-0.707106781186476,5.61141693262952E-6,0.707106781164353));
#9587=DIRECTION('center_axis',(2.20261084594999E-20,0.999999999968512,-7.93574190804951E-6));
#9588=DIRECTION('ref_axis',(-1.,1.09491498962884E-33,-2.77555756156295E-15));
#9589=DIRECTION('',(1.09491498959437E-33,0.999999999968512,-7.93574191554666E-6));
#9590=DIRECTION('center_axis',(7.74224885995509E-34,0.707109586889441,0.707103975472522));
#9591=DIRECTION('ref_axis',(-7.74218741971011E-34,-0.707103975472522,0.707109586889441));
#9592=DIRECTION('',(-1.09491498959437E-33,-0.999999999968512,7.93574191554666E-6));
#9593=DIRECTION('center_axis',(0.408243430843946,-0.816499820674345,-0.408246670545551));
#9594=DIRECTION('ref_axis',(-0.577350269189621,-0.577345687468716,0.577354850874181));
#9595=DIRECTION('center_axis',(8.68896277585411E-39,7.93574191435583E-6,
0.999999999968512));
#9596=DIRECTION('ref_axis',(-0.707106781186462,-0.707106781164368,5.61141692556628E-6));
#9597=DIRECTION('center_axis',(1.08497928782337E-21,-0.999999999968512,
7.93574191435583E-6));
#9598=DIRECTION('ref_axis',(1.31759317167923E-16,7.93574191435583E-6,0.999999999968512));
#9599=DIRECTION('',(8.68896277585411E-39,7.93574191435583E-6,0.999999999968512));
#9600=DIRECTION('',(-1.,1.09491498962884E-33,1.36720586371606E-16));
#9601=DIRECTION('',(1.31759317167923E-16,7.93574191435583E-6,0.999999999968512));
#9602=DIRECTION('center_axis',(-8.68896277585411E-39,-7.93574191435583E-6,
-0.999999999968512));
#9603=DIRECTION('ref_axis',(-0.707106781186484,-0.707106781164346,5.61141691692866E-6));
#9604=DIRECTION('',(-8.68896277585411E-39,-7.93574191435583E-6,-0.999999999968512));
#9605=DIRECTION('center_axis',(8.68896277806614E-39,7.93574191637612E-6,
0.999999999968512));
#9606=DIRECTION('ref_axis',(-1.,1.09491498962884E-33,0.));
#9607=DIRECTION('center_axis',(-1.,1.09491498962884E-33,0.));
#9608=DIRECTION('ref_axis',(-1.09491498962884E-33,-1.,0.));
#9609=DIRECTION('',(3.32390578923916E-51,3.03576608295946E-18,-1.));
#9610=DIRECTION('',(0.,0.,-1.));
#9611=DIRECTION('',(-1.09491498962884E-33,-1.,0.));
#9612=DIRECTION('',(0.,0.,1.));
#9613=DIRECTION('',(-3.52821251590549E-48,-3.22236205488564E-15,1.));
#9614=DIRECTION('',(-1.09491498962884E-33,-1.,2.18809768674499E-14));
#9615=DIRECTION('',(2.39815346720049E-47,2.19026453187331E-14,1.));
#9616=DIRECTION('center_axis',(1.,-1.09491498962884E-33,0.));
#9617=DIRECTION('ref_axis',(1.0115695487579E-33,0.923879532511287,-0.382683432365088));
#9618=DIRECTION('',(7.74221813989348E-34,0.707106781186542,0.707106781186553));
#9619=DIRECTION('center_axis',(1.,-1.09491498962884E-33,0.));
#9620=DIRECTION('ref_axis',(4.19005826379156E-34,0.382683432365093,-0.923879532511286));
#9621=DIRECTION('',(1.09491498962884E-33,1.,-6.87088065938174E-16));
#9622=DIRECTION('center_axis',(1.,-1.09491498962884E-33,0.));
#9623=DIRECTION('ref_axis',(-4.19005826379157E-34,-0.382683432365093,-0.923879532511285));
#9624=DIRECTION('',(7.74221813989353E-34,0.707106781186546,-0.707106781186549));
#9625=DIRECTION('center_axis',(1.,-1.09491498962884E-33,0.));
#9626=DIRECTION('ref_axis',(-1.01157121131098E-33,-0.92388105094249,-0.382679766527316));
#9627=DIRECTION('center_axis',(-1.09491498962884E-33,-1.,2.18809768674499E-14));
#9628=DIRECTION('ref_axis',(-0.707106781186479,7.74221813989279E-34,0.707106781186616));
#9629=DIRECTION('center_axis',(-1.09491498962884E-33,-1.,2.22044604925032E-14));
#9630=DIRECTION('ref_axis',(2.43119966298633E-47,2.22044604925032E-14,1.));
#9631=DIRECTION('center_axis',(-7.74221813989344E-34,-0.707106781186538,
0.707106781186557));
#9632=DIRECTION('ref_axis',(-6.13317366673354E-17,0.707106781186557,0.707106781186538));
#9633=DIRECTION('',(1.09491498962884E-33,1.,-2.18809768674499E-14));
#9634=DIRECTION('center_axis',(-0.81649658092773,-0.408248290463865,-0.408248290463852));
#9635=DIRECTION('ref_axis',(-0.577350269189615,0.577350269189651,0.577350269189611));
#9636=DIRECTION('center_axis',(2.39815346720049E-47,2.19026453187331E-14,
1.));
#9637=DIRECTION('ref_axis',(-0.707106781186459,0.707106781186636,-1.66533453693778E-14));
#9638=DIRECTION('center_axis',(2.39815346720049E-47,2.19026453187331E-14,
1.));
#9639=DIRECTION('ref_axis',(-0.707106781186469,0.707106781186626,-1.57009245868391E-14));
#9640=DIRECTION('',(-2.39815346720049E-47,-2.19026453187331E-14,-1.));
#9641=DIRECTION('center_axis',(-1.82339974723974E-47,-1.66533453693773E-14,
-1.));
#9642=DIRECTION('ref_axis',(-1.,1.09491498962884E-33,0.));
#9643=DIRECTION('center_axis',(-2.99344759607688E-30,1.,-2.19026453187331E-14));
#9644=DIRECTION('ref_axis',(-1.31757747811847E-16,-2.19026453187331E-14,
-1.));
#9645=DIRECTION('',(-1.31757747811847E-16,-2.19026453187331E-14,-1.));
#9646=DIRECTION('',(-1.,1.09491498962884E-33,1.36720586371606E-16));
#9647=DIRECTION('center_axis',(-7.74221813989356E-34,-0.707106781186549,
-0.707106781186546));
#9648=DIRECTION('ref_axis',(-1.,1.09491498962884E-33,0.));
#9649=DIRECTION('',(1.,-1.09491498962884E-33,0.));
#9650=DIRECTION('',(7.74221813989353E-34,0.707106781186546,-0.707106781186549));
#9651=DIRECTION('',(-1.,1.09491498962884E-33,0.));
#9652=DIRECTION('',(-0.577350269189632,0.577350269189622,-0.577350269189624));
#9653=DIRECTION('',(7.56308163995942E-34,0.690746013306764,0.723097465837636));
#9654=DIRECTION('center_axis',(0.70710678118653,-7.74221813989335E-34,-0.707106781186565));
#9655=DIRECTION('ref_axis',(-0.707106781186565,7.74221813989374E-34,-0.70710678118653));
#9656=DIRECTION('',(-1.09491498962884E-33,-1.,0.));
#9657=DIRECTION('',(1.09491498962884E-33,1.,0.));
#9658=DIRECTION('center_axis',(-1.09491498962884E-33,-1.,0.));
#9659=DIRECTION('ref_axis',(0.,0.,1.));
#9660=DIRECTION('',(0.,0.,-1.));
#9661=DIRECTION('',(-1.,1.09491498962884E-33,0.));
#9662=DIRECTION('',(0.,0.,1.));
#9663=DIRECTION('center_axis',(1.,-1.09491498962884E-33,0.));
#9664=DIRECTION('ref_axis',(0.,0.,-1.));
#9665=DIRECTION('',(-9.79157378737053E-45,-8.94277079053387E-12,-1.));
#9666=DIRECTION('',(-1.09491498962884E-33,-1.,9.69520886390066E-16));
#9667=DIRECTION('',(5.42423449632142E-44,4.95402341524261E-11,1.));
#9668=DIRECTION('',(-1.09491498962884E-33,-1.,0.));
#9669=DIRECTION('',(-3.32390578923916E-51,-3.03576608295946E-18,1.));
#9670=DIRECTION('',(1.97758476261356E-16,1.,0.));
#9671=DIRECTION('',(3.52821251590549E-48,3.22236205488564E-15,-1.));
#9672=DIRECTION('',(-1.09491498962884E-33,-1.,0.));
#9673=DIRECTION('',(-5.5077555514613E-34,-0.503030427351106,-0.86426870194342));
#9674=DIRECTION('',(-5.50775928057659E-34,-0.503030767936022,-0.864268503712646));
#9675=DIRECTION('',(-1.09491498962884E-33,-1.,0.));
#9676=DIRECTION('',(8.56762706394922E-45,7.82492444171714E-12,1.));
#9677=DIRECTION('',(-1.09491498962884E-33,-1.,3.33066907387504E-15));
#9678=DIRECTION('',(-1.,1.09491498962884E-33,0.));
#9679=DIRECTION('center_axis',(1.,-1.09491498962884E-33,0.));
#9680=DIRECTION('ref_axis',(0.,0.,-1.));
#9681=DIRECTION('',(-1.09491498962884E-33,-1.,0.));
#9682=DIRECTION('',(0.,0.,-1.));
#9683=DIRECTION('',(-1.09491498962884E-33,-1.,-2.42861286636752E-17));
#9684=DIRECTION('',(-5.50775928057807E-34,-0.503030767936157,-0.864268503712567));
#9685=DIRECTION('',(-5.50775928057807E-34,-0.503030767936157,-0.864268503712567));
#9686=DIRECTION('',(-1.09491498962877E-33,-0.999999999999935,-3.61762196235717E-7));
#9687=DIRECTION('center_axis',(1.,-1.09491498962884E-33,0.));
#9688=DIRECTION('ref_axis',(-4.66448541620123E-34,-0.426013476880282,-0.904716816200723));
#9689=DIRECTION('',(-5.47457689731967E-34,-0.50000017802071,-0.866025301004109));
#9690=DIRECTION('',(-1.09491498962884E-33,-1.,-1.31944513304696E-9));
#9691=DIRECTION('',(1.48244723117193E-42,1.35393820087754E-9,1.));
#9692=DIRECTION('',(-1.09491498962884E-33,-1.,-2.42861286636752E-17));
#9693=DIRECTION('',(0.,0.,1.));
#9694=DIRECTION('',(-7.74221813989355E-34,-0.707106781186548,0.707106781186548));
#9695=DIRECTION('',(-1.09491498962884E-33,-1.,0.));
#9696=DIRECTION('',(-7.74221813989355E-34,-0.707106781186548,-0.707106781186548));
#9697=DIRECTION('',(0.,0.,-1.));
#9698=DIRECTION('',(-1.09491498962884E-33,-1.,0.));
#9699=DIRECTION('',(6.93889390390723E-18,-2.42861286636752E-17,1.));
#9700=DIRECTION('',(-1.09491498962884E-33,-1.,-2.42861286636752E-17));
#9701=DIRECTION('',(-5.55919508641294E-34,-0.507728466508382,-0.861517152642388));
#9702=DIRECTION('',(-5.55919508641294E-34,-0.507728466508382,-0.861517152642388));
#9703=DIRECTION('',(-1.09491498962869E-33,-0.999999999999858,-5.32134651562332E-7));
#9704=DIRECTION('',(-5.47459791270875E-34,-0.500002097383335,-0.866024192856219));
#9705=DIRECTION('',(-1.09491498962884E-33,-1.,-1.30439998500159E-9));
#9706=DIRECTION('',(5.42401805698081E-44,4.95382573839769E-11,1.));
#9707=DIRECTION('center_axis',(1.,-1.09491498962884E-33,0.));
#9708=DIRECTION('ref_axis',(7.74221813970176E-34,0.707106781169031,-0.707106781204064));
#9709=DIRECTION('',(5.42401805698081E-44,4.95382573839769E-11,1.));
#9710=DIRECTION('',(-1.09491498962884E-33,-1.,-2.42861286636752E-17));
#9711=DIRECTION('',(0.,0.,-1.));
#9712=DIRECTION('',(-1.09491498962884E-33,-1.,4.81482486096809E-35));
#9713=DIRECTION('',(-1.,1.09491498962884E-33,0.));
#9714=DIRECTION('center_axis',(-1.,1.09491498962884E-33,0.));
#9715=DIRECTION('ref_axis',(7.74221813970176E-34,0.707106781169031,-0.707106781204064));
#9716=DIRECTION('',(1.,-1.09491498962884E-33,0.));
#9717=DIRECTION('center_axis',(0.707106781186524,-0.707106781186571,0.));
#9718=DIRECTION('ref_axis',(0.707106781186571,0.707106781186524,0.));
#9719=DIRECTION('center_axis',(-1.09491498962884E-33,-1.,0.));
#9720=DIRECTION('ref_axis',(0.70710678118654,-7.74221813989346E-34,-0.707106781186555));
#9721=DIRECTION('center_axis',(1.5099667085781E-33,1.,3.03576608295946E-18));
#9722=DIRECTION('ref_axis',(0.70710678118654,-7.74221813989346E-34,-0.707106781186555));
#9723=DIRECTION('center_axis',(1.09491498962884E-33,1.,-4.95402341524261E-11));
#9724=DIRECTION('ref_axis',(-5.42423449632142E-44,-4.95402341524261E-11,
-1.));
#9725=DIRECTION('',(-1.,1.09491498962884E-33,0.));
#9726=DIRECTION('center_axis',(1.,-1.09491498962884E-33,0.));
#9727=DIRECTION('ref_axis',(-4.66448541620123E-34,-0.426013476880282,-0.904716816200723));
#9728=DIRECTION('center_axis',(-0.707106781186555,-0.70710678118654,0.));
#9729=DIRECTION('ref_axis',(0.70710678118654,-0.707106781186555,9.19976050010034E-17));
#9730=DIRECTION('',(-1.,1.09491498962884E-33,0.));
#9731=DIRECTION('center_axis',(-1.09491498962884E-33,-1.,0.));
#9732=DIRECTION('ref_axis',(0.70710678118654,-7.74221813989346E-34,-0.707106781186555));
#9733=DIRECTION('center_axis',(-4.41658144635208E-31,-1.,-3.22236205488564E-15));
#9734=DIRECTION('ref_axis',(0.70710678118654,-7.74221813989346E-34,-0.707106781186555));
#9735=DIRECTION('',(-7.68267842933003E-7,-0.999999999999639,-3.61762510826017E-7));
#9736=DIRECTION('center_axis',(9.46300756824914E-34,0.86426870194342,-0.503030427351106));
#9737=DIRECTION('ref_axis',(2.9985344136265E-16,-0.503030427351106,-0.86426870194342));
#9738=DIRECTION('center_axis',(-6.03433954313683E-17,0.707106781186549,
0.707106781186546));
#9739=DIRECTION('ref_axis',(1.,-1.09491498962884E-33,8.53384482186839E-17));
#9740=DIRECTION('center_axis',(6.03433954313683E-17,-0.707106781186549,
-0.707106781186546));
#9741=DIRECTION('ref_axis',(5.82834723289731E-15,0.707106781186546,-0.707106781186549));
#9742=DIRECTION('',(-1.,1.46546838657309E-33,-6.77626357803401E-21));
#9743=DIRECTION('',(-7.74221813989356E-34,-0.707106781186549,0.707106781186546));
#9744=DIRECTION('',(1.,-1.46546838657309E-33,8.53384482186839E-17));
#9745=DIRECTION('center_axis',(0.,0.,-1.));
#9746=DIRECTION('ref_axis',(-3.55271367880029E-14,1.,-1.01062629046329E-30));
#9747=DIRECTION('',(0.70710678118653,-3.76822190084118E-14,0.707106781186565));
#9748=DIRECTION('center_axis',(8.53384482186839E-17,-4.8148248609681E-35,
-1.));
#9749=DIRECTION('ref_axis',(-3.55271367880029E-14,1.,-3.0318788713897E-30));
#9750=DIRECTION('center_axis',(-6.77626357803401E-21,2.16840434497104E-19,
1.));
#9751=DIRECTION('ref_axis',(-3.55271367880029E-14,1.,0.));
#9752=DIRECTION('center_axis',(-0.707106781186543,1.17549743154854E-34,
0.707106781186552));
#9753=DIRECTION('ref_axis',(0.707106781186552,-7.7422181398936E-34,0.707106781186543));
#9754=DIRECTION('',(0.707106781186555,-7.74221813989363E-34,0.70710678118654));
#9755=DIRECTION('',(1.18092192413388E-34,1.,-4.8148248609681E-35));
#9756=DIRECTION('',(-1.18092192413388E-34,-1.,2.16840434497104E-19));
#9757=DIRECTION('center_axis',(0.,0.,-1.));
#9758=DIRECTION('ref_axis',(-1.,-5.32907051820049E-14,-2.84461494062284E-17));
#9759=DIRECTION('',(5.02429586778802E-14,0.707106781186562,0.707106781186533));
#9760=DIRECTION('center_axis',(8.53384482186839E-17,-4.8148248609681E-35,
-1.));
#9761=DIRECTION('ref_axis',(-1.,-5.32907051820049E-14,-8.53384482186839E-17));
#9762=DIRECTION('center_axis',(-6.77626357803401E-21,2.16840434497104E-19,
1.));
#9763=DIRECTION('ref_axis',(-1.,-5.32907051820049E-14,0.));
#9764=DIRECTION('center_axis',(-6.03433954313684E-17,-0.707106781186548,
0.707106781186548));
#9765=DIRECTION('ref_axis',(1.,-1.09491498962884E-33,8.53384482186839E-17));
#9766=DIRECTION('center_axis',(6.03433954313684E-17,0.707106781186548,-0.707106781186548));
#9767=DIRECTION('ref_axis',(7.74221813989355E-34,0.707106781186548,0.707106781186548));
#9768=DIRECTION('',(-1.,1.46546838657309E-33,-8.53384482186839E-17));
#9769=DIRECTION('',(1.,-1.46546838657309E-33,6.77626357803401E-21));
#9770=DIRECTION('center_axis',(-6.03433954313684E-17,0.707106781186548,
0.707106781186548));
#9771=DIRECTION('ref_axis',(1.,-1.09491498962884E-33,8.53384482186839E-17));
#9772=DIRECTION('center_axis',(6.03433954313684E-17,-0.707106781186548,
-0.707106781186548));
#9773=DIRECTION('ref_axis',(8.33717741349262E-15,0.707106781186548,-0.707106781186547));
#9774=DIRECTION('',(-1.,1.46546838657309E-33,-6.77626357803401E-21));
#9775=DIRECTION('',(-7.74221813989358E-34,-0.707106781186551,0.707106781186544));
#9776=DIRECTION('center_axis',(0.,0.,1.));
#9777=DIRECTION('ref_axis',(-1.,-5.32907051820049E-14,-5.12030689312102E-17));
#9778=DIRECTION('',(-0.707106781186555,-3.76822190084105E-14,0.70710678118654));
#9779=DIRECTION('center_axis',(6.77626357803401E-21,-2.16840434497104E-19,
-1.));
#9780=DIRECTION('ref_axis',(-1.,-5.32907051820049E-14,0.));
#9781=DIRECTION('center_axis',(0.707106781186541,-4.9457836966531E-35,0.707106781186554));
#9782=DIRECTION('ref_axis',(0.707106781186554,-7.74221813989361E-34,-0.707106781186541));
#9783=DIRECTION('',(-0.707106781186557,7.74221813989365E-34,0.707106781186538));
#9784=DIRECTION('',(1.18092192413388E-34,1.,-2.16840434497104E-19));
#9785=DIRECTION('center_axis',(0.,0.,1.));
#9786=DIRECTION('ref_axis',(-3.55271367880029E-14,1.,-1.8191273228338E-30));
#9787=DIRECTION('',(7.74221813989346E-34,0.70710678118654,0.707106781186555));
#9788=DIRECTION('center_axis',(6.77626357803401E-21,-2.16840434497104E-19,
-1.));
#9789=DIRECTION('ref_axis',(-3.55271367880029E-14,1.,0.));
#9790=DIRECTION('center_axis',(-2.41775110608837E-16,-0.707106781186548,
0.707106781186548));
#9791=DIRECTION('ref_axis',(1.,-1.09491498962884E-33,3.41921640467272E-16));
#9792=DIRECTION('center_axis',(2.41775110608837E-16,0.707106781186548,-0.707106781186548));
#9793=DIRECTION('ref_axis',(7.74221813989355E-34,0.707106781186548,0.707106781186548));
#9794=DIRECTION('',(1.,-2.56583192248588E-16,6.77626357803407E-21));
#9795=DIRECTION('center_axis',(-8.53384482186839E-17,4.8148248609681E-35,
1.));
#9796=DIRECTION('ref_axis',(1.,-1.09490911215709E-33,8.53384482186839E-17));
#9797=DIRECTION('center_axis',(-8.53384482186839E-17,4.8148248609681E-35,
1.));
#9798=DIRECTION('ref_axis',(-1.,-1.69995542046998E-17,-8.53384482186839E-17));
#9799=DIRECTION('center_axis',(0.,0.,1.));
#9800=DIRECTION('ref_axis',(-1.,-1.69995542046998E-17,0.));
#9801=DIRECTION('center_axis',(-6.77626357803401E-21,2.16840434497104E-19,
1.));
#9802=DIRECTION('ref_axis',(-1.,-1.69995542046998E-17,-6.77626357803401E-21));
#9803=DIRECTION('center_axis',(-0.500000000000002,-0.707106781186545,0.500000000000002));
#9804=DIRECTION('ref_axis',(0.707106781186547,-7.74221813989355E-34,0.707106781186548));
#9805=DIRECTION('',(-0.707106781186547,7.74221813989355E-34,-0.707106781186548));
#9806=DIRECTION('',(0.499999999999998,-0.70710678118655,-0.499999999999998));
#9807=DIRECTION('',(0.707106781186547,-7.74221813989355E-34,0.707106781186548));
#9808=DIRECTION('',(-0.281084637714842,0.678598344545843,0.678598344545843));
#9809=DIRECTION('center_axis',(-6.03433954313686E-17,-0.707106781186545,
0.70710678118655));
#9810=DIRECTION('ref_axis',(1.,-1.09491498962884E-33,8.53384482186839E-17));
#9811=DIRECTION('',(1.,-1.09491498962884E-33,8.53384482186839E-17));
#9812=DIRECTION('',(-0.536894987644621,-0.596549986271933,-0.596549986271929));
#9813=DIRECTION('',(-0.270067705087906,0.718315850575969,0.64115970980706));
#9814=DIRECTION('',(-0.382683432365089,4.19005826379153E-34,-0.923879532511287));
#9815=DIRECTION('center_axis',(-0.923879532511288,1.0115695487579E-33,0.382683432365087));
#9816=DIRECTION('ref_axis',(0.382683432365087,-4.1900582637915E-34,0.923879532511288));
#9817=DIRECTION('',(-0.382683432365087,4.1900582637915E-34,-0.923879532511288));
#9818=DIRECTION('',(1.09491498962884E-33,1.,0.));
#9819=DIRECTION('',(0.270067705087937,0.718315850575967,-0.64115970980705));
#9820=DIRECTION('center_axis',(-6.03433954313686E-17,0.707106781186545,
0.70710678118655));
#9821=DIRECTION('ref_axis',(1.,-1.09491498962884E-33,8.53384482186839E-17));
#9822=DIRECTION('',(0.536894987644621,-0.596549986271933,0.596549986271929));
#9823=DIRECTION('',(-1.,1.09491498962884E-33,-8.53384482186839E-17));
#9824=DIRECTION('',(-0.281084637714843,-0.678598344545846,0.678598344545839));
#9825=DIRECTION('center_axis',(-0.500000000000004,0.707106781186542,0.500000000000004));
#9826=DIRECTION('ref_axis',(0.707106781186547,-7.74221813989355E-34,0.707106781186548));
#9827=DIRECTION('',(-0.707106781186547,7.74221813989355E-34,-0.707106781186548));
#9828=DIRECTION('',(-0.5,-0.707106781186553,0.499999999999991));
#9829=DIRECTION('',(0.707106781186547,-7.74221813989355E-34,0.707106781186548));
#9830=DIRECTION('center_axis',(-1.09491498962884E-33,-1.,0.));
#9831=DIRECTION('ref_axis',(0.,0.,-1.));
#9832=DIRECTION('',(0.,0.,1.));
#9833=DIRECTION('',(0.,0.,-1.));
#9834=DIRECTION('',(-0.66896473162237,7.32459512186371E-34,-0.743294146247238));
#9835=DIRECTION('center_axis',(0.,0.,-1.));
#9836=DIRECTION('ref_axis',(-0.707106781186552,-0.707106781186543,0.));
#9837=DIRECTION('center_axis',(0.,0.,-1.));
#9838=DIRECTION('ref_axis',(-0.707106781186554,0.707106781186541,0.));
#9839=DIRECTION('',(0.,0.,-1.));
#9840=DIRECTION('center_axis',(-1.09491498962884E-33,-1.,0.));
#9841=DIRECTION('ref_axis',(-1.,1.09491498962884E-33,-1.1281087703154E-15));
#9842=DIRECTION('',(0.66896473162237,-7.32459512186371E-34,0.743294146247238));
#9843=DIRECTION('',(0.,0.,1.));
#9844=DIRECTION('center_axis',(0.,0.,-1.));
#9845=DIRECTION('ref_axis',(0.707106781186552,0.707106781186543,0.));
#9846=DIRECTION('center_axis',(-0.743294146247238,8.46053382638738E-34,
0.66896473162237));
#9847=DIRECTION('ref_axis',(0.66896473162237,-4.6418752981834E-17,0.743294146247238));
#9848=DIRECTION('center_axis',(0.707106781186548,-7.74221813989355E-34,
-0.707106781186547));
#9849=DIRECTION('ref_axis',(-0.707106781186547,1.04272921852957E-17,-0.707106781186548));
#9850=DIRECTION('center_axis',(0.,0.,-1.));
#9851=DIRECTION('ref_axis',(0.707106781186554,-0.707106781186541,0.));
#9852=DIRECTION('center_axis',(-0.743294146247238,8.46053382638738E-34,
0.66896473162237));
#9853=DIRECTION('ref_axis',(0.66896473162237,-4.6418752981834E-17,0.743294146247238));
#9854=DIRECTION('',(0.,0.,-1.));
#9855=DIRECTION('center_axis',(1.,-5.25907689124115E-17,0.));
#9856=DIRECTION('ref_axis',(5.25907689124115E-17,1.,-4.81482486096809E-35));
#9857=DIRECTION('',(-1.94983397363438E-71,-3.70755935681749E-55,1.));
#9858=DIRECTION('center_axis',(1.,-5.25907689124115E-17,0.));
#9859=DIRECTION('ref_axis',(3.71872893257808E-17,0.707106781186548,0.707106781186548));
#9860=DIRECTION('',(5.25907689124115E-17,1.,0.));
#9861=DIRECTION('',(0.,0.,-1.));
#9862=DIRECTION('',(1.09491498962884E-33,1.,-4.81482486096809E-35));
#9863=DIRECTION('',(2.65912463139127E-50,2.42861286636752E-17,-1.));
#9864=DIRECTION('',(-5.25907689124115E-17,-1.,-5.84341876804697E-17));
#9865=DIRECTION('center_axis',(-0.743294146247238,8.46053382638738E-34,
0.66896473162237));
#9866=DIRECTION('ref_axis',(0.66896473162237,-7.32459512186371E-34,0.743294146247238));
#9867=DIRECTION('center_axis',(-0.743294146247238,8.46053382638738E-34,
0.66896473162237));
#9868=DIRECTION('ref_axis',(-0.668964731622371,-4.6418752981834E-17,-0.743294146247238));
#9869=DIRECTION('center_axis',(-3.52821251590549E-48,-3.22236205488564E-15,
1.));
#9870=DIRECTION('ref_axis',(-0.707106781186485,0.70710678118661,7.85046229341974E-15));
#9871=DIRECTION('',(3.52821251590549E-48,3.22236205488564E-15,-1.));
#9872=DIRECTION('center_axis',(3.32390578923916E-51,3.03576608295946E-18,
-1.));
#9873=DIRECTION('ref_axis',(-0.707106781186485,-0.70710678118661,0.));
#9874=DIRECTION('',(-3.32390578923916E-51,-3.03576608295946E-18,1.));
#9875=DIRECTION('center_axis',(1.,-1.09491498962884E-33,0.));
#9876=DIRECTION('ref_axis',(0.,0.,-1.));
#9877=DIRECTION('center_axis',(-7.74221813989356E-34,-0.707106781186549,
0.707106781186546));
#9878=DIRECTION('ref_axis',(-1.,1.09491498962884E-33,0.));
#9879=DIRECTION('center_axis',(-1.,1.09491498962884E-33,0.));
#9880=DIRECTION('ref_axis',(-1.01157121131098E-33,-0.92388105094249,-0.382679766527316));
#9881=DIRECTION('center_axis',(7.74221813989353E-34,0.707106781186546,-0.707106781186549));
#9882=DIRECTION('ref_axis',(-0.707106781186483,-0.50000000000004,-0.500000000000052));
#9883=DIRECTION('center_axis',(-7.74221813989346E-34,-0.70710678118654,
0.707106781186555));
#9884=DIRECTION('ref_axis',(-1.,1.09491498962884E-33,0.));
#9885=DIRECTION('',(-7.74221813989353E-34,-0.707106781186546,0.707106781186549));
#9886=DIRECTION('center_axis',(1.,-1.09491498962884E-33,0.));
#9887=DIRECTION('ref_axis',(0.,0.,-1.));
#9888=DIRECTION('center_axis',(-1.09491498962884E-33,-1.,0.));
#9889=DIRECTION('ref_axis',(-1.,1.09491498962884E-33,0.));
#9890=DIRECTION('center_axis',(-1.,1.09491498962884E-33,0.));
#9891=DIRECTION('ref_axis',(-4.19005826379157E-34,-0.382683432365093,-0.923879532511285));
#9892=DIRECTION('center_axis',(1.09491498962884E-33,1.,-6.87088065938174E-16));
#9893=DIRECTION('ref_axis',(-0.707106781186476,7.74221813989276E-34,-0.707106781186619));
#9894=DIRECTION('center_axis',(-1.09491498962884E-33,-1.,0.));
#9895=DIRECTION('ref_axis',(-1.,1.09491498962884E-33,0.));
#9896=DIRECTION('',(-1.09491498962884E-33,-1.,6.87088065938174E-16));
#9897=DIRECTION('center_axis',(1.,-1.09491498962884E-33,0.));
#9898=DIRECTION('ref_axis',(0.,0.,-1.));
#9899=DIRECTION('center_axis',(-7.74221813989353E-34,-0.707106781186546,
-0.707106781186549));
#9900=DIRECTION('ref_axis',(-1.,1.09491498962884E-33,0.));
#9901=DIRECTION('center_axis',(-1.,1.09491498962884E-33,0.));
#9902=DIRECTION('ref_axis',(4.19005826379156E-34,0.382683432365093,-0.923879532511286));
#9903=DIRECTION('center_axis',(7.74221813989348E-34,0.707106781186542,0.707106781186553));
#9904=DIRECTION('ref_axis',(-0.707106781186485,0.500000000000042,-0.500000000000046));
#9905=DIRECTION('center_axis',(-7.74221813989342E-34,-0.707106781186536,
-0.707106781186559));
#9906=DIRECTION('ref_axis',(-1.,1.09491498962884E-33,0.));
#9907=DIRECTION('',(-7.74221813989348E-34,-0.707106781186542,-0.707106781186553));
#9908=DIRECTION('center_axis',(1.,-1.09491498962884E-33,0.));
#9909=DIRECTION('ref_axis',(0.,0.,-1.));
#9910=DIRECTION('center_axis',(-1.,1.09491498962884E-33,0.));
#9911=DIRECTION('ref_axis',(1.0115695487579E-33,0.923879532511287,-0.382683432365088));
#9912=DIRECTION('center_axis',(1.36720586367301E-16,7.93574191554666E-6,
0.999999999968512));
#9913=DIRECTION('ref_axis',(1.97757430659647E-16,0.999999999968512,-7.93574191554666E-6));
#9914=DIRECTION('',(-1.97757430659647E-16,-0.999999999968512,7.93574191554666E-6));
#9915=DIRECTION('',(-1.,1.09491498962884E-33,1.36720586371606E-16));
#9916=DIRECTION('center_axis',(-9.66760537511631E-17,0.707106781186553,
-0.707106781186542));
#9917=DIRECTION('ref_axis',(-2.33003156553144E-16,-0.707106781186542,-0.707106781186553));
#9918=DIRECTION('',(-1.,1.09491498962884E-33,1.36720586371606E-16));
#9919=DIRECTION('',(-2.33003156553144E-16,-0.707106781186542,-0.707106781186553));
#9920=DIRECTION('',(-1.,1.09491498962884E-33,1.36720586371606E-16));
#9921=DIRECTION('center_axis',(-1.,1.09491498962884E-33,1.36720586371606E-16));
#9922=DIRECTION('ref_axis',(-9.66760537511621E-17,0.707106781186561,-0.707106781186534));
#9923=DIRECTION('center_axis',(1.,-1.97758476261356E-16,-1.31757747811842E-16));
#9924=DIRECTION('ref_axis',(4.66695626499074E-17,0.707106781186561,-0.707106781186534));
#9925=DIRECTION('center_axis',(1.36720586371606E-16,2.18809768674499E-14,
1.));
#9926=DIRECTION('ref_axis',(1.97758476261353E-16,1.,-2.18809768674499E-14));
#9927=DIRECTION('',(-1.,1.09491498962884E-33,1.36720586371606E-16));
#9928=DIRECTION('',(1.97758476261353E-16,1.,-2.18809768674499E-14));
#9929=DIRECTION('center_axis',(4.41658144635208E-31,1.,3.22236205488564E-15));
#9930=DIRECTION('ref_axis',(-1.31757747811842E-16,3.22236205488564E-15,
-1.));
#9931=DIRECTION('',(-1.31757747811842E-16,3.22236205488564E-15,-1.));
#9932=DIRECTION('center_axis',(-1.5099667085781E-33,-1.,-3.03576608295946E-18));
#9933=DIRECTION('ref_axis',(1.31757747811842E-16,-3.03576608295946E-18,
1.));
#9934=DIRECTION('',(1.31757747811842E-16,-3.03576608295946E-18,1.));
#9935=DIRECTION('center_axis',(-1.,1.09491498962884E-33,1.36720586371606E-16));
#9936=DIRECTION('ref_axis',(1.08497928771817E-21,-0.999999999968512,7.93574191359768E-6));
#9937=DIRECTION('',(-1.,1.09491498962884E-33,1.36720586371606E-16));
#9938=DIRECTION('center_axis',(1.,-1.97758476261356E-16,-1.31757747811842E-16));
#9939=DIRECTION('ref_axis',(-1.97757430659647E-16,-0.999999999968512,7.93574191359768E-6));
#9940=DIRECTION('center_axis',(-9.66760537511638E-17,-0.707106781186549,
-0.707106781186547));
#9941=DIRECTION('ref_axis',(-4.66695626499026E-17,-0.707106781186546,0.707106781186549));
#9942=DIRECTION('',(-1.,1.09491498962884E-33,1.36720586371606E-16));
#9943=DIRECTION('',(-4.66695626499026E-17,-0.707106781186546,0.707106781186549));
#9944=DIRECTION('center_axis',(-1.,1.09491498962884E-33,1.36720586371606E-16));
#9945=DIRECTION('ref_axis',(-9.66760537511637E-17,-0.707106781186549,-0.707106781186546));
#9946=DIRECTION('',(-1.,1.09491498962884E-33,1.36720586371606E-16));
#9947=DIRECTION('center_axis',(1.,-1.97758476261356E-16,-1.31757747811842E-16));
#9948=DIRECTION('ref_axis',(-2.33003156553145E-16,-0.707106781186549,-0.707106781186546));
#9949=DIRECTION('center_axis',(-1.36720586371606E-16,-6.87088065938174E-16,
-1.));
#9950=DIRECTION('ref_axis',(-1.97758476261356E-16,-1.,6.87088065938174E-16));
#9951=DIRECTION('',(-1.,1.09491498962884E-33,1.36720586371606E-16));
#9952=DIRECTION('',(-1.97758476261356E-16,-1.,6.87088065938174E-16));
#9953=DIRECTION('center_axis',(-1.,1.09491498962884E-33,1.36720586371606E-16));
#9954=DIRECTION('ref_axis',(-1.36720586371606E-16,2.47019804302774E-15,
-1.));
#9955=DIRECTION('center_axis',(1.,-1.97758476261356E-16,-1.31757747811842E-16));
#9956=DIRECTION('ref_axis',(-1.31757747811842E-16,2.47019804302774E-15,
-1.));
#9957=DIRECTION('center_axis',(1.,-1.97758476261356E-16,-1.31757747811842E-16));
#9958=DIRECTION('ref_axis',(1.97758476261356E-16,1.,3.03576608295943E-18));
#9959=DIRECTION('center_axis',(-3.96099195692972E-40,-3.61762510738155E-7,
0.999999999999935));
#9960=DIRECTION('ref_axis',(1.09491498962877E-33,0.999999999999935,3.61762510738155E-7));
#9961=DIRECTION('',(-1.,1.09491498962884E-33,0.));
#9962=DIRECTION('center_axis',(-9.46300756824914E-34,-0.86426870194342,
0.503030427351106));
#9963=DIRECTION('ref_axis',(5.5077555514613E-34,0.503030427351106,0.86426870194342));
#9964=DIRECTION('',(-1.,1.09491498962884E-33,0.));
#9965=DIRECTION('center_axis',(-9.46300539779069E-34,-0.864268503712646,
0.503030767936022));
#9966=DIRECTION('ref_axis',(5.50775928057659E-34,0.503030767936022,0.864268503712646));
#9967=DIRECTION('',(-1.,1.09491498962884E-33,0.));
#9968=DIRECTION('center_axis',(0.,0.,1.));
#9969=DIRECTION('ref_axis',(1.09491498962884E-33,1.,0.));
#9970=DIRECTION('',(-1.,1.09491498962884E-33,0.));
#9971=DIRECTION('center_axis',(1.09491498962884E-33,1.,-7.82492444171714E-12));
#9972=DIRECTION('ref_axis',(-8.56762706394922E-45,-7.82492444171714E-12,
-1.));
#9973=DIRECTION('',(-1.,1.09491498962884E-33,0.));
#9974=DIRECTION('center_axis',(3.646799494479E-48,3.33066907387504E-15,
1.));
#9975=DIRECTION('ref_axis',(1.09491498962884E-33,1.,-3.33066907387504E-15));
#9976=DIRECTION('center_axis',(0.,0.,-1.));
#9977=DIRECTION('ref_axis',(-1.09491498962884E-33,-1.,0.));
#9978=DIRECTION('center_axis',(-1.09491498962884E-33,-1.,8.94277079053387E-12));
#9979=DIRECTION('ref_axis',(9.79157378737053E-45,8.94277079053387E-12,1.));
#9980=DIRECTION('',(0.,0.,-1.));
#9981=DIRECTION('',(-1.,1.09491498962884E-33,0.));
#9982=DIRECTION('center_axis',(1.06154295126673E-48,9.69520886390066E-16,
1.));
#9983=DIRECTION('ref_axis',(1.09491498962884E-33,1.,-9.69520886390066E-16));
#9984=DIRECTION('center_axis',(-1.09491498962884E-33,-1.,8.94277079053387E-12));
#9985=DIRECTION('ref_axis',(9.79157378737053E-45,8.94277079053387E-12,1.));
#9986=DIRECTION('',(1.,-6.20540326374648E-29,-6.93889390390723E-18));
#9987=DIRECTION('',(-1.,1.09491498962884E-33,0.));
#9988=DIRECTION('center_axis',(-0.743294146247238,8.46053382638738E-34,
0.66896473162237));
#9989=DIRECTION('ref_axis',(0.66896473162237,-7.32459512186371E-34,0.743294146247238));
#9990=DIRECTION('center_axis',(3.57546512551023E-33,-1.,3.08780778723872E-16));
#9991=DIRECTION('ref_axis',(-1.,7.09729000751375E-34,1.38777878078144E-17));
#9992=DIRECTION('center_axis',(-8.19769699204099E-33,1.,-3.08780778723872E-16));
#9993=DIRECTION('ref_axis',(0.707106781186549,2.18340982535712E-16,0.707106781186546));
#9994=DIRECTION('center_axis',(-3.57546512551023E-33,1.,-3.08780778723872E-16));
#9995=DIRECTION('ref_axis',(-0.707106781186548,2.18340982535712E-16,0.707106781186547));
#9996=DIRECTION('',(1.,-7.09729000751375E-34,-1.38777878078144E-17));
#9997=DIRECTION('center_axis',(-3.57546512551023E-33,1.,-3.08780778723872E-16));
#9998=DIRECTION('ref_axis',(0.707106781186549,2.18340982535712E-16,0.707106781186546));
#9999=DIRECTION('',(-1.38777878078144E-17,-3.08780778723872E-16,-1.));
#10000=DIRECTION('center_axis',(-3.57546512551023E-33,1.,-3.08780778723872E-16));
#10001=DIRECTION('ref_axis',(0.707106781186551,-2.18340982535712E-16,-0.707106781186544));
#10002=DIRECTION('',(1.,3.57546512551023E-33,0.));
#10003=DIRECTION('center_axis',(-3.57546512551023E-33,1.,-3.08780778723872E-16));
#10004=DIRECTION('ref_axis',(1.,6.43871620426033E-31,1.57009245868347E-16));
#10005=DIRECTION('',(1.,3.4548569488093E-32,8.53384482186839E-17));
#10006=DIRECTION('center_axis',(-8.19769699204099E-33,1.,-3.08780778723872E-16));
#10007=DIRECTION('ref_axis',(-1.,-4.17261756631434E-31,7.85046229341909E-17));
#10008=DIRECTION('',(1.,-1.09490911215709E-33,8.53384482186839E-17));
#10009=DIRECTION('center_axis',(-1.,7.09729000751395E-34,6.93889390390723E-18));
#10010=DIRECTION('ref_axis',(4.9065389333868E-18,-0.707106781186548,0.707106781186548));
#10011=DIRECTION('',(-1.,7.09729000751395E-34,6.93889390390723E-18));
#10012=DIRECTION('center_axis',(-1.,7.09729000751395E-34,6.93889390390723E-18));
#10013=DIRECTION('ref_axis',(-8.78247870885277E-34,-1.,-2.42861286636752E-17));
#10014=DIRECTION('center_axis',(0.,0.,-1.));
#10015=DIRECTION('ref_axis',(-1.,5.5511151231258E-15,0.));
#10016=DIRECTION('center_axis',(6.93889390390723E-18,-2.42861286636752E-17,
1.));
#10017=DIRECTION('ref_axis',(-0.707106781186547,-0.707106781186548,0.));
#10018=DIRECTION('center_axis',(6.93889390390723E-18,-2.42861286636752E-17,
1.));
#10019=DIRECTION('ref_axis',(-1.,7.09729000751395E-34,6.93889390390723E-18));
#10020=DIRECTION('',(-0.999999999607914,2.80030626345809E-5,6.93957398716871E-18));
#10021=DIRECTION('',(-8.78247870885278E-34,-1.,-2.42861286636752E-17));
#10022=DIRECTION('center_axis',(-2.80030626345809E-5,-0.999999999607914,
4.95382573645536E-11));
#10023=DIRECTION('ref_axis',(4.83496481347258E-5,-1.30439996828146E-9,0.999999998831156));
#10024=DIRECTION('',(-5.42401805698081E-44,-4.95382573839769E-11,-1.));
#10025=DIRECTION('',(6.93889390390723E-18,4.95382573868961E-11,1.));
#10026=DIRECTION('center_axis',(-2.80030626345809E-5,-0.999999999607914,
4.95382573645536E-11));
#10027=DIRECTION('ref_axis',(0.999999999606348,-2.80030626346247E-5,-1.7697388257007E-6));
#10028=DIRECTION('center_axis',(1.,-1.4432899320127E-13,0.));
#10029=DIRECTION('ref_axis',(0.,0.,-1.));
#10030=DIRECTION('',(-1.4412882243225E-13,-1.,0.));
#10031=DIRECTION('',(-1.28758169794549E-12,-0.707106781186547,0.707106781186547));
#10032=DIRECTION('',(0.,0.,1.));
#10033=DIRECTION('',(1.09491498962884E-33,1.,0.));
#10034=DIRECTION('',(0.,0.,-1.));
#10035=DIRECTION('',(2.77960950516537E-12,-0.707106781186547,-0.707106781186547));
#10036=DIRECTION('center_axis',(-1.4406253967536E-13,-1.,0.));
#10037=DIRECTION('ref_axis',(0.,0.,-1.));
#10038=DIRECTION('',(6.93889390390723E-18,-2.42861286636752E-17,1.));
#10039=DIRECTION('',(0.999991374770616,-1.4406129710291E-13,0.00415335820425295));
#10040=DIRECTION('',(1.,-1.4406253967536E-13,0.));
#10041=DIRECTION('',(1.,-1.4406253967536E-13,0.));
#10042=DIRECTION('',(1.,-1.4406253967536E-13,-6.93889390391073E-18));
#10043=DIRECTION('center_axis',(-4.23373953173784E-7,0.861517152642311,
-0.507728466508336));
#10044=DIRECTION('ref_axis',(-5.58720032398336E-5,-0.507728465736278,-0.861517151285687));
#10045=DIRECTION('',(0.999999999999879,4.91428350402752E-7,-1.38779395514415E-17));
#10046=DIRECTION('center_axis',(-4.23373953173784E-7,0.861517152642311,
-0.507728466508336));
#10047=DIRECTION('ref_axis',(7.183838344235E-7,0.507728466508513,0.861517152642011));
#10048=DIRECTION('',(-1.19559522371635E-17,-0.507728466508382,-0.861517152642388));
#10049=DIRECTION('',(0.99999999843907,-2.80030626043093E-5,-4.8349648152382E-5));
#10050=DIRECTION('center_axis',(-3.57546512551023E-33,1.,-3.08780778723872E-16));
#10051=DIRECTION('ref_axis',(-1.,7.09729000751375E-34,1.38777878078144E-17));
#10052=DIRECTION('center_axis',(3.57546512551023E-33,-1.,3.08780778723872E-16));
#10053=DIRECTION('ref_axis',(1.,3.30104116710305E-31,-3.92523114670867E-16));
#10054=DIRECTION('',(0.,0.,1.));
#10055=DIRECTION('',(-1.,-3.57546512551023E-33,0.));
#10056=DIRECTION('center_axis',(3.57546512551023E-33,-1.,3.08780778723872E-16));
#10057=DIRECTION('ref_axis',(0.707106781186551,-2.18340982535712E-16,-0.707106781186544));
#10058=DIRECTION('',(1.38777878078144E-17,3.08780778723872E-16,1.));
#10059=DIRECTION('center_axis',(3.57546512551023E-33,-1.,3.08780778723872E-16));
#10060=DIRECTION('ref_axis',(0.707106781186549,2.18340982535712E-16,0.707106781186546));
#10061=DIRECTION('',(-1.,7.09729000751375E-34,1.38777878078144E-17));
#10062=DIRECTION('center_axis',(-1.,1.09490911215709E-33,-8.53384482186839E-17));
#10063=DIRECTION('ref_axis',(-6.03433954313684E-17,-0.707106781186548,0.707106781186548));
#10064=DIRECTION('center_axis',(-1.,1.09491498962884E-33,0.));
#10065=DIRECTION('ref_axis',(-1.09491498962884E-33,-1.,0.));
#10066=DIRECTION('center_axis',(0.,0.,-1.));
#10067=DIRECTION('ref_axis',(1.,0.,0.));
#10068=DIRECTION('center_axis',(0.707106781186528,-0.707106781186567,0.));
#10069=DIRECTION('ref_axis',(0.,0.,1.));
#10070=DIRECTION('center_axis',(-0.707106781186528,0.707106781186567,-6.03433954313668E-17));
#10071=DIRECTION('ref_axis',(-0.500000000000013,-0.499999999999985,0.707106781186549));
#10072=DIRECTION('',(-0.707106781186528,0.707106781186567,-6.03433954313668E-17));
#10073=DIRECTION('center_axis',(-0.707106781186528,0.707106781186567,0.));
#10074=DIRECTION('ref_axis',(-0.707106781186567,-0.707106781186528,0.));
#10075=DIRECTION('center_axis',(-8.53384482186839E-17,4.8148248609681E-35,
1.));
#10076=DIRECTION('ref_axis',(1.,-1.09490911215709E-33,8.53384482186839E-17));
#10077=DIRECTION('',(-0.707106781186686,-0.707106781186408,-6.03433954313803E-17));
#10078=DIRECTION('center_axis',(-8.53384482186839E-17,4.8148248609681E-35,
1.));
#10079=DIRECTION('ref_axis',(-0.923879532511251,0.382683432365177,-7.88424456455132E-17));
#10080=DIRECTION('',(1.189875348762E-15,-1.,1.01590264085624E-31));
#10081=DIRECTION('',(-1.,1.09490911215709E-33,-8.53384482186839E-17));
#10082=DIRECTION('',(-1.41708279410786E-15,1.,-1.20979794895171E-31));
#10083=DIRECTION('center_axis',(-8.53384482186839E-17,4.8148248609681E-35,
1.));
#10084=DIRECTION('ref_axis',(0.923879532511291,0.38268343236508,7.88424456455167E-17));
#10085=DIRECTION('center_axis',(1.,-7.09729000751375E-34,-1.38777878078144E-17));
#10086=DIRECTION('ref_axis',(1.38777878078145E-17,3.08780778723872E-16,
1.));
#10087=DIRECTION('center_axis',(1.,-7.09729000751395E-34,-6.93889390390723E-18));
#10088=DIRECTION('ref_axis',(6.93889390390723E-18,-2.42861286636752E-17,
1.));
#10089=DIRECTION('',(8.78247870885278E-34,1.,2.42861286636752E-17));
#10090=DIRECTION('center_axis',(1.38777878078144E-17,3.08780778723872E-16,
1.));
#10091=DIRECTION('ref_axis',(3.57546512551023E-33,-1.,3.08780778723872E-16));
#10092=DIRECTION('center_axis',(3.57546512551023E-33,-1.,3.08780778723872E-16));
#10093=DIRECTION('ref_axis',(1.,-7.09729000751375E-34,-1.38777878078145E-17));
#10094=DIRECTION('center_axis',(3.57546512551023E-33,-1.,3.08780778723872E-16));
#10095=DIRECTION('ref_axis',(0.707106781186548,-2.18340982535713E-16,-0.707106781186548));
#10096=DIRECTION('',(-3.57546512551023E-33,1.,-3.08780778723872E-16));
#10097=DIRECTION('',(3.57546512551023E-33,-1.,3.08780778723872E-16));
#10098=DIRECTION('center_axis',(-3.57546512551023E-33,1.,-3.08780778723872E-16));
#10099=DIRECTION('ref_axis',(-1.38777878078145E-17,-3.08780778723872E-16,
-1.));
#10100=DIRECTION('center_axis',(1.38777878078144E-17,3.08780778723872E-16,
1.));
#10101=DIRECTION('ref_axis',(1.,-7.09729000751375E-34,-1.38777878078145E-17));
#10102=DIRECTION('center_axis',(1.,-7.09729000751375E-34,-1.38777878078144E-17));
#10103=DIRECTION('ref_axis',(1.38777878078144E-17,3.08780778723872E-16,
1.));
#10104=DIRECTION('',(-3.57546512551023E-33,1.,-3.08780778723872E-16));
#10105=DIRECTION('',(1.38777878078144E-17,1.35393853394426E-9,1.));
#10106=DIRECTION('',(-1.83109756679763E-26,-1.,-1.31944479998005E-9));
#10107=DIRECTION('',(-1.20185153635337E-17,-0.500000178020711,-0.866025301004109));
#10108=DIRECTION('',(-5.02045899233571E-24,-0.999999999999935,-3.6176219590265E-7));
#10109=DIRECTION('',(-1.19941349035003E-17,-0.503030767936157,-0.864268503712567));
#10110=DIRECTION('',(-3.57546512551023E-33,1.,-3.08780778723872E-16));
#10111=DIRECTION('',(-1.38777878078144E-17,-3.08780778723872E-16,-1.));
#10112=DIRECTION('',(1.38777878078144E-17,3.08780778723872E-16,1.));
#10113=DIRECTION('',(-3.57546512551023E-33,1.,-3.08780778723872E-16));
#10114=DIRECTION('',(1.38777878078144E-17,4.95385904538034E-11,1.));
#10115=DIRECTION('',(-1.81021822958963E-26,-1.,-1.3043996519369E-9));
#10116=DIRECTION('',(-1.20184999848924E-17,-0.500002097383335,-0.866024192856219));
#10117=DIRECTION('',(-7.38485177565485E-24,-0.999999999999858,-5.32134651229267E-7));
#10118=DIRECTION('center_axis',(-1.,7.09729000751375E-34,1.38777878078144E-17));
#10119=DIRECTION('ref_axis',(-1.09491498962884E-33,-1.,0.));
#10120=DIRECTION('',(7.35202185854059E-18,-0.848141969138919,0.529769006440691));
#10121=DIRECTION('',(-7.35202185854059E-18,-0.848141969138919,-0.52976900644069));
#10122=DIRECTION('center_axis',(1.38777878078144E-17,3.08780778723872E-16,
1.));
#10123=DIRECTION('ref_axis',(-1.,7.09729000751375E-34,1.38777878078144E-17));
#10124=DIRECTION('',(-0.999999999607914,2.80030625715136E-5,1.38691409949057E-17));
#10125=DIRECTION('',(3.57546512551023E-33,-1.,3.08780778723872E-16));
#10126=DIRECTION('center_axis',(3.57546512551023E-33,-1.,3.08780778723872E-16));
#10127=DIRECTION('ref_axis',(0.707106781186548,2.18340982535712E-16,0.707106781186547));
#10128=DIRECTION('center_axis',(-2.80030625715136E-5,-0.999999999607914,
1.35393853341378E-9));
#10129=DIRECTION('ref_axis',(0.99999999843973,-2.80030626042449E-5,-4.83359918267891E-5));
#10130=DIRECTION('center_axis',(-1.38777878078144E-17,-3.08780778723872E-16,
-1.));
#10131=DIRECTION('ref_axis',(1.,-7.09729000751375E-34,-1.38777878078145E-17));
#10132=DIRECTION('center_axis',(-1.,7.09729000751375E-34,1.38777878078144E-17));
#10133=DIRECTION('ref_axis',(3.57546512551023E-33,-1.,3.08780778723872E-16));
#10134=DIRECTION('center_axis',(3.57546512551023E-33,-1.,3.08780778723872E-16));
#10135=DIRECTION('ref_axis',(1.38777878078144E-17,3.08780778723872E-16,
1.));
#10136=DIRECTION('center_axis',(3.57546512551023E-33,-1.,3.08780778723872E-16));
#10137=DIRECTION('ref_axis',(0.707106781186548,2.18340982535712E-16,0.707106781186547));
#10138=DIRECTION('center_axis',(-2.80030626345809E-5,-0.999999999607914,
4.95385904316552E-11));
#10139=DIRECTION('ref_axis',(0.999999999606348,-2.80030626346247E-5,-1.76973882570763E-6));
#10140=DIRECTION('',(3.57546512551023E-33,-1.,3.08780778723872E-16));
#10141=DIRECTION('center_axis',(-1.,7.09729000751375E-34,1.38777878078144E-17));
#10142=DIRECTION('ref_axis',(9.81307786677359E-18,-0.707106781186547,0.707106781186548));
#10143=DIRECTION('',(-1.,7.09729000751375E-34,1.38777878078144E-17));
#10144=DIRECTION('center_axis',(-1.38777878078144E-17,-3.08780778723872E-16,
-1.));
#10145=DIRECTION('ref_axis',(-3.57546512551023E-33,1.,-3.08780778723872E-16));
#10146=DIRECTION('center_axis',(-3.57546512551023E-33,1.,-3.08780778723872E-16));
#10147=DIRECTION('ref_axis',(1.,-7.09729000751375E-34,-1.38777878078145E-17));
#10148=DIRECTION('center_axis',(-1.,7.09729000751375E-34,1.38777878078144E-17));
#10149=DIRECTION('ref_axis',(1.38777878078145E-17,3.08780778723872E-16,
1.));
#10150=DIRECTION('center_axis',(-1.,7.09729000751375E-34,1.38777878078144E-17));
#10151=DIRECTION('ref_axis',(9.81307786677356E-18,0.707106781186549,0.707106781186546));
#10152=DIRECTION('',(1.,-7.09729000751375E-34,-1.38777878078144E-17));
#10153=DIRECTION('center_axis',(3.57546512551023E-33,-1.,3.08780778723872E-16));
#10154=DIRECTION('ref_axis',(0.707106781186548,2.18340982535712E-16,0.707106781186547));
#10155=DIRECTION('center_axis',(-1.19195623341878E-7,0.864268503712561,
-0.503030767936153));
#10156=DIRECTION('ref_axis',(2.04792688073128E-7,0.503030767936167,0.864268503712537));
#10157=DIRECTION('',(3.57546512551023E-33,-1.,3.08780778723872E-16));
#10158=DIRECTION('center_axis',(1.38777878078144E-17,3.08780778723872E-16,
1.));
#10159=DIRECTION('ref_axis',(0.707106781186544,0.707106781186551,-2.28154060402487E-16));
#10160=DIRECTION('center_axis',(1.38777878078144E-17,3.08780778723872E-16,
1.));
#10161=DIRECTION('ref_axis',(0.707106781186546,-0.707106781186549,2.0852790466894E-16));
#10162=DIRECTION('center_axis',(1.38777878078144E-17,3.08780778723872E-16,
1.));
#10163=DIRECTION('ref_axis',(-1.,7.09729000751375E-34,1.38777878078144E-17));
#10164=DIRECTION('',(-0.999999999607914,2.80030626345809E-5,1.38691409948862E-17));
#10165=DIRECTION('center_axis',(-4.83496380408075E-5,3.61762195479807E-7,
-0.999999998831091));
#10166=DIRECTION('ref_axis',(-2.800308006258E-5,-0.999999999607849,-3.60408256974172E-7));
#10167=DIRECTION('',(-0.99999999843907,2.80030626042449E-5,4.83496481523028E-5));
#10168=DIRECTION('',(-0.99999999843907,2.80030626042449E-5,4.83496481523028E-5));
#10169=DIRECTION('center_axis',(7.6528037607387E-8,0.866025301004107,-0.500000178020709));
#10170=DIRECTION('ref_axis',(-5.58735548817848E-5,-0.500000177236544,-0.866025299654445));
#10171=DIRECTION('',(-0.99999999843907,2.80030626042449E-5,4.83496481523028E-5));
#10172=DIRECTION('center_axis',(-4.83496481343115E-5,1.31944479843782E-9,
-0.999999998831156));
#10173=DIRECTION('ref_axis',(-2.80030626353017E-5,-0.999999999607914,3.44934272197537E-11));
#10174=DIRECTION('',(-0.99999999843907,2.80030626042449E-5,4.83496481523028E-5));
#10175=DIRECTION('center_axis',(-2.80030625715136E-5,-0.999999999607914,
1.35393853341378E-9));
#10176=DIRECTION('ref_axis',(4.834964817126E-5,3.0878077827638E-16,0.999999998831156));
#10177=DIRECTION('center_axis',(-1.19195623341878E-7,0.864268503712561,
-0.503030767936153));
#10178=DIRECTION('ref_axis',(-5.58734801488064E-5,-0.503030767156721,-0.864268502360161));
#10179=DIRECTION('',(0.99999999999999,1.37915037772264E-7,-1.38778303933271E-17));
#10180=DIRECTION('center_axis',(-2.80030626345809E-5,-0.999999999607914,
4.95385904316552E-11));
#10181=DIRECTION('ref_axis',(4.83496481347328E-5,-1.30439963521455E-9,0.999999998831156));
#10182=DIRECTION('',(-0.99999999843907,2.80030626042449E-5,4.83496481523028E-5));
#10183=DIRECTION('center_axis',(7.64042055648902E-8,0.866024192856217,-0.500002097383334));
#10184=DIRECTION('ref_axis',(-5.58735550512559E-5,-0.500002096599171,-0.866024191506553));
#10185=DIRECTION('',(-0.99999999843907,2.80030626042449E-5,4.83496481523028E-5));
#10186=DIRECTION('',(-0.99999999843907,2.80030626042449E-5,4.83496481523028E-5));
#10187=DIRECTION('center_axis',(-4.83496332698533E-5,5.32134650607283E-7,
-0.999999998831015));
#10188=DIRECTION('ref_axis',(-2.80030883000262E-5,-0.999999999607773,-5.3078071196931E-7));
#10189=DIRECTION('center_axis',(-4.83496481347328E-5,1.30439965041004E-9,
-0.999999998831156));
#10190=DIRECTION('ref_axis',(-2.80030626345743E-5,-0.999999999607914,4.95385752358504E-11));
#10191=DIRECTION('center_axis',(1.38777878078144E-17,3.08780778723872E-16,
1.));
#10192=DIRECTION('ref_axis',(-1.,7.09729000751375E-34,1.38777878078144E-17));
#10193=DIRECTION('center_axis',(0.,0.,1.));
#10194=DIRECTION('ref_axis',(-1.,0.,0.));
#10195=DIRECTION('center_axis',(0.,0.,-1.));
#10196=DIRECTION('ref_axis',(1.09491498962884E-33,1.,0.));
#10197=DIRECTION('center_axis',(-0.707106781186684,-0.707106781186411,0.));
#10198=DIRECTION('ref_axis',(0.707106781186411,-0.707106781186684,0.));
#10199=DIRECTION('center_axis',(0.,0.,-1.));
#10200=DIRECTION('ref_axis',(-1.,1.09491498962884E-33,0.));
#10201=DIRECTION('center_axis',(0.,0.,-1.));
#10202=DIRECTION('ref_axis',(0.86602540378439,0.500000000000085,0.));
#10203=DIRECTION('',(1.,-1.09490911215709E-33,0.));
#10204=DIRECTION('center_axis',(0.,0.,-1.));
#10205=DIRECTION('ref_axis',(-0.86602540378454,0.499999999999824,0.));
#10206=DIRECTION('',(-1.09491498962884E-33,-1.,0.));
#10207=DIRECTION('center_axis',(0.,0.,-1.));
#10208=DIRECTION('ref_axis',(0.86602540378439,0.500000000000085,0.));
#10209=DIRECTION('',(0.,0.,1.));
#10210=DIRECTION('center_axis',(0.,0.,-1.));
#10211=DIRECTION('ref_axis',(0.499999999999813,0.866025403784547,0.));
#10212=DIRECTION('center_axis',(1.,-1.09491498962884E-33,0.));
#10213=DIRECTION('ref_axis',(3.97806840571862E-49,1.83697019872103E-16,
1.));
#10214=DIRECTION('',(-1.,1.09491498962884E-33,0.));
#10215=DIRECTION('center_axis',(1.,-1.09491498962884E-33,0.));
#10216=DIRECTION('ref_axis',(-1.09491498962884E-33,-1.,0.));
#10217=DIRECTION('',(-1.,1.09491498962884E-33,0.));
#10218=DIRECTION('center_axis',(5.80052026192692E-34,0.52976900644069,-0.848141969138919));
#10219=DIRECTION('ref_axis',(-9.28643355343528E-34,-0.848141969138919,-0.52976900644069));
#10220=DIRECTION('',(-1.,1.09491498962884E-33,0.));
#10221=DIRECTION('',(-9.28643355343528E-34,-0.848141969138919,-0.52976900644069));
#10222=DIRECTION('center_axis',(-0.00415335820425295,4.5475741551345E-36,
0.999991374770616));
#10223=DIRECTION('ref_axis',(0.999991374770616,-3.48042395842408E-30,0.00415335820425295));
#10224=DIRECTION('center_axis',(-0.00415335820425295,4.5475741551345E-36,
0.999991374770616));
#10225=DIRECTION('ref_axis',(-0.999991374770616,-1.66748508927031E-12,-0.00415335820425295));
#10226=DIRECTION('center_axis',(0.,0.,-1.));
#10227=DIRECTION('ref_axis',(1.09491498962884E-33,1.,0.));
#10228=DIRECTION('',(1.,-1.4406253967536E-13,0.));
#10229=DIRECTION('center_axis',(1.01867598719403E-13,0.707106781186548,
0.707106781186548));
#10230=DIRECTION('ref_axis',(-1.28758169794549E-12,-0.707106781186548,0.707106781186548));
#10231=DIRECTION('',(1.,-1.4406253967536E-13,0.));
#10232=DIRECTION('',(1.,-1.4406253967536E-13,0.));
#10233=DIRECTION('center_axis',(1.4406253967536E-13,1.,0.));
#10234=DIRECTION('ref_axis',(0.,0.,1.));
#10235=DIRECTION('',(-1.,1.4406253967536E-13,6.93889390391073E-18));
#10236=DIRECTION('center_axis',(-1.01867598719403E-13,-0.707106781186548,
0.707106781186548));
#10237=DIRECTION('ref_axis',(2.77960950516537E-12,-0.707106781186548,-0.707106781186548));
#10238=DIRECTION('',(1.,-1.4406253967536E-13,0.));
#10239=DIRECTION('center_axis',(0.,0.,1.));
#10240=DIRECTION('ref_axis',(-1.4412882243225E-13,-1.,0.));
#10241=DIRECTION('center_axis',(6.93889390390723E-18,-2.42861286636752E-17,
1.));
#10242=DIRECTION('ref_axis',(-1.,7.09729000751395E-34,6.93889390390723E-18));
#10243=DIRECTION('',(1.,-9.39483462325129E-27,-6.93889390390723E-18));
#10244=DIRECTION('',(-0.999999999607914,2.80030625715136E-5,6.93957398716718E-18));
#10245=DIRECTION('center_axis',(0.,0.,1.));
#10246=DIRECTION('ref_axis',(-1.,1.09491498962884E-33,0.));
#10247=DIRECTION('',(0.46068612751645,0.887563119960432,0.));
#10248=DIRECTION('',(-0.998810341673018,0.0487637300360499,0.));
#10249=DIRECTION('',(0.569020815001311,-0.822323119032442,0.));
#10250=DIRECTION('center_axis',(-1.23259516440783E-32,1.3495796771109E-65,
-1.));
#10251=DIRECTION('ref_axis',(-1.,1.09491498962884E-33,1.23259516440783E-32));
#10252=DIRECTION('center_axis',(0.0487637300360499,0.998810341673018,0.));
#10253=DIRECTION('ref_axis',(-0.998810341673018,0.0487637300360499,0.));
#10254=DIRECTION('',(-0.998810341673018,0.0487637300360499,0.));
#10255=DIRECTION('center_axis',(0.,0.,1.));
#10256=DIRECTION('ref_axis',(-1.,1.09491498962884E-33,0.));
#10257=DIRECTION('center_axis',(0.,0.,1.));
#10258=DIRECTION('ref_axis',(1.,-1.09490911215709E-33,0.));
#10259=DIRECTION('center_axis',(0.,0.,-1.));
#10260=DIRECTION('ref_axis',(-1.,1.09491498962884E-33,0.));
#10261=DIRECTION('center_axis',(0.,0.,1.));
#10262=DIRECTION('ref_axis',(-1.,1.09491498962884E-33,0.));
#10263=DIRECTION('center_axis',(0.,0.,-1.));
#10264=DIRECTION('ref_axis',(-1.,1.09491498962884E-33,0.));
#10265=DIRECTION('',(0.,0.,-1.));
#10266=DIRECTION('center_axis',(0.,0.,1.));
#10267=DIRECTION('ref_axis',(-1.,1.09491498962884E-33,0.));
#10268=DIRECTION('',(0.46068612751645,0.887563119960432,0.));
#10269=DIRECTION('',(-0.998810341673018,0.0487637300360484,0.));
#10270=DIRECTION('',(0.569020815001311,-0.822323119032442,0.));
#10271=DIRECTION('center_axis',(0.0487637300360484,0.998810341673018,0.));
#10272=DIRECTION('ref_axis',(-0.998810341673018,0.0487637300360484,0.));
#10273=DIRECTION('',(-0.998810341673018,0.0487637300360484,0.));
#10274=DIRECTION('center_axis',(0.,0.,1.));
#10275=DIRECTION('ref_axis',(-1.,1.09491498962884E-33,0.));
#10276=DIRECTION('',(0.46068612751645,0.887563119960432,0.));
#10277=DIRECTION('',(-0.998810341673018,0.0487637300360499,0.));
#10278=DIRECTION('',(0.569020815001311,-0.822323119032442,0.));
#10279=DIRECTION('center_axis',(-1.23259516440783E-32,1.3495796771109E-65,
-1.));
#10280=DIRECTION('ref_axis',(-1.,1.09491498962884E-33,1.23259516440783E-32));
#10281=DIRECTION('center_axis',(0.0487637300360499,0.998810341673018,0.));
#10282=DIRECTION('ref_axis',(-0.998810341673018,0.0487637300360499,0.));
#10283=DIRECTION('',(-0.998810341673018,0.0487637300360499,0.));
#10284=DIRECTION('center_axis',(0.,0.,1.));
#10285=DIRECTION('ref_axis',(-1.,1.09491498962884E-33,0.));
#10286=DIRECTION('center_axis',(0.,0.,1.));
#10287=DIRECTION('ref_axis',(1.,-1.09490911215709E-33,0.));
#10288=DIRECTION('center_axis',(0.,0.,-1.));
#10289=DIRECTION('ref_axis',(-1.,1.09491498962884E-33,0.));
#10290=DIRECTION('center_axis',(0.,0.,1.));
#10291=DIRECTION('ref_axis',(-1.,1.09491498962884E-33,0.));
#10292=DIRECTION('center_axis',(0.,0.,-1.));
#10293=DIRECTION('ref_axis',(-1.,1.09491498962884E-33,0.));
#10294=DIRECTION('',(0.,0.,-1.));
#10295=DIRECTION('center_axis',(0.,0.,1.));
#10296=DIRECTION('ref_axis',(-1.,1.09491498962884E-33,0.));
#10297=DIRECTION('',(0.46068612751645,0.887563119960432,0.));
#10298=DIRECTION('',(-0.998810341673018,0.0487637300360484,0.));
#10299=DIRECTION('',(0.569020815001311,-0.822323119032442,0.));
#10300=DIRECTION('center_axis',(0.0487637300360484,0.998810341673018,0.));
#10301=DIRECTION('ref_axis',(-0.998810341673018,0.0487637300360484,0.));
#10302=DIRECTION('',(-0.998810341673018,0.0487637300360484,0.));
#10303=DIRECTION('center_axis',(0.887563119960432,-0.46068612751645,0.));
#10304=DIRECTION('ref_axis',(0.46068612751645,0.887563119960432,0.));
#10305=DIRECTION('',(0.46068612751645,0.887563119960432,0.));
#10306=DIRECTION('center_axis',(0.,0.,1.));
#10307=DIRECTION('ref_axis',(-1.,1.09491498962884E-33,0.));
#10308=DIRECTION('center_axis',(0.887563119960432,-0.46068612751645,0.));
#10309=DIRECTION('ref_axis',(0.46068612751645,0.887563119960432,0.));
#10310=DIRECTION('',(0.46068612751645,0.887563119960432,0.));
#10311=DIRECTION('center_axis',(0.,0.,1.));
#10312=DIRECTION('ref_axis',(-1.,1.09491498962884E-33,0.));
#10313=DIRECTION('center_axis',(0.887563119960432,-0.46068612751645,0.));
#10314=DIRECTION('ref_axis',(0.46068612751645,0.887563119960432,0.));
#10315=DIRECTION('',(0.46068612751645,0.887563119960432,0.));
#10316=DIRECTION('center_axis',(0.,0.,1.));
#10317=DIRECTION('ref_axis',(-1.,1.09491498962884E-33,0.));
#10318=DIRECTION('center_axis',(0.887563119960432,-0.46068612751645,0.));
#10319=DIRECTION('ref_axis',(0.46068612751645,0.887563119960432,0.));
#10320=DIRECTION('',(0.46068612751645,0.887563119960432,0.));
#10321=DIRECTION('center_axis',(0.,0.,1.));
#10322=DIRECTION('ref_axis',(-1.,1.09491498962884E-33,0.));
#10323=DIRECTION('center_axis',(0.,0.,1.));
#10324=DIRECTION('ref_axis',(-1.,1.09491498962884E-33,0.));
#10325=DIRECTION('center_axis',(0.,0.,1.));
#10326=DIRECTION('ref_axis',(-1.,1.09491498962884E-33,0.));
#10327=DIRECTION('center_axis',(-0.822323119032442,-0.569020815001311,0.));
#10328=DIRECTION('ref_axis',(0.569020815001311,-0.822323119032442,0.));
#10329=DIRECTION('',(0.569020815001311,-0.822323119032442,0.));
#10330=DIRECTION('center_axis',(0.,0.,1.));
#10331=DIRECTION('ref_axis',(-1.,1.09491498962884E-33,0.));
#10332=DIRECTION('center_axis',(-0.822323119032442,-0.569020815001311,0.));
#10333=DIRECTION('ref_axis',(0.569020815001311,-0.822323119032442,0.));
#10334=DIRECTION('',(0.569020815001311,-0.822323119032442,0.));
#10335=DIRECTION('center_axis',(0.,0.,1.));
#10336=DIRECTION('ref_axis',(-1.,1.09491498962884E-33,0.));
#10337=DIRECTION('center_axis',(0.,0.,1.));
#10338=DIRECTION('ref_axis',(-1.,1.09491498962884E-33,0.));
#10339=DIRECTION('center_axis',(-0.822323119032442,-0.569020815001311,0.));
#10340=DIRECTION('ref_axis',(0.569020815001311,-0.822323119032442,0.));
#10341=DIRECTION('',(0.569020815001311,-0.822323119032442,0.));
#10342=DIRECTION('center_axis',(0.,0.,1.));
#10343=DIRECTION('ref_axis',(-1.,1.09491498962884E-33,0.));
#10344=DIRECTION('center_axis',(-0.822323119032442,-0.569020815001311,0.));
#10345=DIRECTION('ref_axis',(0.569020815001311,-0.822323119032442,0.));
#10346=DIRECTION('',(0.569020815001311,-0.822323119032442,0.));
#10347=DIRECTION('center_axis',(0.,0.,1.));
#10348=DIRECTION('ref_axis',(-1.,1.09491498962884E-33,0.));
#10349=DIRECTION('center_axis',(0.,0.,1.));
#10350=DIRECTION('ref_axis',(-1.,1.09491498962884E-33,0.));
#10351=DIRECTION('center_axis',(0.,0.,-1.));
#10352=DIRECTION('ref_axis',(-1.,1.09491498962884E-33,0.));
#10353=DIRECTION('center_axis',(8.53384482186839E-17,-4.8148248609681E-35,
-1.));
#10354=DIRECTION('ref_axis',(-1.,1.09491498962884E-33,0.));
#10355=DIRECTION('',(0.,0.,-1.));
#10356=DIRECTION('center_axis',(0.,0.,-1.));
#10357=DIRECTION('ref_axis',(-1.,1.09491498962884E-33,0.));
#10358=DIRECTION('center_axis',(0.,0.,1.));
#10359=DIRECTION('ref_axis',(-1.,1.09491498962884E-33,0.));
#10360=DIRECTION('center_axis',(9.43288044250512E-34,0.861517152642388,
-0.507728466508382));
#10361=DIRECTION('ref_axis',(-5.55919508641294E-34,-0.507728466508382,-0.861517152642388));
#10362=DIRECTION('',(-0.999988377868092,-0.00244823360116701,-0.0041533457569359));
#10363=DIRECTION('',(-1.,1.09491498962884E-33,0.));
#10364=DIRECTION('center_axis',(-1.09491498962884E-33,-1.,4.95382573839769E-11));
#10365=DIRECTION('ref_axis',(5.42401805698081E-44,4.95382573839769E-11,
1.));
#10366=DIRECTION('',(-1.,1.09491498962884E-33,0.));
#10367=DIRECTION('center_axis',(1.42820709604988E-42,1.30439998500159E-9,
-1.));
#10368=DIRECTION('ref_axis',(-1.09491498962884E-33,-1.,-1.30439998500159E-9));
#10369=DIRECTION('',(-1.,1.09491498962884E-33,0.));
#10370=DIRECTION('center_axis',(9.48222870139496E-34,0.866024192856219,
-0.500002097383335));
#10371=DIRECTION('ref_axis',(-5.47459791270875E-34,-0.500002097383335,-0.866024192856219));
#10372=DIRECTION('',(-1.,1.09491498962884E-33,0.));
#10373=DIRECTION('center_axis',(5.8264220649652E-40,5.32134651562332E-7,
-0.999999999999858));
#10374=DIRECTION('ref_axis',(-1.09491498962869E-33,-0.999999999999858,-5.32134651562332E-7));
#10375=DIRECTION('center_axis',(-1.09491498962884E-33,-1.,1.35393820087754E-9));
#10376=DIRECTION('ref_axis',(1.48244723117193E-42,1.35393820087754E-9,1.));
#10377=DIRECTION('',(-1.48244723117193E-42,-1.35393820087754E-9,-1.));
#10378=DIRECTION('',(-1.,1.09491498962884E-33,0.));
#10379=DIRECTION('center_axis',(1.44468025416594E-42,1.31944513304696E-9,
-1.));
#10380=DIRECTION('ref_axis',(-1.09491498962884E-33,-1.,-1.31944513304696E-9));
#10381=DIRECTION('',(-1.,1.09491498962884E-33,0.));
#10382=DIRECTION('center_axis',(9.48224083467231E-34,0.866025301004109,
-0.50000017802071));
#10383=DIRECTION('ref_axis',(-5.47457689731967E-34,-0.50000017802071,-0.866025301004109));
#10384=DIRECTION('center_axis',(6.93889390390723E-18,-2.42861286636752E-17,
1.));
#10385=DIRECTION('ref_axis',(-1.,7.09729000751395E-34,6.93889390390723E-18));
#10386=DIRECTION('',(0.999999999999879,4.91428350402752E-7,-6.93888196901425E-18));
#10387=DIRECTION('center_axis',(-6.93889390390723E-18,2.42861286636752E-17,
-1.));
#10388=DIRECTION('ref_axis',(-0.580310908070824,0.814395020843089,2.38052180816352E-17));
#10389=DIRECTION('center_axis',(-5.80052026192692E-34,-0.529769006440691,
-0.848141969138919));
#10390=DIRECTION('ref_axis',(-9.28643355343528E-34,-0.848141969138919,0.529769006440691));
#10391=DIRECTION('',(-9.28643355343528E-34,-0.848141969138919,0.529769006440691));
#10392=DIRECTION('center_axis',(1.,-1.09491498962884E-33,0.));
#10393=DIRECTION('ref_axis',(1.09491498962884E-33,1.,0.));
#10394=DIRECTION('center_axis',(-1.,1.09491498962884E-33,0.));
#10395=DIRECTION('ref_axis',(1.09491498962884E-33,1.,0.));
#10396=DIRECTION('',(-9.10119425002784E-34,-0.831223824336624,0.55593790467569));
#10397=DIRECTION('',(-9.10119425002784E-34,-0.831223824336624,-0.55593790467569));
#10398=DIRECTION('center_axis',(-6.08704745132265E-34,-0.55593790467569,
-0.831223824336624));
#10399=DIRECTION('ref_axis',(-9.10119425002784E-34,-0.831223824336624,0.55593790467569));
#10400=DIRECTION('',(-9.10119425002784E-34,-0.831223824336624,0.55593790467569));
#10401=DIRECTION('',(-1.,1.09491498962884E-33,0.));
#10402=DIRECTION('',(-1.,1.09491498962884E-33,0.));
#10403=DIRECTION('center_axis',(6.08704745132265E-34,0.55593790467569,-0.831223824336624));
#10404=DIRECTION('ref_axis',(-9.10119425002784E-34,-0.831223824336624,-0.55593790467569));
#10405=DIRECTION('',(-9.10119425002784E-34,-0.831223824336624,-0.55593790467569));
#10406=DIRECTION('',(-1.,1.09491498962884E-33,0.));
#10407=DIRECTION('center_axis',(-1.,1.09491498962884E-33,0.));
#10408=DIRECTION('ref_axis',(-1.71056941445901E-49,-1.83697019872103E-16,
1.));
#10409=DIRECTION('center_axis',(-1.,1.09491498962884E-33,0.));
#10410=DIRECTION('ref_axis',(1.09491498962884E-33,1.,0.));
#10411=DIRECTION('center_axis',(-0.00415335820425295,4.5475741551345E-36,
0.999991374770616));
#10412=DIRECTION('ref_axis',(0.999991374770616,-3.48042395842408E-30,0.00415335820425295));
#10413=DIRECTION('center_axis',(0.00415335820425295,-4.5475741551345E-36,
-0.999991374770616));
#10414=DIRECTION('ref_axis',(0.999991374770616,-1.0949055457359E-33,0.00415335820425295));
#10415=DIRECTION('center_axis',(0.,0.,-1.));
#10416=DIRECTION('ref_axis',(1.,0.,0.));
#10417=DIRECTION('center_axis',(-0.707106781186684,0.707106781186411,0.));
#10418=DIRECTION('ref_axis',(0.,0.,1.));
#10419=DIRECTION('center_axis',(0.,0.,1.));
#10420=DIRECTION('ref_axis',(-0.382683432365003,0.923879532511323,0.));
#10421=DIRECTION('',(4.61852778244065E-13,2.368475785867E-14,-1.));
#10422=DIRECTION('center_axis',(0.,0.,1.));
#10423=DIRECTION('ref_axis',(-0.86602540378454,0.499999999999824,0.));
#10424=DIRECTION('',(4.61852778244065E-13,2.368475785867E-14,-1.));
#10425=DIRECTION('center_axis',(0.,0.,1.));
#10426=DIRECTION('ref_axis',(-0.500000000000364,0.866025403784228,0.));
#10427=DIRECTION('',(0.,0.,-1.));
#10428=DIRECTION('',(0.,0.,-1.));
#10429=DIRECTION('center_axis',(1.,-1.09491205089297E-33,0.));
#10430=DIRECTION('ref_axis',(0.,0.,-1.));
#10431=DIRECTION('center_axis',(-1.09491498962884E-33,-1.,-5.12790049702407E-15));
#10432=DIRECTION('ref_axis',(-0.500000000000362,-4.44089209850063E-15,0.866025403784229));
#10433=DIRECTION('center_axis',(-1.,1.09491498962884E-33,0.));
#10434=DIRECTION('ref_axis',(7.74221813989355E-34,0.707106781186548,0.707106781186547));
#10435=DIRECTION('center_axis',(1.,-1.09491205089297E-33,0.));
#10436=DIRECTION('ref_axis',(7.74221813989354E-34,0.707106781186547,0.707106781186548));
#10437=DIRECTION('center_axis',(-1.09490911215709E-33,-1.,4.81482486096809E-35));
#10438=DIRECTION('ref_axis',(-0.866025403784541,9.48224196003067E-34,0.499999999999823));
#10439=DIRECTION('center_axis',(-1.09491498962884E-33,-1.,0.));
#10440=DIRECTION('ref_axis',(-0.500000000000362,5.47457494814818E-34,0.86602540378423));
#10441=DIRECTION('',(1.09491498962884E-33,1.,-4.81482486096809E-35));
#10442=DIRECTION('',(-1.09490911215709E-33,-1.,4.81482486096809E-35));
#10443=DIRECTION('center_axis',(1.,-1.09491205089297E-33,0.));
#10444=DIRECTION('ref_axis',(0.,0.,-1.));
#10445=DIRECTION('center_axis',(-1.,1.09491498962884E-33,0.));
#10446=DIRECTION('ref_axis',(-7.74221813989354E-34,-0.707106781186547,0.707106781186548));
#10447=DIRECTION('center_axis',(1.,-1.09491205089297E-33,0.));
#10448=DIRECTION('ref_axis',(-7.74221813989354E-34,-0.707106781186547,0.707106781186548));
#10449=DIRECTION('center_axis',(1.,-1.09490911215709E-33,0.));
#10450=DIRECTION('ref_axis',(0.,0.,1.));
#10451=DIRECTION('center_axis',(-1.09491498962884E-33,-1.,0.));
#10452=DIRECTION('ref_axis',(0.,0.,-1.));
#10453=DIRECTION('center_axis',(-1.09490911215709E-33,-1.,4.81482486096809E-35));
#10454=DIRECTION('ref_axis',(0.707106781186544,-8.08263611083378E-34,-0.707106781186551));
#10455=DIRECTION('center_axis',(-1.09491498962884E-33,-1.,0.));
#10456=DIRECTION('ref_axis',(0.,0.,-1.));
#10457=DIRECTION('center_axis',(1.,-1.09490911215709E-33,0.));
#10458=DIRECTION('ref_axis',(0.,0.,1.));
#10459=DIRECTION('center_axis',(0.,0.,1.));
#10460=DIRECTION('ref_axis',(-1.09491498962884E-33,-1.,0.));
#10461=DIRECTION('center_axis',(0.,0.,1.));
#10462=DIRECTION('ref_axis',(0.707106781186541,-0.707106781186554,0.));
#10463=DIRECTION('center_axis',(1.,-1.09491498962884E-33,0.));
#10464=DIRECTION('ref_axis',(-1.09491498962884E-33,-1.,0.));
#10465=DIRECTION('center_axis',(0.,0.,-1.));
#10466=DIRECTION('ref_axis',(1.09491498962884E-33,1.,0.));
#10467=DIRECTION('center_axis',(6.93889390390723E-18,-2.42861286636752E-17,
1.));
#10468=DIRECTION('ref_axis',(-0.707106781186546,0.707106781186549,0.));
#10469=DIRECTION('center_axis',(-1.,7.09729000751395E-34,6.93889390390723E-18));
#10470=DIRECTION('ref_axis',(4.90653893338679E-18,0.707106781186549,0.707106781186546));
#10471=DIRECTION('',(-1.,7.09729000751395E-34,6.93889390390723E-18));
#10472=DIRECTION('',(1.,-7.09729000751395E-34,-6.93889390390723E-18));
#10473=DIRECTION('center_axis',(-2.80030625715136E-5,-0.999999999607914,
1.35393820034668E-9));
#10474=DIRECTION('ref_axis',(4.8349648171253E-5,-2.42861287218635E-17,0.999999998831156));
#10475=DIRECTION('center_axis',(-4.23373953170261E-7,0.861517152642311,
-0.507728466508336));
#10476=DIRECTION('ref_axis',(-5.58720032398276E-5,-0.507728465736277,-0.861517151285687));
#10477=DIRECTION('center_axis',(8.78247870885278E-34,1.,2.42861286636752E-17));
#10478=DIRECTION('ref_axis',(-1.,7.09729000751395E-34,6.93889390390723E-18));
#10479=DIRECTION('',(-1.,2.95078840428262E-33,-8.53384482186839E-17));
#10480=DIRECTION('',(-1.,1.09490911215709E-33,-8.53384482186839E-17));
#10481=DIRECTION('center_axis',(6.93889390390723E-18,-2.42861286636752E-17,
1.));
#10482=DIRECTION('ref_axis',(-1.,7.09729000751395E-34,6.93889390390723E-18));
#10483=DIRECTION('center_axis',(-6.93889390390723E-18,2.42861286636752E-17,
-1.));
#10484=DIRECTION('ref_axis',(-0.580310908070824,0.814395020843089,2.38052180816352E-17));
#10485=DIRECTION('center_axis',(-8.78247870885278E-34,-1.,-2.42861286636752E-17));
#10486=DIRECTION('ref_axis',(6.93889390390723E-18,-2.42861286636752E-17,
1.));
#10487=DIRECTION('center_axis',(-8.78247870885278E-34,-1.,-2.42861286636752E-17));
#10488=DIRECTION('ref_axis',(0.707106781186548,-1.71728862668537E-17,0.707106781186547));
#10489=DIRECTION('center_axis',(-1.,5.25907689124115E-17,0.));
#10490=DIRECTION('ref_axis',(0.,0.,-1.));
#10491=DIRECTION('center_axis',(2.02599971915526E-49,1.85037170770859E-16,
-1.));
#10492=DIRECTION('ref_axis',(-1.09491498962884E-33,-1.,-1.85037170770859E-16));
#10493=DIRECTION('center_axis',(-1.,5.25907689124115E-17,0.));
#10494=DIRECTION('ref_axis',(7.74221813989355E-34,0.707106781186548,0.707106781186548));
#10495=DIRECTION('center_axis',(-8.53384482186839E-17,4.8148248609681E-35,
1.));
#10496=DIRECTION('ref_axis',(1.,-1.09490911215709E-33,8.53384482186839E-17));
#10497=DIRECTION('',(1.,-1.09491498962884E-33,8.53384482186839E-17));
#10498=DIRECTION('center_axis',(0.,0.,-1.));
#10499=DIRECTION('ref_axis',(-1.09491498962884E-33,-1.,0.));
#10500=DIRECTION('',(-1.,1.09491498962884E-33,0.));
#10501=DIRECTION('center_axis',(-1.09491498962884E-33,-1.,0.));
#10502=DIRECTION('ref_axis',(0.,0.,1.));
#10503=DIRECTION('center_axis',(6.77626357803401E-21,-2.16840434497104E-19,
-1.));
#10504=DIRECTION('ref_axis',(-1.,-1.69995542046998E-17,-6.77626357803401E-21));
#10505=DIRECTION('center_axis',(-6.77626357803401E-21,2.16840434497104E-19,
1.));
#10506=DIRECTION('ref_axis',(-1.,-1.69995542046998E-17,-6.77626357803401E-21));
#10507=DIRECTION('center_axis',(6.77626357803401E-21,-2.16840434497104E-19,
-1.));
#10508=DIRECTION('ref_axis',(-1.,-1.69995542046998E-17,-6.77626357803401E-21));
#10509=DIRECTION('center_axis',(-1.94983397363438E-71,-3.70755935681749E-55,
1.));
#10510=DIRECTION('ref_axis',(-0.707106781186548,-0.707106781186548,0.));
#10511=DIRECTION('',(1.94983397363438E-71,3.70755935681749E-55,-1.));
#10512=DIRECTION('center_axis',(1.09490911215709E-33,1.,3.70755935681749E-55));
#10513=DIRECTION('ref_axis',(1.,-1.09490911215709E-33,3.00926553810506E-36));
#10514=DIRECTION('',(6.30808536718837E-17,-6.90681722439292E-50,1.));
#10515=DIRECTION('',(1.,-1.09491498962884E-33,0.));
#10516=DIRECTION('center_axis',(1.,-1.09490911215709E-33,8.53384482186839E-17));
#10517=DIRECTION('ref_axis',(-6.03433954313684E-17,0.707106781186548,0.707106781186548));
#10518=DIRECTION('center_axis',(-1.,1.09491498962884E-33,0.));
#10519=DIRECTION('ref_axis',(0.,0.,1.));
#10520=DIRECTION('center_axis',(0.,0.,-1.));
#10521=DIRECTION('ref_axis',(-1.,-1.69995542046998E-17,0.));
#10522=DIRECTION('',(-0.624695047554424,-8.71226163653819E-17,0.78086880944303));
#10523=DIRECTION('center_axis',(8.53384482186839E-17,-4.8148248609681E-35,
-1.));
#10524=DIRECTION('ref_axis',(-1.,-1.69995542046998E-17,-8.53384482186839E-17));
#10525=DIRECTION('center_axis',(0.,0.,1.));
#10526=DIRECTION('ref_axis',(0.999992090965602,0.00397718571899571,0.));
#10527=DIRECTION('center_axis',(-8.53384482186839E-17,4.8148248609681E-35,
1.));
#10528=DIRECTION('ref_axis',(1.,-1.09490911215709E-33,8.53384482186839E-17));
#10529=DIRECTION('center_axis',(0.,0.,-1.));
#10530=DIRECTION('ref_axis',(1.,-1.09490911215709E-33,0.));
#10531=DIRECTION('',(0.,0.,1.));
#10532=DIRECTION('center_axis',(0.,0.,-1.));
#10533=DIRECTION('ref_axis',(1.,-1.09490911215709E-33,0.));
#10534=DIRECTION('',(0.,0.,1.));
#10535=DIRECTION('center_axis',(0.,0.,-1.));
#10536=DIRECTION('ref_axis',(1.,-1.09490911215709E-33,0.));
#10537=DIRECTION('',(0.,0.,1.));
#10538=DIRECTION('center_axis',(0.,0.,-1.));
#10539=DIRECTION('ref_axis',(1.,-1.09490911215709E-33,0.));
#10540=DIRECTION('',(0.,0.,1.));
#10541=DIRECTION('center_axis',(0.,0.,-1.));
#10542=DIRECTION('ref_axis',(0.92387953251128,0.382683432365107,0.));
#10543=DIRECTION('',(0.499999999999994,0.500000000000004,-0.707106781186549));
#10544=DIRECTION('',(-0.707106781186553,7.74221813989361E-34,0.707106781186542));
#10545=DIRECTION('center_axis',(8.53384482186839E-17,-4.8148248609681E-35,
-1.));
#10546=DIRECTION('ref_axis',(0.92387953251128,0.382683432365107,7.88424456455158E-17));
#10547=DIRECTION('center_axis',(-0.499999999999994,-0.500000000000018,-0.707106781186539));
#10548=DIRECTION('ref_axis',(-0.816496580927726,-3.27968413593057E-17,0.577350269189626));
#10549=DIRECTION('',(0.707106781186564,-0.707106781186531,6.03433954313698E-17));
#10550=DIRECTION('',(0.499999999999978,0.500000000000009,-0.707106781186556));
#10551=DIRECTION('center_axis',(0.,0.,-1.));
#10552=DIRECTION('ref_axis',(0.382683432365083,0.92387953251129,0.));
#10553=DIRECTION('center_axis',(6.03433954313676E-17,-0.707106781186557,
-0.707106781186538));
#10554=DIRECTION('ref_axis',(-1.,-3.92741829830185E-32,-8.53384482186838E-17));
#10555=DIRECTION('',(7.74221813989343E-34,0.707106781186537,-0.707106781186558));
#10556=DIRECTION('center_axis',(0.,0.,-1.));
#10557=DIRECTION('ref_axis',(-0.38268343236508,0.923879532511291,0.));
#10558=DIRECTION('',(-0.499999999999992,0.50000000000001,-0.707106781186546));
#10559=DIRECTION('center_axis',(0.499999999999988,-0.50000000000001,-0.707106781186549));
#10560=DIRECTION('ref_axis',(-0.816496580927733,-2.39717649053343E-16,-0.577350269189616));
#10561=DIRECTION('',(-0.499999999999993,0.50000000000001,-0.707106781186546));
#10562=DIRECTION('center_axis',(0.,0.,-1.));
#10563=DIRECTION('ref_axis',(-0.923879532511279,0.382683432365108,0.));
#10564=DIRECTION('center_axis',(0.,0.,-1.));
#10565=DIRECTION('ref_axis',(-0.923879532511286,-0.382683432365093,0.));
#10566=DIRECTION('center_axis',(8.53384482186839E-17,-4.8148248609681E-35,
-1.));
#10567=DIRECTION('ref_axis',(-0.923879532511286,-0.382683432365093,-7.88424456455162E-17));
#10568=DIRECTION('',(-0.499999999999978,-0.500000000000014,-0.707106781186553));
#10569=DIRECTION('center_axis',(0.499999999999986,0.500000000000009,-0.707106781186551));
#10570=DIRECTION('ref_axis',(-0.816496580927735,2.94030962670548E-17,-0.577350269189613));
#10571=DIRECTION('',(-0.707106781186564,0.707106781186531,-6.03433954313698E-17));
#10572=DIRECTION('',(-0.500000000000001,-0.500000000000007,-0.707106781186542));
#10573=DIRECTION('center_axis',(0.,0.,-1.));
#10574=DIRECTION('ref_axis',(-0.38268343236508,-0.923879532511291,0.));
#10575=DIRECTION('center_axis',(8.53384482186839E-17,-4.8148248609681E-35,
-1.));
#10576=DIRECTION('ref_axis',(-0.38268343236508,-0.923879532511291,-3.26576102770356E-17));
#10577=DIRECTION('center_axis',(6.03433954313677E-17,0.707106781186555,
-0.70710678118654));
#10578=DIRECTION('ref_axis',(-1.,-6.17777110375466E-32,-8.53384482186838E-17));
#10579=DIRECTION('',(-7.74221813989346E-34,-0.70710678118654,-0.707106781186555));
#10580=DIRECTION('center_axis',(0.,0.,-1.));
#10581=DIRECTION('ref_axis',(0.382683432365083,-0.92387953251129,0.));
#10582=DIRECTION('',(0.499999999999986,-0.500000000000007,-0.707106781186553));
#10583=DIRECTION('center_axis',(8.53384482186839E-17,-4.8148248609681E-35,
-1.));
#10584=DIRECTION('ref_axis',(0.382683432365083,-0.92387953251129,3.26576102770358E-17));
#10585=DIRECTION('center_axis',(-0.499999999999994,0.500000000000018,-0.707106781186539));
#10586=DIRECTION('ref_axis',(-0.816496580927726,3.27968413593057E-17,0.577350269189626));
#10587=DIRECTION('',(0.499999999999978,-0.500000000000009,-0.707106781186556));
#10588=DIRECTION('center_axis',(0.,0.,-1.));
#10589=DIRECTION('ref_axis',(0.923879532511279,-0.382683432365108,0.));
#10590=DIRECTION('',(0.707106781186537,-7.74221813989343E-34,-0.707106781186558));
#10591=DIRECTION('center_axis',(-0.707106781186553,7.40171704895066E-34,
-0.707106781186542));
#10592=DIRECTION('ref_axis',(-0.707106781186542,7.74221813989349E-34,0.707106781186553));
#10593=DIRECTION('center_axis',(0.707106781186531,0.707106781186564,0.));
#10594=DIRECTION('ref_axis',(-0.707106781186564,0.707106781186531,1.43602577445286E-17));
#10595=DIRECTION('',(4.61852778244065E-13,2.368475785867E-14,-1.));
#10596=DIRECTION('',(4.61852778244065E-13,2.368475785867E-14,-1.));
#10597=DIRECTION('center_axis',(0.,0.,1.));
#10598=DIRECTION('ref_axis',(-0.38268343236508,-0.923879532511291,0.));
#10599=DIRECTION('center_axis',(0.,0.,1.));
#10600=DIRECTION('ref_axis',(0.382683432365083,-0.92387953251129,0.));
#10601=DIRECTION('center_axis',(0.,0.,1.));
#10602=DIRECTION('ref_axis',(0.92387953251128,0.382683432365107,0.));
#10603=DIRECTION('',(4.61852778244065E-13,2.368475785867E-14,-1.));
#10604=DIRECTION('center_axis',(6.30808536718837E-17,-6.90678014879935E-50,
1.));
#10605=DIRECTION('ref_axis',(0.707106781186543,-0.707106781186552,-4.4604899394425E-17));
#10606=DIRECTION('',(-6.30808536718837E-17,6.90678014879935E-50,-1.));
#10607=DIRECTION('center_axis',(0.,0.,1.));
#10608=DIRECTION('ref_axis',(-1.09491498962884E-33,-1.,0.));
#10609=DIRECTION('center_axis',(-1.09490911215709E-33,-1.,0.));
#10610=DIRECTION('ref_axis',(0.,0.,-1.));
#10611=DIRECTION('center_axis',(1.,-1.09491498962884E-33,0.));
#10612=DIRECTION('ref_axis',(-1.09491498962884E-33,-1.,0.));
#10613=DIRECTION('center_axis',(-1.09490911215709E-33,-1.,0.));
#10614=DIRECTION('ref_axis',(-0.707106781186547,7.7421765798922E-34,0.707106781186548));
#10615=DIRECTION('center_axis',(-1.,1.09490911215709E-33,-8.53384482186839E-17));
#10616=DIRECTION('ref_axis',(6.03433954313681E-17,-0.707106781186551,-0.707106781186544));
#10617=DIRECTION('center_axis',(1.,-1.09491498962884E-33,0.));
#10618=DIRECTION('ref_axis',(-1.09491498962884E-33,-1.,0.));
#10619=DIRECTION('center_axis',(-1.09490911215709E-33,-1.,0.));
#10620=DIRECTION('ref_axis',(0.,0.,-1.));
#10621=DIRECTION('center_axis',(0.,0.,-1.));
#10622=DIRECTION('ref_axis',(-1.09491498962884E-33,-1.,0.));
#10623=DIRECTION('center_axis',(-1.09490911215709E-33,-1.,0.));
#10624=DIRECTION('ref_axis',(0.707106781186548,-7.74217657989221E-34,0.707106781186548));
#10625=DIRECTION('center_axis',(0.,0.,1.));
#10626=DIRECTION('ref_axis',(-0.707106781186541,-0.707106781186554,0.));
#10627=DIRECTION('',(0.,0.,1.));
#10628=DIRECTION('center_axis',(-1.,-1.41708279410786E-15,6.30808536718837E-17));
#10629=DIRECTION('ref_axis',(-1.41708279410786E-15,1.,-4.81482486096812E-35));
#10630=DIRECTION('',(1.41708279410786E-15,-1.,1.20979794895171E-31));
#10631=DIRECTION('center_axis',(-1.41708279410786E-15,1.,-1.20979794895171E-31));
#10632=DIRECTION('ref_axis',(-0.707106781186548,-1.00202885321645E-15,0.707106781186548));
#10633=DIRECTION('center_axis',(-1.09491498962884E-33,-1.,0.));
#10634=DIRECTION('ref_axis',(0.,0.,1.));
#10635=DIRECTION('center_axis',(1.189875348762E-15,-1.,1.01590264085624E-31));
#10636=DIRECTION('ref_axis',(0.707106781186548,8.41368927876319E-16,0.707106781186548));
#10637=DIRECTION('center_axis',(-1.09491498962884E-33,-1.,0.));
#10638=DIRECTION('ref_axis',(1.,-1.09491498962884E-33,0.));
#10639=DIRECTION('',(-1.189875348762E-15,1.,-1.01590264085624E-31));
#10640=DIRECTION('center_axis',(1.,1.189875348762E-15,0.));
#10641=DIRECTION('ref_axis',(1.189875348762E-15,-1.,4.81482486096809E-35));
#10642=DIRECTION('',(4.61852778244065E-13,2.368475785867E-14,-1.));
#10643=DIRECTION('center_axis',(1.09490911215709E-33,1.,0.));
#10644=DIRECTION('ref_axis',(1.,-1.09490911215709E-33,3.00926553810506E-36));
#10645=DIRECTION('center_axis',(1.09490911215709E-33,1.,0.));
#10646=DIRECTION('ref_axis',(0.,0.,1.));
#10647=DIRECTION('center_axis',(1.,-1.09491498962884E-33,0.));
#10648=DIRECTION('ref_axis',(0.,0.,-1.));
#10649=DIRECTION('center_axis',(1.09490911215709E-33,1.,0.));
#10650=DIRECTION('ref_axis',(-0.707106781186548,7.74217657989222E-34,0.707106781186547));
#10651=DIRECTION('center_axis',(1.,-1.09490911215709E-33,8.53384482186839E-17));
#10652=DIRECTION('ref_axis',(6.03433954313681E-17,0.707106781186551,-0.707106781186544));
#10653=DIRECTION('center_axis',(1.,-1.09491498962884E-33,0.));
#10654=DIRECTION('ref_axis',(0.,0.,-1.));
#10655=DIRECTION('center_axis',(1.09490911215709E-33,1.,0.));
#10656=DIRECTION('ref_axis',(0.,0.,1.));
#10657=DIRECTION('center_axis',(1.09490911215709E-33,1.,0.));
#10658=DIRECTION('ref_axis',(0.707106781186548,-7.74217657989221E-34,0.707106781186548));
#10659=DIRECTION('center_axis',(-1.77635683940025E-15,1.94495973038905E-48,
-1.));
#10660=DIRECTION('ref_axis',(1.,0.,-1.77635683940025E-15));
#10661=DIRECTION('center_axis',(1.09491498962884E-33,1.,0.));
#10662=DIRECTION('ref_axis',(0.,0.,1.));
#10663=DIRECTION('center_axis',(0.707106781186684,-0.707106781186411,-1.25607396694726E-15));
#10664=DIRECTION('ref_axis',(0.707106781186411,0.707106781186684,8.13266937713574E-32));
#10665=DIRECTION('center_axis',(0.707106781186687,-0.707106781186409,6.03433954313803E-17));
#10666=DIRECTION('ref_axis',(0.499999999999903,0.500000000000099,0.707106781186546));
#10667=DIRECTION('center_axis',(-1.189875348762E-15,-1.,-1.01493967588405E-31));
#10668=DIRECTION('ref_axis',(0.707106781186548,-8.41368927876319E-16,0.707106781186548));
#10669=DIRECTION('center_axis',(0.,0.,-1.));
#10670=DIRECTION('ref_axis',(1.,0.,0.));
#10671=DIRECTION('center_axis',(0.707106781186685,0.70710678118641,0.));
#10672=DIRECTION('ref_axis',(0.,0.,1.));
#10673=DIRECTION('center_axis',(0.,0.,-1.));
#10674=DIRECTION('ref_axis',(-0.707106781186407,0.707106781186689,0.));
#10675=DIRECTION('center_axis',(0.,0.,1.));
#10676=DIRECTION('ref_axis',(-0.923879532511249,0.382683432365182,0.));
#10677=DIRECTION('',(0.,0.,1.));
#10678=DIRECTION('center_axis',(-0.707106781186687,-0.707106781186409,-6.03433954313803E-17));
#10679=DIRECTION('ref_axis',(0.499999999999903,-0.5000000000001,0.707106781186546));
#10680=DIRECTION('',(0.707106781186686,0.707106781186408,6.03433954313803E-17));
#10681=DIRECTION('center_axis',(-9.72479865194904E-49,-8.8817841970047E-16,
1.));
#10682=DIRECTION('ref_axis',(-1.,0.,0.));
#10683=DIRECTION('center_axis',(0.,0.,-1.));
#10684=DIRECTION('ref_axis',(-1.09491498962884E-33,-1.,0.));
#10685=DIRECTION('center_axis',(0.,0.,-1.));
#10686=DIRECTION('ref_axis',(1.,0.,0.));
#10687=DIRECTION('center_axis',(0.,0.,-1.));
#10688=DIRECTION('ref_axis',(0.707106781186406,-0.707106781186689,0.));
#10689=DIRECTION('center_axis',(1.09491498962884E-33,1.,0.));
#10690=DIRECTION('ref_axis',(-1.,1.09491498962884E-33,0.));
#10691=DIRECTION('center_axis',(-8.92406511571502E-16,1.,-7.62047351263706E-32));
#10692=DIRECTION('ref_axis',(-0.707106781186548,-6.3102669590724E-16,0.707106781186548));
#10693=DIRECTION('center_axis',(6.30808536718837E-17,-6.90681722439292E-50,
1.));
#10694=DIRECTION('ref_axis',(0.923879532511249,-0.382683432365182,-5.82791096007904E-17));
#10695=DIRECTION('',(6.30808536718837E-17,-4.35788199605348E-33,1.));
#10696=DIRECTION('center_axis',(6.30808536718837E-17,-6.90681722439292E-50,
1.));
#10697=DIRECTION('ref_axis',(0.382683432365004,-0.923879532511322,-2.4139997599671E-17));
#10698=DIRECTION('',(-6.30808536718837E-17,6.90681722439292E-50,-1.));
#10699=DIRECTION('center_axis',(0.,0.,1.));
#10700=DIRECTION('ref_axis',(-1.,0.,0.));
#10701=DIRECTION('center_axis',(0.,0.,-1.));
#10702=DIRECTION('ref_axis',(-0.923879532511286,-0.382683432365093,0.));
#10703=DIRECTION('center_axis',(0.707106781186409,-0.707106781186687,0.));
#10704=DIRECTION('ref_axis',(-0.707106781186687,-0.707106781186409,3.19180810257689E-35));
#10705=DIRECTION('center_axis',(-0.707106781186409,0.707106781186686,4.46048993944165E-17));
#10706=DIRECTION('ref_axis',(0.707106781186686,0.707106781186409,-5.02819937257452E-34));
#10707=DIRECTION('center_axis',(-0.707106781186531,-0.707106781186564,0.));
#10708=DIRECTION('ref_axis',(0.707106781186564,-0.707106781186531,1.43602577445286E-17));
#10709=CARTESIAN_POINT('',(0.,0.,0.));
#10710=CARTESIAN_POINT('Origin',(277.821989847439,36.1332736237638,8.22990770227576));
#10711=CARTESIAN_POINT('',(277.821989847439,36.1332736237638,8.2437660490523));
#10712=CARTESIAN_POINT('',(272.004152881811,36.1332757730293,8.2437660490523));
#10713=CARTESIAN_POINT('',(276.367530606032,36.1332757730293,8.2437660490523));
#10714=CARTESIAN_POINT('',(272.004152881811,36.1332736237638,8.22990770227576));
#10715=CARTESIAN_POINT('',(272.004152881811,36.1332736237638,8.22990770227576));
#10716=CARTESIAN_POINT('',(277.821989847439,36.1332736237638,8.22990770227576));
#10717=CARTESIAN_POINT('',(280.204152881811,36.1332736237638,8.22990770227576));
#10718=CARTESIAN_POINT('',(277.821989847439,36.1335238899332,9.84361031908463));
#10719=CARTESIAN_POINT('Origin',(277.821989847439,26.9990895869507,11.458729617314));
#10720=CARTESIAN_POINT('',(277.821989847439,36.6176478486768,7.73015192676839));
#10721=CARTESIAN_POINT('Ctrl Pts',(277.821989847439,36.1332736237638,8.22990770227576));
#10722=CARTESIAN_POINT('Ctrl Pts',(277.821989847439,36.1970122879043,8.22791479678267));
#10723=CARTESIAN_POINT('Ctrl Pts',(277.821989847439,36.260068569659,8.21373049043229));
#10724=CARTESIAN_POINT('Ctrl Pts',(277.821989847439,36.3189108235411,8.18785621443543));
#10725=CARTESIAN_POINT('Ctrl Pts',(277.821989847439,36.373781293924,8.16372842188676));
#10726=CARTESIAN_POINT('Ctrl Pts',(277.821989847439,36.4238022669011,8.12996594769468));
#10727=CARTESIAN_POINT('Ctrl Pts',(277.821989847439,36.4666580692909,8.08819084351754));
#10728=CARTESIAN_POINT('Ctrl Pts',(277.821989847439,36.5079583095709,8.04793207471544));
#10729=CARTESIAN_POINT('Ctrl Pts',(277.821989847439,36.5388600341079,8.00391313203823));
#10730=CARTESIAN_POINT('Ctrl Pts',(277.821989847439,36.5612895165306,7.96076430836117));
#10731=CARTESIAN_POINT('Ctrl Pts',(277.821989847439,36.5814523222714,7.9219760147505));
#10732=CARTESIAN_POINT('Ctrl Pts',(277.821989847439,36.5957445223142,7.88171798003022));
#10733=CARTESIAN_POINT('Ctrl Pts',(277.821989847439,36.6046569116704,7.84338695916588));
#10734=CARTESIAN_POINT('Ctrl Pts',(277.821989847439,36.6101271353117,7.81986024279963));
#10735=CARTESIAN_POINT('Ctrl Pts',(277.821989847439,36.6133576102715,7.79859425994261));
#10736=CARTESIAN_POINT('Ctrl Pts',(277.821989847439,36.615316626068,7.77837835116365));
#10737=CARTESIAN_POINT('Ctrl Pts',(277.821989847439,36.6170098861034,7.76090488797014));
#10738=CARTESIAN_POINT('Ctrl Pts',(277.821989847439,36.6176478486768,7.74498062394287));
#10739=CARTESIAN_POINT('Ctrl Pts',(277.821989847439,36.6176478486768,7.73015192676839));
#10740=CARTESIAN_POINT('',(277.821989847439,36.6332736237638,7.73015192676839));
#10741=CARTESIAN_POINT('',(277.821989847439,31.8083687178137,7.73015192676839));
#10742=CARTESIAN_POINT('',(277.821989847439,36.6332736237638,7.7437660490523));
#10743=CARTESIAN_POINT('',(277.821989847439,36.6332736237638,4.84727511179507));
#10744=CARTESIAN_POINT('Origin',(277.821989847439,36.1332736237638,7.7437660490523));
#10745=CARTESIAN_POINT('Origin',(272.004152881811,36.6176478486768,7.73015192676839));
#10746=CARTESIAN_POINT('',(272.004152881811,36.6332736237638,7.73015192676839));
#10747=CARTESIAN_POINT('',(273.458612123218,36.6332736237638,7.73015192676839));
#10748=CARTESIAN_POINT('',(272.004152881811,36.6176478486768,7.73015192676839));
#10749=CARTESIAN_POINT('',(280.204152881811,36.6176478486768,7.73015192676839));
#10750=CARTESIAN_POINT('',(272.004152881811,36.6176478486768,7.73015192676839));
#10751=CARTESIAN_POINT('Origin',(271.821989847439,36.9990895869507,7.18958407112785));
#10752=CARTESIAN_POINT('',(275.647989847439,36.6332736237638,7.18958407112785));
#10753=CARTESIAN_POINT('',(272.004152881811,36.6332736237638,7.18958407112785));
#10754=CARTESIAN_POINT('',(273.367530606032,36.6332736237638,7.18958407112785));
#10755=CARTESIAN_POINT('',(272.004152881811,33.9579585598502,7.18958407112785));
#10756=CARTESIAN_POINT('',(272.004152881811,36.8083687178137,7.18958407112785));
#10757=CARTESIAN_POINT('',(271.821989847439,33.9579586982032,7.18958407112785));
#10758=CARTESIAN_POINT('',(273.734989847439,33.9579586982032,7.18958407112785));
#10759=CARTESIAN_POINT('',(271.821989847439,34.1503688081278,7.18958407112785));
#10760=CARTESIAN_POINT('',(271.821989847439,31.9701727621259,7.18958407112785));
#10761=CARTESIAN_POINT('',(256.803989847439,34.1503688081278,7.18958407112785));
#10762=CARTESIAN_POINT('',(260.821989847439,34.1503688081278,7.18958407112785));
#10763=CARTESIAN_POINT('',(256.803989847439,32.167800784395,7.18958407112785));
#10764=CARTESIAN_POINT('',(256.803989847439,32.164340138623,7.18958407112785));
#10765=CARTESIAN_POINT('',(250.125973661197,32.1678007842841,7.18958407112785));
#10766=CARTESIAN_POINT('',(264.455385454957,32.167800784522,7.18958407112785));
#10767=CARTESIAN_POINT('',(250.125973661204,31.7678007842715,7.18958407112785));
#10768=CARTESIAN_POINT('',(250.125973661157,34.5834369096861,7.18958407112785));
#10769=CARTESIAN_POINT('',(256.803989847439,31.7678007843824,7.18958407112785));
#10770=CARTESIAN_POINT('',(260.973981754365,31.7678007844516,7.18958407112785));
#10771=CARTESIAN_POINT('',(256.803989847439,31.0610936022232,7.18958407112785));
#10772=CARTESIAN_POINT('',(256.803989847439,32.164340138623,7.18958407112785));
#10773=CARTESIAN_POINT('',(250.104709804201,31.0610936021119,7.18958407112785));
#10774=CARTESIAN_POINT('',(264.429237606572,31.0610936023498,7.18958407112785));
#10775=CARTESIAN_POINT('',(250.104709804208,30.6610936020993,7.18958407112785));
#10776=CARTESIAN_POINT('',(250.104709804152,34.0300833186347,7.18958407112785));
#10777=CARTESIAN_POINT('',(256.803989847439,30.6610936022106,7.18958407112785));
#10778=CARTESIAN_POINT('',(260.963349825876,30.6610936022796,7.18958407112785));
#10779=CARTESIAN_POINT('',(256.803989847439,29.8999631467806,7.18958407112785));
#10780=CARTESIAN_POINT('',(256.803989847439,32.164340138623,7.18958407112785));
#10781=CARTESIAN_POINT('',(250.021989847439,29.8999631467806,7.18958407112785));
#10782=CARTESIAN_POINT('',(264.513071364625,29.8999631467806,7.18958407112785));
#10783=CARTESIAN_POINT('',(249.821989847439,29.6999631467806,7.18958407112785));
#10784=CARTESIAN_POINT('Origin',(250.021989847439,29.6999631467806,7.18958407112782));
#10785=CARTESIAN_POINT('',(249.821989847439,35.9990895869507,7.18958407112785));
#10786=CARTESIAN_POINT('',(249.821989847439,16.9990895869507,7.18958407112785));
#10787=CARTESIAN_POINT('',(250.821989847439,36.9990895869507,7.18958407112785));
#10788=CARTESIAN_POINT('Origin',(250.821989847439,35.9990895869507,7.18958407112785));
#10789=CARTESIAN_POINT('',(274.647989847439,36.9990895869507,7.18958407112785));
#10790=CARTESIAN_POINT('',(271.821989847439,36.9990895869507,7.18958407112785));
#10791=CARTESIAN_POINT('',(275.647989847439,37.9990895869507,7.18958407112785));
#10792=CARTESIAN_POINT('Origin',(274.647989847439,37.9990895869507,7.18958407112785));
#10793=CARTESIAN_POINT('',(275.647989847439,22.9884831519277,7.18958407112785));
#10794=CARTESIAN_POINT('Origin',(278.212108364204,34.5662304464286,8.23015073211868));
#10795=CARTESIAN_POINT('',(278.212108364204,34.566232558003,8.2437660490523));
#10796=CARTESIAN_POINT('',(277.821989847439,34.5662325042047,8.2437660490523));
#10797=CARTESIAN_POINT('',(276.660505941952,34.566232344033,8.2437660490523));
#10798=CARTESIAN_POINT('',(277.821989847439,34.5662303926302,8.23015073212703));
#10799=CARTESIAN_POINT('',(277.821989847439,34.5662303926302,8.23015073212703));
#10800=CARTESIAN_POINT('',(278.212108364204,34.5662304464286,8.23015073211869));
#10801=CARTESIAN_POINT('',(282.901477958203,34.5662310931048,8.23015073201839));
#10802=CARTESIAN_POINT('',(278.212108364204,34.5662304464286,8.23015073211869));
#10803=CARTESIAN_POINT('Ctrl Pts',(278.213654099649,34.5585274099925,8.23015192676843));
#10804=CARTESIAN_POINT('Ctrl Pts',(278.213654099649,34.5585298206284,8.24569557601172));
#10805=CARTESIAN_POINT('Ctrl Pts',(278.212996546806,34.5585274099925,8.23015192676843));
#10806=CARTESIAN_POINT('Ctrl Pts',(278.212996546806,34.5585298206284,8.24569557601172));
#10807=CARTESIAN_POINT('Ctrl Pts',(278.212223679349,34.5650811200086,8.23015091036561));
#10808=CARTESIAN_POINT('Ctrl Pts',(278.212223679349,34.5650835306446,8.24569455960889));
#10809=CARTESIAN_POINT('Ctrl Pts',(278.212108364204,34.5662304464286,8.23015073211869));
#10810=CARTESIAN_POINT('Ctrl Pts',(278.212108364204,34.5662328570645,8.24569438136198));
#10811=CARTESIAN_POINT('',(278.213654099649,34.5585295213813,8.2437660490523));
#10812=CARTESIAN_POINT('Ctrl Pts',(278.213654099649,34.5585295213816,8.2437660490523));
#10813=CARTESIAN_POINT('Ctrl Pts',(278.213138856383,34.5585295213816,8.2437660490523));
#10814=CARTESIAN_POINT('Ctrl Pts',(278.212623610927,34.5610971814401,8.24376565083859));
#10815=CARTESIAN_POINT('Ctrl Pts',(278.212108364204,34.5662325578178,8.24376485440256));
#10816=CARTESIAN_POINT('',(278.213654099649,34.5585274099922,8.23015192676843));
#10817=CARTESIAN_POINT('Ctrl Pts',(278.213654099649,34.5585274099925,8.23015192676843));
#10818=CARTESIAN_POINT('Ctrl Pts',(278.212996546806,34.5585274099925,8.23015192676843));
#10819=CARTESIAN_POINT('Ctrl Pts',(278.212223679349,34.5650811200086,8.2301509103656));
#10820=CARTESIAN_POINT('Ctrl Pts',(278.212108364204,34.5662304464286,8.23015073211869));
#10821=CARTESIAN_POINT('',(278.213654099649,34.5585274099922,8.23015192676843));
#10822=CARTESIAN_POINT('Origin',(272.004152881811,34.5585274099922,8.23015192676843));
#10823=CARTESIAN_POINT('',(272.004152881811,34.5585295213813,8.2437660490523));
#10824=CARTESIAN_POINT('',(273.55652818627,34.5585295213813,8.2437660490523));
#10825=CARTESIAN_POINT('',(272.004152881811,34.5585274099922,8.23015192676843));
#10826=CARTESIAN_POINT('',(280.204152881811,34.5585274099922,8.23015192676843));
#10827=CARTESIAN_POINT('',(272.004152881811,34.5585274099922,8.23015192676843));
#10828=CARTESIAN_POINT('Origin',(277.821989847439,34.5662303926302,8.23015073212702));
#10829=CARTESIAN_POINT('',(277.821989847439,34.5741540970409,8.2437660490523));
#10830=CARTESIAN_POINT('',(277.821989847439,34.3146057958927,7.79782883934933));
#10831=CARTESIAN_POINT('',(277.821989847439,34.6712689866304,8.2437660490523));
#10832=CARTESIAN_POINT('Origin',(271.821989847439,34.9940835180145,8.2437660490523));
#10833=CARTESIAN_POINT('',(272.004152881811,34.9940856398797,8.2437660490523));
#10834=CARTESIAN_POINT('',(272.004152881811,34.9940835180144,8.22787516350009));
#10835=CARTESIAN_POINT('',(272.004152881811,34.9940835180145,8.23692521311269));
#10836=CARTESIAN_POINT('',(271.821989847439,34.9940835180144,8.22787516350009));
#10837=CARTESIAN_POINT('',(271.821989847439,34.9940835180144,8.22787516350009));
#10838=CARTESIAN_POINT('',(271.821989847439,34.9940835180145,8.2437660490523));
#10839=CARTESIAN_POINT('',(271.821989847439,34.9940835180144,15.7278751635001));
#10840=CARTESIAN_POINT('',(278.710288766803,34.9940835180145,8.2437660490523));
#10841=CARTESIAN_POINT('Origin',(280.204152881811,20.0180369212184,8.23015192676843));
#10842=CARTESIAN_POINT('',(277.821989847439,20.0180369212184,8.23015192676843));
#10843=CARTESIAN_POINT('',(277.821989847439,20.0180518444212,8.15026013428553));
#10844=CARTESIAN_POINT('',(277.821989847439,20.0177355056625,9.84378871093507));
#10845=CARTESIAN_POINT('',(272.004152881811,20.0180369212184,8.23015192676843));
#10846=CARTESIAN_POINT('',(280.204152881811,20.0180369212184,8.23015192676843));
#10847=CARTESIAN_POINT('',(272.004152881811,20.0182312916875,7.18958407112791));
#10848=CARTESIAN_POINT('',(272.004152881811,20.0182312916875,7.18958407112791));
#10849=CARTESIAN_POINT('',(277.213654099649,20.0182483269515,7.18958407112785));
#10850=CARTESIAN_POINT('',(276.013071364625,20.0182312916875,7.18958407112785));
#10851=CARTESIAN_POINT('',(277.213654099649,20.0182237139086,7.23015192676844));
#10852=CARTESIAN_POINT('',(277.213654099649,20.018248326963,7.42187722204873));
#10853=CARTESIAN_POINT('Origin',(278.213654099649,20.0182237139086,7.23015192676844));
#10854=CARTESIAN_POINT('Origin',(280.204152881811,17.0176478486768,7.18958407112791));
#10855=CARTESIAN_POINT('',(277.821989847439,17.0176478486768,7.18958407112785));
#10856=CARTESIAN_POINT('',(277.821989847439,17.0138605507022,7.70547495667999));
#10857=CARTESIAN_POINT('',(277.821989847439,17.0022471600027,9.28740551837416));
#10858=CARTESIAN_POINT('',(272.004152881811,17.0176478486768,7.18958407112791));
#10859=CARTESIAN_POINT('',(276.013071364625,17.0176478486768,7.18958407112785));
#10860=CARTESIAN_POINT('',(272.004152881811,17.0138605507022,7.70547495667999));
#10861=CARTESIAN_POINT('',(272.004152881811,17.0138605507022,7.70547495667999));
#10862=CARTESIAN_POINT('',(280.204152881811,17.0138605507022,7.70547495667999));
#10863=CARTESIAN_POINT('Origin',(280.204152881811,17.5332736237639,8.23015192676843));
#10864=CARTESIAN_POINT('',(277.821989847439,18.8822781990457,8.23015192676844));
#10865=CARTESIAN_POINT('',(272.004152881811,18.8822781990457,8.23015192676843));
#10866=CARTESIAN_POINT('Ctrl Pts',(277.821989847439,18.8822781990457,8.23015192676843));
#10867=CARTESIAN_POINT('Ctrl Pts',(276.821989847439,18.8822781990457,8.23015192676843));
#10868=CARTESIAN_POINT('Ctrl Pts',(275.821989847439,18.8822781990457,8.23015192676843));
#10869=CARTESIAN_POINT('Ctrl Pts',(273.882710858896,18.8822781990457,8.23015192676843));
#10870=CARTESIAN_POINT('Ctrl Pts',(272.943431870353,18.8822781990457,8.23015192676844));
#10871=CARTESIAN_POINT('Ctrl Pts',(272.004152881811,18.8822781990457,8.23015192676843));
#10872=CARTESIAN_POINT('',(277.821989847439,17.5332736237639,8.23015192676843));
#10873=CARTESIAN_POINT('',(277.821989847439,22.2661816053573,8.23015192676843));
#10874=CARTESIAN_POINT('',(272.004152881811,17.5332736237639,8.23015192676843));
#10875=CARTESIAN_POINT('',(280.204152881811,17.5332736237639,8.23015192676843));
#10876=CARTESIAN_POINT('',(272.004152881811,20.0180369212184,8.23015192676843));
#10877=CARTESIAN_POINT('Origin',(280.204152881811,18.5160388955606,7.70986799894818));
#10878=CARTESIAN_POINT('',(280.204152881811,17.0138605507022,7.70547495667999));
#10879=CARTESIAN_POINT('',(280.204152881811,17.0216948606656,7.79363919858586));
#10880=CARTESIAN_POINT('Origin',(280.204152881811,17.5138605507022,7.70547495667999));
#10881=CARTESIAN_POINT('',(280.204152881811,17.0260014786464,7.82116756738022));
#10882=CARTESIAN_POINT('Origin',(280.204152881811,17.5346995757565,7.7093008023809));
#10883=CARTESIAN_POINT('Origin',(280.204152881811,17.5176478486768,7.73015192676843));
#10884=CARTESIAN_POINT('Origin',(280.204152881811,17.5332736237639,8.23015192676843));
#10885=CARTESIAN_POINT('',(277.821989847439,18.8884283565876,8.23015192676843));
#10886=CARTESIAN_POINT('',(277.821989847439,22.2661816053573,8.23015192676843));
#10887=CARTESIAN_POINT('',(272.004152881811,18.8884283565876,8.23015192676843));
#10888=CARTESIAN_POINT('',(276.013071364625,18.8884283565876,8.23015192676843));
#10889=CARTESIAN_POINT('',(272.004152881811,20.0180369212184,8.23015192676843));
#10890=CARTESIAN_POINT('Origin',(280.204152881811,17.5346995757565,7.7093008023809));
#10891=CARTESIAN_POINT('',(277.821989847439,17.1152134332718,8.01803904649422));
#10892=CARTESIAN_POINT('Origin',(277.821989847439,17.5346995757565,7.7093008023809));
#10893=CARTESIAN_POINT('',(278.095303762355,17.1152134332118,8.01803904640788));
#10894=CARTESIAN_POINT('',(280.204152881811,17.1152134332718,8.01803904649422));
#10895=CARTESIAN_POINT('',(278.213654099649,17.0260014786464,7.82116756738021));
#10896=CARTESIAN_POINT('Ctrl Pts',(278.213654099649,17.0260014786464,7.82116756738021));
#10897=CARTESIAN_POINT('Ctrl Pts',(278.203465943838,17.0260014786464,7.82116756738022));
#10898=CARTESIAN_POINT('Ctrl Pts',(278.193136067194,17.0263033151681,7.82257112041407));
#10899=CARTESIAN_POINT('Ctrl Pts',(278.173866280239,17.0276239326537,7.82834175714675));
#10900=CARTESIAN_POINT('Ctrl Pts',(278.164992338725,17.0286151622729,7.83259634834695));
#10901=CARTESIAN_POINT('Ctrl Pts',(278.147357969345,17.0318514140831,7.84525061803268));
#10902=CARTESIAN_POINT('Ctrl Pts',(278.139615176891,17.0341974613659,7.85382577749146));
#10903=CARTESIAN_POINT('Ctrl Pts',(278.126592491968,17.0402738786455,7.87343498139619));
#10904=CARTESIAN_POINT('Ctrl Pts',(278.121500482159,17.0440179275621,7.8843880689581));
#10905=CARTESIAN_POINT('Ctrl Pts',(278.10968505043,17.0561351948756,7.91608556230684));
#10906=CARTESIAN_POINT('Ctrl Pts',(278.1042517047,17.0670615748199,7.9406123885118));
#10907=CARTESIAN_POINT('Ctrl Pts',(278.098127330155,17.0912571584059,7.98317033053992));
#10908=CARTESIAN_POINT('Ctrl Pts',(278.096400900006,17.1022895782981,8.00047925863334));
#10909=CARTESIAN_POINT('Ctrl Pts',(278.095303762419,17.1152134332114,8.01803904641215));
#10910=CARTESIAN_POINT('',(280.204152881811,17.0260014786464,7.82116756738022));
#10911=CARTESIAN_POINT('',(286.249330701029,17.0138605507022,7.70547495667999));
#10912=CARTESIAN_POINT('Origin',(272.004152881811,17.5346995757565,7.7093008023809));
#10913=CARTESIAN_POINT('Origin',(272.004152881811,18.5160388955606,7.70986799894818));
#10914=CARTESIAN_POINT('',(272.004152881811,18.8884283565876,8.22787516350864));
#10915=CARTESIAN_POINT('',(272.004152881811,18.8884283565853,7.96887158122675));
#10916=CARTESIAN_POINT('Ctrl Pts',(272.004152881811,18.8822781990457,8.23015192676843));
#10917=CARTESIAN_POINT('Ctrl Pts',(272.004152881811,18.8831790873244,8.22948491485242));
#10918=CARTESIAN_POINT('Ctrl Pts',(272.004152881811,18.8841536486897,8.22890998479117));
#10919=CARTESIAN_POINT('Ctrl Pts',(272.004152881811,18.8862334131015,8.22810006915588));
#10920=CARTESIAN_POINT('Ctrl Pts',(272.004152881811,18.8873123716972,8.22787516350864));
#10921=CARTESIAN_POINT('Ctrl Pts',(272.004152881811,18.8884283565876,8.22787516350864));
#10922=CARTESIAN_POINT('',(272.004152881811,27.7575642412557,7.18958407112785));
#10923=CARTESIAN_POINT('Origin',(280.204152881811,33.9579585598502,7.18958407112785));
#10924=CARTESIAN_POINT('',(277.213654099649,33.9579585598502,7.18958407112785));
#10925=CARTESIAN_POINT('',(277.213654099649,33.9813724970411,7.23015192676844));
#10926=CARTESIAN_POINT('',(277.213654099649,34.5155024013362,8.15560520163368));
#10927=CARTESIAN_POINT('',(275.647989847439,33.9579586982032,7.18958407112785));
#10928=CARTESIAN_POINT('',(278.710363408449,33.9579584275906,7.18958407112785));
#10929=CARTESIAN_POINT('',(273.734989847439,33.9579586982032,7.18958407112785));
#10930=CARTESIAN_POINT('',(272.004152881811,33.9579585598502,7.18958407112785));
#10931=CARTESIAN_POINT('Origin',(278.213654099649,33.9813724970411,7.23015192676844));
#10932=CARTESIAN_POINT('Ctrl Pts',(280.204152881811,36.1332736237638,8.22990770227576));
#10933=CARTESIAN_POINT('Ctrl Pts',(272.004152881811,36.1332736237638,8.22990770227576));
#10934=CARTESIAN_POINT('Ctrl Pts',(280.204152881811,36.1970122879043,8.22791479678267));
#10935=CARTESIAN_POINT('Ctrl Pts',(272.004152881811,36.1970122879043,8.22791479678267));
#10936=CARTESIAN_POINT('Ctrl Pts',(280.204152881811,36.260068569659,8.21373049043229));
#10937=CARTESIAN_POINT('Ctrl Pts',(272.004152881811,36.260068569659,8.21373049043229));
#10938=CARTESIAN_POINT('Ctrl Pts',(280.204152881811,36.373781293924,8.16372842188676));
#10939=CARTESIAN_POINT('Ctrl Pts',(272.004152881811,36.373781293924,8.16372842188676));
#10940=CARTESIAN_POINT('Ctrl Pts',(280.204152881811,36.4238022669011,8.12996594769468));
#10941=CARTESIAN_POINT('Ctrl Pts',(272.004152881811,36.4238022669011,8.12996594769468));
#10942=CARTESIAN_POINT('Ctrl Pts',(280.204152881811,36.5079583095709,8.04793207471544));
#10943=CARTESIAN_POINT('Ctrl Pts',(272.004152881811,36.5079583095709,8.04793207471544));
#10944=CARTESIAN_POINT('Ctrl Pts',(280.204152881811,36.5388600341079,8.00391313203823));
#10945=CARTESIAN_POINT('Ctrl Pts',(272.004152881811,36.5388600341079,8.00391313203823));
#10946=CARTESIAN_POINT('Ctrl Pts',(280.204152881811,36.5814523222714,7.9219760147505));
#10947=CARTESIAN_POINT('Ctrl Pts',(272.004152881811,36.5814523222714,7.9219760147505));
#10948=CARTESIAN_POINT('Ctrl Pts',(280.204152881811,36.5957445223142,7.88171798003022));
#10949=CARTESIAN_POINT('Ctrl Pts',(272.004152881811,36.5957445223142,7.88171798003022));
#10950=CARTESIAN_POINT('Ctrl Pts',(280.204152881811,36.6101271353117,7.81986024279963));
#10951=CARTESIAN_POINT('Ctrl Pts',(272.004152881811,36.6101271353117,7.81986024279963));
#10952=CARTESIAN_POINT('Ctrl Pts',(280.204152881811,36.6133576102715,7.79859425994261));
#10953=CARTESIAN_POINT('Ctrl Pts',(272.004152881811,36.6133576102715,7.79859425994261));
#10954=CARTESIAN_POINT('Ctrl Pts',(280.204152881811,36.6170098861034,7.76090488797014));
#10955=CARTESIAN_POINT('Ctrl Pts',(272.004152881811,36.6170098861034,7.76090488797014));
#10956=CARTESIAN_POINT('Ctrl Pts',(280.204152881811,36.6176478486768,7.74498062394287));
#10957=CARTESIAN_POINT('Ctrl Pts',(272.004152881811,36.6176478486768,7.74498062394287));
#10958=CARTESIAN_POINT('Ctrl Pts',(280.204152881811,36.6176478486768,7.73015192676839));
#10959=CARTESIAN_POINT('Ctrl Pts',(272.004152881811,36.6176478486768,7.73015192676839));
#10960=CARTESIAN_POINT('Ctrl Pts',(272.004152881811,36.1332736237638,8.22990770227576));
#10961=CARTESIAN_POINT('Ctrl Pts',(272.004152881811,36.1970122879043,8.22791479678267));
#10962=CARTESIAN_POINT('Ctrl Pts',(272.004152881811,36.260068569659,8.21373049043229));
#10963=CARTESIAN_POINT('Ctrl Pts',(272.004152881811,36.3189108235411,8.18785621443543));
#10964=CARTESIAN_POINT('Ctrl Pts',(272.004152881811,36.373781293924,8.16372842188676));
#10965=CARTESIAN_POINT('Ctrl Pts',(272.004152881811,36.4238022669011,8.12996594769468));
#10966=CARTESIAN_POINT('Ctrl Pts',(272.004152881811,36.4666580692909,8.08819084351754));
#10967=CARTESIAN_POINT('Ctrl Pts',(272.004152881811,36.5079583095709,8.04793207471544));
#10968=CARTESIAN_POINT('Ctrl Pts',(272.004152881811,36.5388600341079,8.00391313203823));
#10969=CARTESIAN_POINT('Ctrl Pts',(272.004152881811,36.5612895165306,7.96076430836117));
#10970=CARTESIAN_POINT('Ctrl Pts',(272.004152881811,36.5814523222714,7.9219760147505));
#10971=CARTESIAN_POINT('Ctrl Pts',(272.004152881811,36.5957445223142,7.88171798003022));
#10972=CARTESIAN_POINT('Ctrl Pts',(272.004152881811,36.6046569116704,7.84338695916588));
#10973=CARTESIAN_POINT('Ctrl Pts',(272.004152881811,36.6101271353117,7.81986024279963));
#10974=CARTESIAN_POINT('Ctrl Pts',(272.004152881811,36.6133576102715,7.79859425994261));
#10975=CARTESIAN_POINT('Ctrl Pts',(272.004152881811,36.615316626068,7.77837835116365));
#10976=CARTESIAN_POINT('Ctrl Pts',(272.004152881811,36.6170098861034,7.76090488797014));
#10977=CARTESIAN_POINT('Ctrl Pts',(272.004152881811,36.6176478486768,7.74498062394287));
#10978=CARTESIAN_POINT('Ctrl Pts',(272.004152881811,36.6176478486768,7.73015192676839));
#10979=CARTESIAN_POINT('Origin',(272.004152881811,35.287832216335,7.70986799894814));
#10980=CARTESIAN_POINT('',(272.004152881811,35.8280312180511,8.22863175835922));
#10981=CARTESIAN_POINT('',(272.004152881811,35.8280333599748,8.2437660490523));
#10982=CARTESIAN_POINT('',(272.004152881811,35.8280312180511,15.7278751635001));
#10983=CARTESIAN_POINT('',(272.004152881811,35.9940835180145,8.22863175835922));
#10984=CARTESIAN_POINT('',(272.004152881811,26.0478101480844,8.22863175835922));
#10985=CARTESIAN_POINT('',(272.004152881811,35.9940835180145,8.22787516350009));
#10986=CARTESIAN_POINT('',(272.004152881811,35.9940835180145,7.96887158122411));
#10987=CARTESIAN_POINT('',(272.004152881811,35.1409578671747,8.22787516350009));
#10988=CARTESIAN_POINT('',(272.004152881811,34.8851955493225,8.2437660490523));
#10989=CARTESIAN_POINT('',(272.004152881811,36.6332736237638,7.32472603503799));
#10990=CARTESIAN_POINT('',(272.004152881811,36.056964095133,8.2437660490523));
#10991=CARTESIAN_POINT('Origin',(271.821989847439,36.9990895869507,7.18958407112785));
#10992=CARTESIAN_POINT('',(277.821989847439,17.0138605507022,7.18958407112785));
#10993=CARTESIAN_POINT('',(277.821989847439,16.9990895869507,7.18958407112785));
#10994=CARTESIAN_POINT('',(275.647989847439,17.0138605507022,7.18958407112785));
#10995=CARTESIAN_POINT('',(286.362024465693,17.0138605507022,7.18958407112785));
#10996=CARTESIAN_POINT('',(275.647989847439,15.6990895869507,7.18958407112785));
#10997=CARTESIAN_POINT('',(275.647989847439,12.9884831519277,7.18958407112785));
#10998=CARTESIAN_POINT('',(274.647989847439,16.6990895869507,7.18958407112785));
#10999=CARTESIAN_POINT('Origin',(274.647989847439,15.6990895869507,7.18958407112785));
#11000=CARTESIAN_POINT('',(250.821989847439,16.6990895869507,7.18958407112785));
#11001=CARTESIAN_POINT('',(271.821989847439,16.6990895869507,7.18958407112785));
#11002=CARTESIAN_POINT('',(249.821989847439,17.6990895869507,7.18958407112785));
#11003=CARTESIAN_POINT('Origin',(250.821989847439,17.6990895869507,7.18958407112785));
#11004=CARTESIAN_POINT('',(249.821989847439,24.284374224913,7.18958407112785));
#11005=CARTESIAN_POINT('',(249.821989847439,16.9990895869507,7.18958407112785));
#11006=CARTESIAN_POINT('',(250.021989847439,24.084374224913,7.18958407112785));
#11007=CARTESIAN_POINT('Origin',(250.021989847439,24.284374224913,7.18958407112785));
#11008=CARTESIAN_POINT('',(256.803989847439,24.084374224913,7.18958407112785));
#11009=CARTESIAN_POINT('',(264.513071364625,24.084374224913,7.18958407112785));
#11010=CARTESIAN_POINT('',(256.803989847439,22.9775768703608,7.18958407112785));
#11011=CARTESIAN_POINT('',(256.803989847439,32.164340138623,7.18958407112785));
#11012=CARTESIAN_POINT('',(250.126038344524,22.9775768702499,7.18958407112785));
#11013=CARTESIAN_POINT('',(264.482558957178,22.9775768704883,7.18958407112785));
#11014=CARTESIAN_POINT('',(250.126038344531,22.5775768702373,7.18958407112785));
#11015=CARTESIAN_POINT('',(250.126038344408,29.9883249529584,7.18958407112785));
#11016=CARTESIAN_POINT('',(256.803989847439,22.5775768703482,7.18958407112785));
#11017=CARTESIAN_POINT('',(260.974014096105,22.5775768704174,7.18958407112785));
#11018=CARTESIAN_POINT('',(256.803989847439,22.1230950249731,7.18958407112785));
#11019=CARTESIAN_POINT('',(256.803989847439,32.164340138623,7.18958407112785));
#11020=CARTESIAN_POINT('',(250.15450975727,22.1230950248627,7.18958407112785));
#11021=CARTESIAN_POINT('',(264.469653503077,22.1230950251004,7.18958407112785));
#11022=CARTESIAN_POINT('',(250.154509757277,21.7230950248501,7.18958407112785));
#11023=CARTESIAN_POINT('',(250.154509757147,29.5610840302919,7.18958407112785));
#11024=CARTESIAN_POINT('',(256.803989847439,21.7230950249605,7.18958407112785));
#11025=CARTESIAN_POINT('',(260.988249802485,21.7230950250299,7.18958407112785));
#11026=CARTESIAN_POINT('',(256.803989847439,19.6335537893441,7.18958407112785));
#11027=CARTESIAN_POINT('',(256.803989847439,32.164340138623,7.18958407112785));
#11028=CARTESIAN_POINT('',(271.821989847439,19.6335537893441,7.18958407112785));
#11029=CARTESIAN_POINT('',(271.821989847439,19.6335537893441,7.18958407112785));
#11030=CARTESIAN_POINT('',(271.821989847439,20.0335537893243,7.18958407112785));
#11031=CARTESIAN_POINT('',(271.821989847439,31.9701727621259,7.18958407112785));
#11032=CARTESIAN_POINT('',(275.647989847439,20.0335537893243,7.18958407112785));
#11033=CARTESIAN_POINT('',(273.734989847439,20.0335537893243,7.18958407112785));
#11034=CARTESIAN_POINT('',(277.821989847439,20.0334929106661,7.18958407112785));
#11035=CARTESIAN_POINT('',(278.710153769301,20.0334680393562,7.18958407112785));
#11036=CARTESIAN_POINT('',(277.821989847439,20.0182312916875,7.18958407112785));
#11037=CARTESIAN_POINT('',(277.821989847439,16.9990895869507,7.18958407112785));
#11038=CARTESIAN_POINT('',(285.21199245304,20.0180243489816,7.18958407112785));
#11039=CARTESIAN_POINT('Origin',(277.821989847439,26.9990895869507,11.458729617314));
#11040=CARTESIAN_POINT('',(277.821989847439,17.0138605507022,4.82812956560892));
#11041=CARTESIAN_POINT('Origin',(277.821989847439,26.9990895869507,11.458729617314));
#11042=CARTESIAN_POINT('',(277.821989847439,18.8721804174474,8.2437660490523));
#11043=CARTESIAN_POINT('Ctrl Pts',(277.821989847439,18.8822781990457,8.23015192676845));
#11044=CARTESIAN_POINT('Ctrl Pts',(277.821989847439,18.8772292368743,8.23389014604791));
#11045=CARTESIAN_POINT('Ctrl Pts',(277.821989847439,18.8721804174474,8.2437660490523));
#11046=CARTESIAN_POINT('',(277.821989847439,17.5332736237639,8.2437660490523));
#11047=CARTESIAN_POINT('',(277.821989847439,31.8161816053573,8.2437660490523));
#11048=CARTESIAN_POINT('Origin',(277.821989847439,17.5332736237639,7.7437660490523));
#11049=CARTESIAN_POINT('Origin',(286.249330701029,17.5138605507022,7.70547495667999));
#11050=CARTESIAN_POINT('',(290.596602318111,17.0216948606656,7.79363919858587));
#11051=CARTESIAN_POINT('',(293.255468950896,17.0216948606656,7.79363919858586));
#11052=CARTESIAN_POINT('',(290.596602318111,17.0138605507022,7.70547495667999));
#11053=CARTESIAN_POINT('Origin',(290.596602318111,17.5138605507022,7.70547495667999));
#11054=CARTESIAN_POINT('',(286.249330701029,17.0138605507022,7.70547495667999));
#11055=CARTESIAN_POINT('Origin',(293.255468950896,17.5176478486768,7.73015192676843));
#11056=CARTESIAN_POINT('',(278.213654099649,17.1970781316139,8.11386413207633));
#11057=CARTESIAN_POINT('Origin',(278.213654099649,17.5176478486768,7.73015192676843));
#11058=CARTESIAN_POINT('',(284.598587686167,17.1970781316139,8.11386413207632));
#11059=CARTESIAN_POINT('',(293.255468950896,17.1970781316139,8.11386413207634));
#11060=CARTESIAN_POINT('',(284.761543235022,17.5176478486768,8.23015192676843));
#11061=CARTESIAN_POINT('Ctrl Pts',(284.761543235022,17.5176478486768,8.23015192676843));
#11062=CARTESIAN_POINT('Ctrl Pts',(284.749342451691,17.4540446145701,8.23015192676843));
#11063=CARTESIAN_POINT('Ctrl Pts',(284.735874379284,17.3958844874041,8.21803699631352));
#11064=CARTESIAN_POINT('Ctrl Pts',(284.703488205936,17.2977761743821,8.18210272730318));
#11065=CARTESIAN_POINT('Ctrl Pts',(284.68590197855,17.260903179626,8.16028565658291));
#11066=CARTESIAN_POINT('Ctrl Pts',(284.656926011588,17.2247840385226,8.13562065515885));
#11067=CARTESIAN_POINT('Ctrl Pts',(284.647811639514,17.2161975664187,8.12914113579924));
#11068=CARTESIAN_POINT('Ctrl Pts',(284.632014352125,17.2057124479173,8.12095111988882));
#11069=CARTESIAN_POINT('Ctrl Pts',(284.625056295912,17.2021916850063,8.11809034763067));
#11070=CARTESIAN_POINT('Ctrl Pts',(284.611390010674,17.1980743688376,8.11470150982174));
#11071=CARTESIAN_POINT('Ctrl Pts',(284.605089903285,17.1970781316139,8.11386413207636));
#11072=CARTESIAN_POINT('Ctrl Pts',(284.598587686167,17.1970781316139,8.11386413207636));
#11073=CARTESIAN_POINT('',(297.602740567978,17.5176478486768,8.23015192676843));
#11074=CARTESIAN_POINT('',(293.255468950896,17.5176478486768,8.23015192676843));
#11075=CARTESIAN_POINT('',(297.602740567978,17.0216948606656,7.7936391985855));
#11076=CARTESIAN_POINT('Origin',(297.602740567978,17.5176478486768,7.73015192676843));
#11077=CARTESIAN_POINT('',(291.207515849782,17.0216948606656,7.79363919858552));
#11078=CARTESIAN_POINT('',(293.255468950896,17.0216948606656,7.79363919858551));
#11079=CARTESIAN_POINT('',(291.00773744626,17.0176478486768,7.73015192676843));
#11080=CARTESIAN_POINT('Ctrl Pts',(291.007737446259,17.0176478486768,7.73015192676831));
#11081=CARTESIAN_POINT('Ctrl Pts',(291.077333498107,17.0176478486768,7.75665163787103));
#11082=CARTESIAN_POINT('Ctrl Pts',(291.1112908679,17.0193277826101,7.77237417243119));
#11083=CARTESIAN_POINT('Ctrl Pts',(291.165713393479,17.0211376577916,7.78953494802814));
#11084=CARTESIAN_POINT('Ctrl Pts',(291.186062110628,17.0216948606656,7.79363919858552));
#11085=CARTESIAN_POINT('Ctrl Pts',(291.207515849782,17.0216948606656,7.79363919858552));
#11086=CARTESIAN_POINT('',(290.796380721634,17.0176478486768,7.73015192676843));
#11087=CARTESIAN_POINT('',(293.255468950896,17.0176478486768,7.73015192676843));
#11088=CARTESIAN_POINT('Ctrl Pts',(290.596602318111,17.0216948606656,7.79363919858587));
#11089=CARTESIAN_POINT('Ctrl Pts',(290.647020092457,17.0216948606656,7.79363919858587));
#11090=CARTESIAN_POINT('Ctrl Pts',(290.688917469484,17.0176478486767,7.77107012630019));
#11091=CARTESIAN_POINT('Ctrl Pts',(290.796380721634,17.0176478486768,7.73015192676832));
#11092=CARTESIAN_POINT('Origin',(277.213654099649,36.6176478486768,8.23015192676843));
#11093=CARTESIAN_POINT('',(277.213654099649,33.9764966117264,7.23015192676844));
#11094=CARTESIAN_POINT('',(277.213654099649,36.6176478486768,7.23015192676844));
#11095=CARTESIAN_POINT('',(277.213654099649,33.9674660239353,7.21463627028105));
#11096=CARTESIAN_POINT('',(277.213654099649,34.8190367872306,8.67773919819583));
#11097=CARTESIAN_POINT('',(277.213654099649,33.9646579550023,7.2146362692652));
#11098=CARTESIAN_POINT('',(277.213654099649,35.2922576377471,7.21463674954057));
#11099=CARTESIAN_POINT('',(277.213654099649,33.6257449781377,6.6276220526598));
#11100=CARTESIAN_POINT('',(277.213654099649,34.5158487961073,8.16932635751339));
#11101=CARTESIAN_POINT('',(277.213654099649,33.6335094831962,6.62762205267004));
#11102=CARTESIAN_POINT('',(277.213654099649,35.1254612635312,6.62762205463859));
#11103=CARTESIAN_POINT('',(277.213654099649,34.526572941428,8.17445260239611));
#11104=CARTESIAN_POINT('Origin',(278.213654099649,36.6176478486768,7.23015192676844));
#11105=CARTESIAN_POINT('',(278.213654099649,34.5662311419645,8.23015192676843));
#11106=CARTESIAN_POINT('Origin',(278.213654099649,33.9842004816138,7.23015192676844));
#11107=CARTESIAN_POINT('',(278.213654099649,36.6176478486768,8.23015192676843));
#11108=CARTESIAN_POINT('Origin',(278.213654099649,36.6176478486768,7.23015192676844));
#11109=CARTESIAN_POINT('Origin',(278.213654099649,33.9764967496414,7.23015192676844));
#11110=CARTESIAN_POINT('Origin',(285.598803034568,34.5741345059994,8.2437291247583));
#11111=CARTESIAN_POINT('',(284.598587686167,34.5741558591259,8.2437660490523));
#11112=CARTESIAN_POINT('',(285.598695502358,34.5741559970558,8.2437660490523));
#11113=CARTESIAN_POINT('',(284.763034942886,34.5662320452226,8.23015192676843));
#11114=CARTESIAN_POINT('Origin',(284.598587686167,33.9921251987751,7.2437660490523));
#11115=CARTESIAN_POINT('',(292.100771943279,34.5662330572069,8.23015192676843));
#11116=CARTESIAN_POINT('Origin',(271.821989847439,34.9940835180144,8.22787516350009));
#11117=CARTESIAN_POINT('',(271.821989847439,35.9940835180145,8.22787516350009));
#11118=CARTESIAN_POINT('',(271.821989847439,35.9940835180145,8.22787516350009));
#11119=CARTESIAN_POINT('',(271.821989847439,21.8745220085674,8.22787516350009));
#11120=CARTESIAN_POINT('Origin',(271.821989847439,35.9940835180145,8.22787516350009));
#11121=CARTESIAN_POINT('',(271.821989847439,35.9940835180145,8.22787516350009));
#11122=CARTESIAN_POINT('Origin',(281.140344352011,11.4260305919377,15.5278751635001));
#11123=CARTESIAN_POINT('',(284.340344352011,11.4260305919377,15.7278751635001));
#11124=CARTESIAN_POINT('Origin',(281.140344352011,11.4260305919377,15.7278751635001));
#11125=CARTESIAN_POINT('',(283.940344352011,11.4260305919377,15.3278751635001));
#11126=CARTESIAN_POINT('',(284.140344352011,11.4260305919377,15.5278751635001));
#11127=CARTESIAN_POINT('Origin',(281.140344352011,11.4260305919377,15.3278751635001));
#11128=CARTESIAN_POINT('Origin',(296.621742220877,26.8884831519277,15.7278751635001));
#11129=CARTESIAN_POINT('',(287.807749546966,8.49919706046425,15.7278751635001));
#11130=CARTESIAN_POINT('',(305.435734894775,8.49919706046425,15.7278751635001));
#11131=CARTESIAN_POINT('',(296.621742220874,8.49919706046425,15.7278751635001));
#11132=CARTESIAN_POINT('',(306.996984394374,7.43853688868445,15.7278751635001));
#11133=CARTESIAN_POINT('Origin',(305.435734894775,5.67076993571808,15.7278751635001));
#11134=CARTESIAN_POINT('',(308.558233893974,6.37787671690469,15.7278751635001));
#11135=CARTESIAN_POINT('Origin',(308.558233893974,9.20630384165083,15.7278751635001));
#11136=CARTESIAN_POINT('',(313.567067469569,6.37787671690469,15.7278751635001));
#11137=CARTESIAN_POINT('',(305.508618407596,6.37787671690469,15.7278751635001));
#11138=CARTESIAN_POINT('',(314.557016963231,6.78792722324269,15.7278751635001));
#11139=CARTESIAN_POINT('Origin',(313.567067469569,7.7778767169047,15.7278751635001));
#11140=CARTESIAN_POINT('',(316.585444087977,8.81635434798967,15.7278751635001));
#11141=CARTESIAN_POINT('',(316.405444041,8.63635430101266,15.7278751635001));
#11142=CARTESIAN_POINT('',(316.995494594316,9.80630384165069,15.7278751635001));
#11143=CARTESIAN_POINT('Origin',(315.595494594316,9.80630384165069,15.7278751635001));
#11144=CARTESIAN_POINT('',(316.995494594316,43.9706624622037,15.7278751635001));
#11145=CARTESIAN_POINT('',(316.995494594316,35.8437863694387,15.7278751635001));
#11146=CARTESIAN_POINT('',(316.585444087977,44.9606119558647,15.7278751635001));
#11147=CARTESIAN_POINT('Origin',(315.595494594316,43.9706624622037,15.7278751635001));
#11148=CARTESIAN_POINT('',(314.557016963231,46.9890390806117,15.7278751635001));
#11149=CARTESIAN_POINT('',(314.805444041,46.7406120028427,15.7278751635001));
#11150=CARTESIAN_POINT('',(313.567067469569,47.3990895869507,15.7278751635001));
#11151=CARTESIAN_POINT('Origin',(313.567067469569,45.9990895869507,15.7278751635001));
#11152=CARTESIAN_POINT('',(308.558233893989,47.3990895869507,15.7278751635001));
#11153=CARTESIAN_POINT('',(287.734866034158,47.3990895869507,15.7278751635001));
#11154=CARTESIAN_POINT('',(306.996984394389,46.3384294151709,15.7278751635001));
#11155=CARTESIAN_POINT('Origin',(308.558233893989,44.5706624622045,15.7278751635001));
#11156=CARTESIAN_POINT('',(305.43573489479,45.2777692433911,15.7278751635001));
#11157=CARTESIAN_POINT('Origin',(305.43573489479,48.1061963681372,15.7278751635001));
#11158=CARTESIAN_POINT('',(287.807749546981,45.2777692433911,15.7278751635001));
#11159=CARTESIAN_POINT('',(296.621742220881,45.2777692433911,15.7278751635001));
#11160=CARTESIAN_POINT('',(286.246500047381,46.3384294151709,15.7278751635001));
#11161=CARTESIAN_POINT('Origin',(287.807749546981,48.1061963681372,15.7278751635001));
#11162=CARTESIAN_POINT('',(284.685250547782,47.3990895869507,15.7278751635001));
#11163=CARTESIAN_POINT('Origin',(284.685250547782,44.5706624622045,15.7278751635001));
#11164=CARTESIAN_POINT('',(279.676416972185,47.3990895869507,15.7278751635001));
#11165=CARTESIAN_POINT('',(287.734866034158,47.3990895869507,15.7278751635001));
#11166=CARTESIAN_POINT('',(278.686467478524,46.9890390806117,15.7278751635001));
#11167=CARTESIAN_POINT('Origin',(279.676416972185,45.9990895869507,15.7278751635001));
#11168=CARTESIAN_POINT('',(276.658040353778,44.9606119558647,15.7278751635001));
#11169=CARTESIAN_POINT('',(276.838040400755,45.1406120028427,15.7278751635001));
#11170=CARTESIAN_POINT('',(276.321989847438,44.4197994123618,15.7278751635001));
#11171=CARTESIAN_POINT('Origin',(277.647989847439,43.9706624622037,15.7278751635001));
#11172=CARTESIAN_POINT('',(276.321989847438,36.2990895869507,15.7278751635001));
#11173=CARTESIAN_POINT('',(276.321989847438,26.9148695446144,15.7278751635001));
#11174=CARTESIAN_POINT('',(255.514183909011,36.2990895869507,15.7278751635001));
#11175=CARTESIAN_POINT('',(286.434866034158,36.2990895869507,15.7278751635001));
#11176=CARTESIAN_POINT('',(255.514183909011,17.3990895869507,15.7278751635001));
#11177=CARTESIAN_POINT('',(255.514183909011,21.7937863694392,15.7278751635001));
#11178=CARTESIAN_POINT('',(276.321989847438,17.3990895869507,15.7278751635001));
#11179=CARTESIAN_POINT('',(284.221866034158,17.3990895869507,15.7278751635001));
#11180=CARTESIAN_POINT('',(276.321989847438,9.35716689149248,15.7278751635001));
#11181=CARTESIAN_POINT('',(276.321989847438,26.9148695446144,15.7278751635001));
#11182=CARTESIAN_POINT('',(276.658040353778,8.81635434798967,15.7278751635001));
#11183=CARTESIAN_POINT('Origin',(277.647989847439,9.80630384165069,15.7278751635001));
#11184=CARTESIAN_POINT('',(278.686467478524,6.78792722324269,15.7278751635001));
#11185=CARTESIAN_POINT('',(278.438040400755,7.0363543010127,15.7278751635001));
#11186=CARTESIAN_POINT('',(279.676416972185,6.37787671690469,15.7278751635001));
#11187=CARTESIAN_POINT('Origin',(279.676416972185,7.7778767169047,15.7278751635001));
#11188=CARTESIAN_POINT('',(284.685250547767,6.37787671690469,15.7278751635001));
#11189=CARTESIAN_POINT('',(305.508618407596,6.37787671690469,15.7278751635001));
#11190=CARTESIAN_POINT('',(286.246500047366,7.43853688868444,15.7278751635001));
#11191=CARTESIAN_POINT('Origin',(284.685250547767,9.20630384165083,15.7278751635001));
#11192=CARTESIAN_POINT('Origin',(287.807749546966,5.67076993571808,15.7278751635001));
#11193=CARTESIAN_POINT('',(315.303344352011,11.4260305919377,15.7278751635001));
#11194=CARTESIAN_POINT('Origin',(312.103344352011,11.4260305919377,15.7278751635001));
#11195=CARTESIAN_POINT('',(284.340344352011,42.3510305919377,15.7278751635001));
#11196=CARTESIAN_POINT('Origin',(281.140344352011,42.3510305919377,15.7278751635001));
#11197=CARTESIAN_POINT('',(286.555317221644,34.2990895869507,15.7278751635001));
#11198=CARTESIAN_POINT('',(259.014183909011,34.2990895869507,15.7278751635001));
#11199=CARTESIAN_POINT('',(277.817963064944,34.2990895869507,15.7278751635001));
#11200=CARTESIAN_POINT('',(286.613796176414,19.3990895869507,15.7278751635001));
#11201=CARTESIAN_POINT('Origin',(296.621742220877,26.8884831519277,15.7278751635001));
#11202=CARTESIAN_POINT('',(259.014183909011,19.3990895869507,15.7278751635001));
#11203=CARTESIAN_POINT('',(291.683159995333,19.3990895869507,15.7278751635001));
#11204=CARTESIAN_POINT('',(257.514183909011,20.8990895869507,15.7278751635001));
#11205=CARTESIAN_POINT('Origin',(259.014183909011,20.8990895869508,15.7278751635001));
#11206=CARTESIAN_POINT('',(257.514183909011,32.7990895869507,15.7278751635001));
#11207=CARTESIAN_POINT('',(257.514183909011,23.8937863694392,15.7278751635001));
#11208=CARTESIAN_POINT('Origin',(259.014183909011,32.7990895869506,15.7278751635001));
#11209=CARTESIAN_POINT('',(315.303344352011,42.3510305919377,15.7278751635001));
#11210=CARTESIAN_POINT('Origin',(312.103344352011,42.3510305919377,15.7278751635001));
#11211=CARTESIAN_POINT('Origin',(281.140344352011,11.4260305919377,15.7278751635001));
#11212=CARTESIAN_POINT('',(283.841440112339,10.6884116567544,13.3278751635001));
#11213=CARTESIAN_POINT('',(283.210503708994,9.54070827554239,13.3278751635001));
#11214=CARTESIAN_POINT('Origin',(281.140344352011,11.4260305919377,13.3278751635001));
#11215=CARTESIAN_POINT('',(283.210503708994,9.54070827554239,13.5278751635001));
#11216=CARTESIAN_POINT('',(283.210503708994,9.54070827554239,15.7278751635001));
#11217=CARTESIAN_POINT('',(278.896378310929,9.75133169169616,13.5278751635001));
#11218=CARTESIAN_POINT('Origin',(281.140344352011,11.4260305919377,13.5278751635001));
#11219=CARTESIAN_POINT('',(278.896378310929,9.75133169169616,13.3278751635001));
#11220=CARTESIAN_POINT('',(278.896378310929,9.75133169169616,15.7278751635001));
#11221=CARTESIAN_POINT('',(278.573907739438,10.3064757189438,13.3278751635001));
#11222=CARTESIAN_POINT('Origin',(281.140344352011,11.4260305919377,13.3278751635001));
#11223=CARTESIAN_POINT('',(278.573907739438,10.3064757189438,13.5278751635001));
#11224=CARTESIAN_POINT('',(278.573907739438,10.3064757189438,15.7278751635001));
#11225=CARTESIAN_POINT('',(280.578811334523,14.1691457317507,13.5278751635001));
#11226=CARTESIAN_POINT('Origin',(281.140344352011,11.4260305919377,13.5278751635001));
#11227=CARTESIAN_POINT('',(280.578811334523,14.1691457317507,13.3278751635001));
#11228=CARTESIAN_POINT('',(280.578811334523,14.1691457317507,15.7278751635001));
#11229=CARTESIAN_POINT('',(281.40200142997,14.2137779932555,13.3278751635001));
#11230=CARTESIAN_POINT('Origin',(281.140344352011,11.4260305919377,13.3278751635001));
#11231=CARTESIAN_POINT('',(281.40200142997,14.2137779932555,13.5278751635001));
#11232=CARTESIAN_POINT('',(281.40200142997,14.2137779932555,15.7278751635001));
#11233=CARTESIAN_POINT('',(283.940344352011,11.4260305919377,13.5278751635001));
#11234=CARTESIAN_POINT('Origin',(281.140344352011,11.4260305919377,13.5278751635001));
#11235=CARTESIAN_POINT('',(283.940344352011,11.4260305919377,15.7278751635001));
#11236=CARTESIAN_POINT('',(283.841440112339,10.6884116567544,13.5278751635001));
#11237=CARTESIAN_POINT('Origin',(281.140344352011,11.4260305919377,13.5278751635001));
#11238=CARTESIAN_POINT('',(283.841440112339,10.6884116567546,15.7278751635001));
#11239=CARTESIAN_POINT('Origin',(312.103344352011,11.4260305919377,15.5278751635001));
#11240=CARTESIAN_POINT('',(314.903344352011,11.4260305919377,15.3278751635001));
#11241=CARTESIAN_POINT('',(315.103344352011,11.4260305919377,15.5278751635001));
#11242=CARTESIAN_POINT('Origin',(312.103344352011,11.4260305919377,15.3278751635001));
#11243=CARTESIAN_POINT('Origin',(312.103344352011,11.4260305919377,15.7278751635001));
#11244=CARTESIAN_POINT('',(314.804440112339,10.6884116567544,13.3278751635001));
#11245=CARTESIAN_POINT('',(314.173503708994,9.54070827554239,13.3278751635001));
#11246=CARTESIAN_POINT('Origin',(312.103344352011,11.4260305919377,13.3278751635001));
#11247=CARTESIAN_POINT('',(314.173503708994,9.54070827554239,13.5278751635001));
#11248=CARTESIAN_POINT('',(314.173503708994,9.54070827554239,15.7278751635001));
#11249=CARTESIAN_POINT('',(309.859378310929,9.75133169169616,13.5278751635001));
#11250=CARTESIAN_POINT('Origin',(312.103344352011,11.4260305919377,13.5278751635001));
#11251=CARTESIAN_POINT('',(309.859378310929,9.75133169169616,13.3278751635001));
#11252=CARTESIAN_POINT('',(309.859378310929,9.75133169169616,15.7278751635001));
#11253=CARTESIAN_POINT('',(309.536907739438,10.3064757189438,13.3278751635001));
#11254=CARTESIAN_POINT('Origin',(312.103344352011,11.4260305919377,13.3278751635001));
#11255=CARTESIAN_POINT('',(309.536907739438,10.3064757189438,13.5278751635001));
#11256=CARTESIAN_POINT('',(309.536907739438,10.3064757189438,15.7278751635001));
#11257=CARTESIAN_POINT('',(311.541811334523,14.1691457317507,13.5278751635001));
#11258=CARTESIAN_POINT('Origin',(312.103344352011,11.4260305919377,13.5278751635001));
#11259=CARTESIAN_POINT('',(311.541811334523,14.1691457317507,13.3278751635001));
#11260=CARTESIAN_POINT('',(311.541811334523,14.1691457317507,15.7278751635001));
#11261=CARTESIAN_POINT('',(312.36500142997,14.2137779932555,13.3278751635001));
#11262=CARTESIAN_POINT('Origin',(312.103344352011,11.4260305919377,13.3278751635001));
#11263=CARTESIAN_POINT('',(312.36500142997,14.2137779932555,13.5278751635001));
#11264=CARTESIAN_POINT('',(312.36500142997,14.2137779932555,15.7278751635001));
#11265=CARTESIAN_POINT('',(314.903344352011,11.4260305919377,13.5278751635001));
#11266=CARTESIAN_POINT('Origin',(312.103344352011,11.4260305919377,13.5278751635001));
#11267=CARTESIAN_POINT('',(314.903344352011,11.4260305919377,15.7278751635001));
#11268=CARTESIAN_POINT('',(314.804440112339,10.6884116567544,13.5278751635001));
#11269=CARTESIAN_POINT('Origin',(312.103344352011,11.4260305919377,13.5278751635001));
#11270=CARTESIAN_POINT('',(314.804440112339,10.6884116567546,15.7278751635001));
#11271=CARTESIAN_POINT('Origin',(312.103344352011,42.3510305919377,15.5278751635001));
#11272=CARTESIAN_POINT('',(314.903344352011,42.3510305919377,15.3278751635001));
#11273=CARTESIAN_POINT('',(315.103344352011,42.3510305919377,15.5278751635001));
#11274=CARTESIAN_POINT('Origin',(312.103344352011,42.3510305919377,15.3278751635001));
#11275=CARTESIAN_POINT('Origin',(312.103344352011,42.3510305919377,15.7278751635001));
#11276=CARTESIAN_POINT('',(314.804440112339,41.6134116567544,13.3278751635001));
#11277=CARTESIAN_POINT('',(314.173503708994,40.4657082755424,13.3278751635001));
#11278=CARTESIAN_POINT('Origin',(312.103344352011,42.3510305919377,13.3278751635001));
#11279=CARTESIAN_POINT('',(314.173503708994,40.4657082755424,13.5278751635001));
#11280=CARTESIAN_POINT('',(314.173503708994,40.4657082755424,15.7278751635001));
#11281=CARTESIAN_POINT('',(309.859378310929,40.6763316916962,13.5278751635001));
#11282=CARTESIAN_POINT('Origin',(312.103344352011,42.3510305919377,13.5278751635001));
#11283=CARTESIAN_POINT('',(309.859378310929,40.6763316916962,13.3278751635001));
#11284=CARTESIAN_POINT('',(309.859378310929,40.6763316916962,15.7278751635001));
#11285=CARTESIAN_POINT('',(309.536907739438,41.2314757189438,13.3278751635001));
#11286=CARTESIAN_POINT('Origin',(312.103344352011,42.3510305919377,13.3278751635001));
#11287=CARTESIAN_POINT('',(309.536907739438,41.2314757189438,13.5278751635001));
#11288=CARTESIAN_POINT('',(309.536907739438,41.2314757189438,15.7278751635001));
#11289=CARTESIAN_POINT('',(311.541811334523,45.0941457317507,13.5278751635001));
#11290=CARTESIAN_POINT('Origin',(312.103344352011,42.3510305919377,13.5278751635001));
#11291=CARTESIAN_POINT('',(311.541811334523,45.0941457317507,13.3278751635001));
#11292=CARTESIAN_POINT('',(311.541811334523,45.0941457317507,15.7278751635001));
#11293=CARTESIAN_POINT('',(312.36500142997,45.1387779932555,13.3278751635001));
#11294=CARTESIAN_POINT('Origin',(312.103344352011,42.3510305919377,13.3278751635001));
#11295=CARTESIAN_POINT('',(312.36500142997,45.1387779932555,13.5278751635001));
#11296=CARTESIAN_POINT('',(312.36500142997,45.1387779932555,15.7278751635001));
#11297=CARTESIAN_POINT('',(314.903344352011,42.3510305919377,13.5278751635001));
#11298=CARTESIAN_POINT('Origin',(312.103344352011,42.3510305919377,13.5278751635001));
#11299=CARTESIAN_POINT('',(314.903344352011,42.3510305919377,15.7278751635001));
#11300=CARTESIAN_POINT('',(314.804440112339,41.6134116567544,13.5278751635001));
#11301=CARTESIAN_POINT('Origin',(312.103344352011,42.3510305919377,13.5278751635001));
#11302=CARTESIAN_POINT('',(314.804440112339,41.6134116567546,15.7278751635001));
#11303=CARTESIAN_POINT('Origin',(281.140344352011,42.3510305919377,15.5278751635001));
#11304=CARTESIAN_POINT('',(283.940344352011,42.3510305919377,15.3278751635001));
#11305=CARTESIAN_POINT('',(284.140344352011,42.3510305919377,15.5278751635001));
#11306=CARTESIAN_POINT('Origin',(281.140344352011,42.3510305919377,15.3278751635001));
#11307=CARTESIAN_POINT('Origin',(281.140344352011,42.3510305919377,15.7278751635001));
#11308=CARTESIAN_POINT('',(283.841440112339,41.6134116567544,13.3278751635001));
#11309=CARTESIAN_POINT('',(283.210503708994,40.4657082755424,13.3278751635001));
#11310=CARTESIAN_POINT('Origin',(281.140344352011,42.3510305919377,13.3278751635001));
#11311=CARTESIAN_POINT('',(283.210503708994,40.4657082755424,13.5278751635001));
#11312=CARTESIAN_POINT('',(283.210503708994,40.4657082755424,15.7278751635001));
#11313=CARTESIAN_POINT('',(278.896378310929,40.6763316916962,13.5278751635001));
#11314=CARTESIAN_POINT('Origin',(281.140344352011,42.3510305919377,13.5278751635001));
#11315=CARTESIAN_POINT('',(278.896378310929,40.6763316916962,13.3278751635001));
#11316=CARTESIAN_POINT('',(278.896378310929,40.6763316916962,15.7278751635001));
#11317=CARTESIAN_POINT('',(278.573907739438,41.2314757189438,13.3278751635001));
#11318=CARTESIAN_POINT('Origin',(281.140344352011,42.3510305919377,13.3278751635001));
#11319=CARTESIAN_POINT('',(278.573907739438,41.2314757189438,13.5278751635001));
#11320=CARTESIAN_POINT('',(278.573907739438,41.2314757189438,15.7278751635001));
#11321=CARTESIAN_POINT('',(280.578811334523,45.0941457317507,13.5278751635001));
#11322=CARTESIAN_POINT('Origin',(281.140344352011,42.3510305919377,13.5278751635001));
#11323=CARTESIAN_POINT('',(280.578811334523,45.0941457317507,13.3278751635001));
#11324=CARTESIAN_POINT('',(280.578811334523,45.0941457317507,15.7278751635001));
#11325=CARTESIAN_POINT('',(281.40200142997,45.1387779932555,13.3278751635001));
#11326=CARTESIAN_POINT('Origin',(281.140344352011,42.3510305919377,13.3278751635001));
#11327=CARTESIAN_POINT('',(281.40200142997,45.1387779932555,13.5278751635001));
#11328=CARTESIAN_POINT('',(281.40200142997,45.1387779932555,15.7278751635001));
#11329=CARTESIAN_POINT('',(283.940344352011,42.3510305919377,13.5278751635001));
#11330=CARTESIAN_POINT('Origin',(281.140344352011,42.3510305919377,13.5278751635001));
#11331=CARTESIAN_POINT('',(283.940344352011,42.3510305919377,15.7278751635001));
#11332=CARTESIAN_POINT('',(283.841440112339,41.6134116567544,13.5278751635001));
#11333=CARTESIAN_POINT('Origin',(281.140344352011,42.3510305919377,13.5278751635001));
#11334=CARTESIAN_POINT('',(283.841440112339,41.6134116567546,15.7278751635001));
#11335=CARTESIAN_POINT('Origin',(305.43573489479,49.6280006826698,14.2060708489675));
#11336=CARTESIAN_POINT('',(306.996984394389,47.9990895869507,14.0672149917202));
#11337=CARTESIAN_POINT('',(305.43573489479,47.9990895869507,13.0065548199404));
#11338=CARTESIAN_POINT('Origin',(305.43573489479,47.9990895869507,15.8349819446867));
#11339=CARTESIAN_POINT('',(305.43573489479,48.2137871202967,12.7918572865944));
#11340=CARTESIAN_POINT('',(306.996984394389,48.7441172061866,13.3221873724843));
#11341=CARTESIAN_POINT('Origin',(296.621742220885,46.622796862627,14.3828475442642));
#11342=CARTESIAN_POINT('',(287.807749546981,47.9990895869507,13.0065548199404));
#11343=CARTESIAN_POINT('',(287.734866034162,47.9990895869507,13.0065548199404));
#11344=CARTESIAN_POINT('',(287.807749546981,45.0318066049573,15.9738378019339));
#11345=CARTESIAN_POINT('Origin',(287.807749546981,46.4460201673304,17.388051364307));
#11346=CARTESIAN_POINT('',(286.246500047381,47.9990895869507,14.0672149917202));
#11347=CARTESIAN_POINT('Origin',(287.807749546981,47.9990895869507,15.8349819446867));
#11348=CARTESIAN_POINT('',(286.246500047381,45.5621366908472,16.5041678878238));
#11349=CARTESIAN_POINT('Origin',(305.435734894775,7.32381242599926,17.3809176537813));
#11350=CARTESIAN_POINT('',(305.435734894775,5.77787671690471,13.0065548199405));
#11351=CARTESIAN_POINT('',(305.435734894775,8.73802598837237,15.9667040914082));
#11352=CARTESIAN_POINT('',(306.996984394374,5.77787671690471,14.0672149917203));
#11353=CARTESIAN_POINT('Origin',(305.435734894775,5.77787671690471,15.8349819446867));
#11354=CARTESIAN_POINT('',(306.996984394374,8.20769590248246,16.4970341772981));
#11355=CARTESIAN_POINT('Origin',(296.62174222087,7.14703573070265,14.3757138337385));
#11356=CARTESIAN_POINT('',(287.807749546966,5.77787671690471,13.0065548199405));
#11357=CARTESIAN_POINT('',(287.807749546966,5.55604547303293,12.7847235760687));
#11358=CARTESIAN_POINT('',(305.508618407593,5.77787671690471,13.0065548199405));
#11359=CARTESIAN_POINT('Origin',(287.807749546966,4.14183191065982,14.1989371384418));
#11360=CARTESIAN_POINT('',(286.246500047366,5.77787671690471,14.0672149917203));
#11361=CARTESIAN_POINT('Origin',(287.807749546966,5.77787671690471,15.8349819446867));
#11362=CARTESIAN_POINT('',(286.246500047366,5.02571538714303,13.3150536619586));
#11363=CARTESIAN_POINT('Origin',(284.685250547767,5.90959886362624,12.4311701854754));
#11364=CARTESIAN_POINT('',(284.685250547767,5.77787671690471,15.1278751635001));
#11365=CARTESIAN_POINT('',(284.685250547767,4.49538530125313,13.8453837478485));
#11366=CARTESIAN_POINT('Origin',(284.685250547767,5.77787671690471,12.2994480387539));
#11367=CARTESIAN_POINT('Origin',(314.395494594316,5.77787671690471,5.72787516350009));
#11368=CARTESIAN_POINT('',(279.676416972185,5.77787671690471,15.1278751635001));
#11369=CARTESIAN_POINT('',(305.508618407596,5.77787671690471,15.1278751635001));
#11370=CARTESIAN_POINT('',(279.676416972187,5.77787671690475,-13.7721248365083));
#11371=CARTESIAN_POINT('',(279.676416972186,5.77787671690471,-11.7721248365083));
#11372=CARTESIAN_POINT('',(285.687693750291,5.77787671690475,-13.7721248365055));
#11373=CARTESIAN_POINT('',(305.508618407602,5.77787671690471,-13.7721248364963));
#11374=CARTESIAN_POINT('',(285.68769375029,5.77787671690471,3.22787516350009));
#11375=CARTESIAN_POINT('',(285.68769375029,5.77787671690471,5.72787516350009));
#11376=CARTESIAN_POINT('',(289.18769375029,5.77787671690471,6.72787516350009));
#11377=CARTESIAN_POINT('Origin',(289.18769375029,5.77787671690471,3.22787516350009));
#11378=CARTESIAN_POINT('',(304.095494594316,5.77787671690471,6.72787516350009));
#11379=CARTESIAN_POINT('',(305.508618407596,5.77787671690471,6.72787516350009));
#11380=CARTESIAN_POINT('',(307.595494594316,5.77787671690471,3.22787516350009));
#11381=CARTESIAN_POINT('Origin',(304.095494594316,5.77787671690471,3.22787516350009));
#11382=CARTESIAN_POINT('',(307.595494594317,5.77787671690475,-13.7721248364953));
#11383=CARTESIAN_POINT('',(307.595494594317,5.77787671690471,-11.7721248364953));
#11384=CARTESIAN_POINT('',(313.567067469571,5.77787671690475,-13.7721248364926));
#11385=CARTESIAN_POINT('',(305.508618407602,5.77787671690471,-13.7721248364963));
#11386=CARTESIAN_POINT('',(313.567067469569,5.77787671690471,15.1278751635001));
#11387=CARTESIAN_POINT('',(313.56706746957,5.77787671690471,-11.7721248364926));
#11388=CARTESIAN_POINT('',(308.558233893974,5.77787671690471,15.1278751635001));
#11389=CARTESIAN_POINT('',(305.508618407596,5.77787671690471,15.1278751635001));
#11390=CARTESIAN_POINT('Origin',(308.558233893974,5.77787671690471,12.2994480387539));
#11391=CARTESIAN_POINT('Origin',(308.558233893974,9.09157937896567,15.6131507008149));
#11392=CARTESIAN_POINT('',(308.558233893974,7.67736581659256,17.027364263188));
#11393=CARTESIAN_POINT('Origin',(308.558233893989,47.8602337297034,12.4383038960011));
#11394=CARTESIAN_POINT('',(308.558233893989,47.9990895869507,15.1278751635001));
#11395=CARTESIAN_POINT('',(308.558233893989,49.2744472920765,13.8525174583742));
#11396=CARTESIAN_POINT('Origin',(308.558233893989,47.9990895869507,12.2994480387538));
#11397=CARTESIAN_POINT('Origin',(278.847989847439,47.9990895869507,5.72787516350009));
#11398=CARTESIAN_POINT('',(313.567067469569,47.9990895869507,15.1278751635001));
#11399=CARTESIAN_POINT('',(287.734866034158,47.9990895869507,15.1278751635001));
#11400=CARTESIAN_POINT('',(313.567067469571,47.9990895869507,-13.7721248364916));
#11401=CARTESIAN_POINT('',(313.56706746957,47.9990895869507,-11.7721248364916));
#11402=CARTESIAN_POINT('',(307.595494594317,47.9990895869507,-13.7721248364943));
#11403=CARTESIAN_POINT('',(287.734866034164,47.9990895869507,-13.7721248365035));
#11404=CARTESIAN_POINT('',(307.595494594316,47.9990895869507,3.22787516350009));
#11405=CARTESIAN_POINT('',(307.595494594316,47.9990895869507,5.72787516350009));
#11406=CARTESIAN_POINT('',(304.095494594316,47.9990895869507,6.72787516350009));
#11407=CARTESIAN_POINT('Origin',(304.095494594316,47.9990895869507,3.22787516350009));
#11408=CARTESIAN_POINT('',(289.147989847439,47.9990895869507,6.72787516350009));
#11409=CARTESIAN_POINT('',(287.734866034158,47.9990895869507,6.72787516350009));
#11410=CARTESIAN_POINT('',(285.647989847439,47.9990895869507,3.22787516350009));
#11411=CARTESIAN_POINT('Origin',(289.147989847439,47.9990895869507,3.22787516350009));
#11412=CARTESIAN_POINT('',(285.64798984744,47.9990895869507,-13.7721248365045));
#11413=CARTESIAN_POINT('',(285.647989847439,47.9990895869507,5.72787516350009));
#11414=CARTESIAN_POINT('',(279.676416972187,47.9990895869507,-13.7721248365073));
#11415=CARTESIAN_POINT('',(287.734866034164,47.9990895869507,-13.7721248365035));
#11416=CARTESIAN_POINT('',(279.676416972185,47.9990895869507,15.1278751635001));
#11417=CARTESIAN_POINT('',(279.676416972185,47.9990895869507,5.72787516350009));
#11418=CARTESIAN_POINT('',(284.685250547782,47.9990895869507,15.1278751635001));
#11419=CARTESIAN_POINT('',(287.734866034158,47.9990895869507,15.1278751635001));
#11420=CARTESIAN_POINT('Origin',(284.685250547782,47.9990895869507,12.2994480387538));
#11421=CARTESIAN_POINT('Origin',(284.685250547782,44.678253214364,15.6202844113406));
#11422=CARTESIAN_POINT('',(284.685250547782,46.0924667767371,17.0344979737137));
#11423=CARTESIAN_POINT('Origin',(305.508618407596,6.07787671690468,15.4278751635001));
#11424=CARTESIAN_POINT('',(279.676416972185,6.37787671690469,15.7278751635001));
#11425=CARTESIAN_POINT('Origin',(287.734866034158,47.6990895869507,15.4278751635001));
#11426=CARTESIAN_POINT('',(313.567067469569,47.3990895869507,15.7278751635001));
#11427=CARTESIAN_POINT('Origin',(298.102740567978,36.1176478486768,-6.78176623739575));
#11428=CARTESIAN_POINT('',(298.164164947085,36.6138605507022,7.23015192676844));
#11429=CARTESIAN_POINT('',(298.164164947085,36.6138605507022,5.72787516350009));
#11430=CARTESIAN_POINT('',(298.164164947085,36.6138605507022,-6.78176623739575));
#11431=CARTESIAN_POINT('',(298.102740567978,36.6176478486768,7.23015192676844));
#11432=CARTESIAN_POINT('Origin',(298.102740567978,36.1176478486768,7.23015192676844));
#11433=CARTESIAN_POINT('',(298.102740567978,36.6176478486768,5.72787516350009));
#11434=CARTESIAN_POINT('',(298.102740567978,36.6176478486768,-6.78176623739575));
#11435=CARTESIAN_POINT('Origin',(298.102740567978,36.1176478486768,5.72787516350009));
#11436=CARTESIAN_POINT('Origin',(293.255468950896,36.1176478486768,7.73015192676843));
#11437=CARTESIAN_POINT('',(284.989526310597,36.6176478486768,7.73015192676843));
#11438=CARTESIAN_POINT('',(284.764493200777,36.1332736237638,8.22990770227576));
#11439=CARTESIAN_POINT('Ctrl Pts',(284.989526310597,36.6176478486768,7.73015192676839));
#11440=CARTESIAN_POINT('Ctrl Pts',(284.97107720263,36.6176478486768,7.74498062394288));
#11441=CARTESIAN_POINT('Ctrl Pts',(284.953246399616,36.6170098861034,7.76090488797014));
#11442=CARTESIAN_POINT('Ctrl Pts',(284.918511070096,36.6133576102715,7.79859425994261));
#11443=CARTESIAN_POINT('Ctrl Pts',(284.903120146463,36.6101271353117,7.81986024279963));
#11444=CARTESIAN_POINT('Ctrl Pts',(284.868886144295,36.5957445223142,7.88171798003022));
#11445=CARTESIAN_POINT('Ctrl Pts',(284.855980225069,36.5814523222714,7.9219760147505));
#11446=CARTESIAN_POINT('Ctrl Pts',(284.834746804676,36.5388600341079,8.00391313203823));
#11447=CARTESIAN_POINT('Ctrl Pts',(284.826623267401,36.5079583095709,8.04793207471544));
#11448=CARTESIAN_POINT('Ctrl Pts',(284.810406189074,36.4238022669011,8.12996594769468));
#11449=CARTESIAN_POINT('Ctrl Pts',(284.803057721052,36.373781293924,8.16372842188676));
#11450=CARTESIAN_POINT('Ctrl Pts',(284.785917687093,36.260068569659,8.21373049043229));
#11451=CARTESIAN_POINT('Ctrl Pts',(284.776339022311,36.1970122879043,8.22791479678267));
#11452=CARTESIAN_POINT('Ctrl Pts',(284.764493200777,36.1332736237638,8.22990770227576));
#11453=CARTESIAN_POINT('',(297.602740567978,36.6176478486768,7.73015192676843));
#11454=CARTESIAN_POINT('',(293.255468950896,36.6176478486768,7.73015192676843));
#11455=CARTESIAN_POINT('',(297.602740567978,36.1176478486768,8.23015192676843));
#11456=CARTESIAN_POINT('Origin',(297.602740567978,36.1176478486768,7.73015192676843));
#11457=CARTESIAN_POINT('',(284.763034942886,36.1176478486768,8.23015192676843));
#11458=CARTESIAN_POINT('',(293.255468950896,36.1176478486768,8.23015192676843));
#11459=CARTESIAN_POINT('Ctrl Pts',(284.764493200777,36.1332736237638,8.22990770227576));
#11460=CARTESIAN_POINT('Ctrl Pts',(284.763587993529,36.1284029864198,8.23005999162867));
#11461=CARTESIAN_POINT('Ctrl Pts',(284.763034942886,36.1232302931744,8.23015192676843));
#11462=CARTESIAN_POINT('Ctrl Pts',(284.763034942886,36.1176478486768,8.23015192676843));
#11463=CARTESIAN_POINT('Origin',(298.602740567978,36.6176478486768,8.23015192676843));
#11464=CARTESIAN_POINT('',(284.763034942886,36.6332736237638,8.23015192676843));
#11465=CARTESIAN_POINT('',(297.602740567978,34.5585300840388,8.23015192676843));
#11466=CARTESIAN_POINT('',(297.602740567978,36.6176478486768,8.23015192676843));
#11467=CARTESIAN_POINT('',(298.602848384169,34.5585302219687,8.23015192676843));
#11468=CARTESIAN_POINT('Origin',(287.908197333814,36.6176478486768,-1.77779351600769));
#11469=CARTESIAN_POINT('',(286.266548109165,36.6176478486768,5.72787516350009));
#11470=CARTESIAN_POINT('',(292.264969777346,36.6176478486768,5.72787516350009));
#11471=CARTESIAN_POINT('Origin',(297.602740567978,36.6176478486768,7.23015192676844));
#11472=CARTESIAN_POINT('',(285.22261030604,36.6176478486768,7.24376604905229));
#11473=CARTESIAN_POINT('Origin',(284.598587686167,36.6176478486768,7.24376604905229));
#11474=CARTESIAN_POINT('',(285.222610307211,36.6176478485269,5.6164096374272));
#11475=CARTESIAN_POINT('',(285.22261030604,36.6176478486768,-6.76815211511189));
#11476=CARTESIAN_POINT('Origin',(286.266548109165,36.6176478486768,3.22787516350009));
#11477=CARTESIAN_POINT('Origin',(298.602740567978,36.6176478486768,-11.7857389587838));
#11478=CARTESIAN_POINT('',(298.602740567978,22.3678288581137,7.18955011165258));
#11479=CARTESIAN_POINT('',(298.602740567978,22.3917572236291,7.23015192676844));
#11480=CARTESIAN_POINT('',(298.602740567978,20.3541534555857,3.77273184447495));
#11481=CARTESIAN_POINT('',(298.602740567978,22.3606356424193,7.18955010782482));
#11482=CARTESIAN_POINT('',(298.602740567978,29.4925513730107,7.18955390296431));
#11483=CARTESIAN_POINT('',(298.602740567978,22.0142256662308,6.58955378461754));
#11484=CARTESIAN_POINT('',(298.602740567978,20.0343135350738,3.16026455906262));
#11485=CARTESIAN_POINT('',(298.602740567978,20.0142259369448,6.58955378200874));
#11486=CARTESIAN_POINT('',(298.602740567978,29.3157548145029,6.58955379414166));
#11487=CARTESIAN_POINT('',(298.602740567978,20.0142259369765,7.23015192676844));
#11488=CARTESIAN_POINT('',(298.602740567978,20.0142259364896,-2.59840670577151));
#11489=CARTESIAN_POINT('',(298.602740567978,20.0176493670252,7.23015192676844));
#11490=CARTESIAN_POINT('',(298.602740567978,36.6176478486768,7.23015192676844));
#11491=CARTESIAN_POINT('',(298.602740567978,20.0176493669947,6.61360250345245));
#11492=CARTESIAN_POINT('',(298.602740567978,20.017649366579,-1.77728882176368));
#11493=CARTESIAN_POINT('',(298.602740567978,22.0176490962808,6.61360250606124));
#11494=CARTESIAN_POINT('',(298.602740567978,28.3176485996161,6.61360251427897));
#11495=CARTESIAN_POINT('',(298.602740567978,22.3640590724692,7.21359882926853));
#11496=CARTESIAN_POINT('',(298.602740567978,19.8590788338127,2.87487005061684));
#11497=CARTESIAN_POINT('',(298.602740567978,22.3712522881636,7.21359883309629));
#11498=CARTESIAN_POINT('',(298.602740567978,29.4908484079222,7.21360262168009));
#11499=CARTESIAN_POINT('',(298.602740567978,22.3810077258126,7.23015192676844));
#11500=CARTESIAN_POINT('',(298.602740567978,20.0522139881002,3.278638701988));
#11501=CARTESIAN_POINT('',(298.602740567978,36.6176478486768,7.23015192676844));
#11502=CARTESIAN_POINT('Origin',(298.602890121925,33.964058990886,7.21360210722766));
#11503=CARTESIAN_POINT('',(285.598587686168,33.6255101743171,6.62721664407048));
#11504=CARTESIAN_POINT('',(292.100775280882,33.6253280931506,6.62690226558756));
#11505=CARTESIAN_POINT('',(298.602740567978,33.9640589950739,7.21360211445853));
#11506=CARTESIAN_POINT('',(298.602890121925,33.964058990886,7.21360210722766));
#11507=CARTESIAN_POINT('',(298.602740567978,33.6176489042886,6.61360252179686));
#11508=CARTESIAN_POINT('',(298.602740567978,30.1822788533552,0.663369875485866));
#11509=CARTESIAN_POINT('',(285.598587686168,33.6180130603965,6.61423126801419));
#11510=CARTESIAN_POINT('',(298.602851411612,33.6176489011847,6.61360251643761));
#11511=CARTESIAN_POINT('',(285.598587686168,30.1871804831216,0.671857752887011));
#11512=CARTESIAN_POINT('Origin',(298.602851411612,33.6176489011847,6.61360251643761));
#11513=CARTESIAN_POINT('',(285.598587686168,31.6180120063199,6.6142312653753));
#11514=CARTESIAN_POINT('',(285.598587686168,35.125461250344,6.61423127000319));
#11515=CARTESIAN_POINT('',(298.602740567978,31.6176478502121,6.61360251915797));
#11516=CARTESIAN_POINT('',(298.602740567978,35.1176483627923,6.61360252377603));
#11517=CARTESIAN_POINT('',(298.602795405458,31.6176478486765,6.6136025165066));
#11518=CARTESIAN_POINT('Origin',(298.602795405458,31.6176478486765,6.6136025165066));
#11519=CARTESIAN_POINT('',(285.598587686168,31.6180120071723,7.2437660490523));
#11520=CARTESIAN_POINT('',(285.598587686168,31.6180119938725,-2.57926115660175));
#11521=CARTESIAN_POINT('',(298.602740567978,31.6176478510469,7.23015192676844));
#11522=CARTESIAN_POINT('',(298.602740567978,31.6176478377563,-2.58606821775377));
#11523=CARTESIAN_POINT('',(297.602740567978,31.6176758554634,8.23015192676843));
#11524=CARTESIAN_POINT('Origin',(297.602740567978,31.6176758541094,7.23015192676844));
#11525=CARTESIAN_POINT('',(284.763034942886,31.6180354065435,8.23015192676843));
#11526=CARTESIAN_POINT('',(298.602697979062,31.6176478535934,8.23015192676843));
#11527=CARTESIAN_POINT('Origin',(284.598587686167,31.6180400102348,7.2437660490523));
#11528=CARTESIAN_POINT('Origin',(287.908197333814,17.0176478486768,-1.77779351600769));
#11529=CARTESIAN_POINT('',(290.902059083947,17.0176478488271,7.67653068627829));
#11530=CARTESIAN_POINT('Origin',(291.207515849782,17.0176478486768,7.20547495667999));
#11531=CARTESIAN_POINT('Origin',(290.596602318111,17.0176478486768,7.20547495667999));
#11532=CARTESIAN_POINT('Origin',(284.598929983994,29.517647467207,8.23015192676843));
#11533=CARTESIAN_POINT('',(284.763034942886,29.517647467207,8.23015192676843));
#11534=CARTESIAN_POINT('',(284.87266062717,29.517647467207,8.20547495667999));
#11535=CARTESIAN_POINT('Origin',(284.598587686167,29.517647467207,7.2437660490523));
#11536=CARTESIAN_POINT('',(285.605794639994,29.517647467207,8.23015192676843));
#11537=CARTESIAN_POINT('',(291.600835275986,29.517647467207,8.23015192676843));
#11538=CARTESIAN_POINT('',(285.605794639994,29.517647467207,8.20547495667999));
#11539=CARTESIAN_POINT('',(285.605794639994,29.517647467207,8.23015192676843));
#11540=CARTESIAN_POINT('',(288.097766151053,29.517647467207,8.20547495667999));
#11541=CARTESIAN_POINT('Origin',(285.605794639994,29.517647467207,8.23015192676843));
#11542=CARTESIAN_POINT('',(286.556936264828,28.8345867604524,8.20547495667999));
#11543=CARTESIAN_POINT('',(285.900923218557,29.305701390836,8.20547495667999));
#11544=CARTESIAN_POINT('',(286.556936264828,28.8345867604524,8.23015192676843));
#11545=CARTESIAN_POINT('',(288.211158680126,27.6466098045286,8.23015192676843));
#11546=CARTESIAN_POINT('',(286.556936264828,28.8345867604524,3.61361863547341));
#11547=CARTESIAN_POINT('Origin',(285.098651939283,26.8039694095297,8.23015192676843));
#11548=CARTESIAN_POINT('',(284.87266062717,24.3142047767081,8.20547495667999));
#11549=CARTESIAN_POINT('Origin',(285.098651939283,26.8039694095297,8.20547495667999));
#11550=CARTESIAN_POINT('',(284.763034942886,24.326599588181,8.23015192676843));
#11551=CARTESIAN_POINT('Origin',(285.098651939283,26.8039694095297,8.23015192676843));
#11552=CARTESIAN_POINT('Ctrl Pts',(284.87266062717,24.3142047767081,8.20547495667999));
#11553=CARTESIAN_POINT('Ctrl Pts',(284.836352380895,24.3175004087964,8.21582227462637));
#11554=CARTESIAN_POINT('Ctrl Pts',(284.799635510019,24.3216411954931,8.22404999141504));
#11555=CARTESIAN_POINT('Ctrl Pts',(284.763034942886,24.326599588181,8.23015192676843));
#11556=CARTESIAN_POINT('Ctrl Pts',(278.213654099649,17.1970781316139,8.11386413207636));
#11557=CARTESIAN_POINT('Ctrl Pts',(278.14601768736,17.1970781316139,8.11386413207636));
#11558=CARTESIAN_POINT('Ctrl Pts',(278.079169070327,17.1970781316139,8.10357109228879));
#11559=CARTESIAN_POINT('Ctrl Pts',(278.213654099649,17.0588005893314,7.9983411124995));
#11560=CARTESIAN_POINT('Ctrl Pts',(278.154859437575,17.0588005893314,7.9983411124995));
#11561=CARTESIAN_POINT('Ctrl Pts',(278.096749586452,17.0588005893314,7.98939362732773));
#11562=CARTESIAN_POINT('Ctrl Pts',(278.213654099649,17.0260014786464,7.8211675673802));
#11563=CARTESIAN_POINT('Ctrl Pts',(278.168419715313,17.0260014786464,7.8211675673802));
#11564=CARTESIAN_POINT('Ctrl Pts',(278.123712198564,17.0260014786464,7.81428371145137));
#11565=CARTESIAN_POINT('Ctrl Pts',(278.213654099649,17.1970781316139,8.11386413207632));
#11566=CARTESIAN_POINT('Ctrl Pts',(278.207331507069,17.1970781316139,8.11386413207632));
#11567=CARTESIAN_POINT('Ctrl Pts',(278.201223465752,17.1961453270322,8.11302150607951));
#11568=CARTESIAN_POINT('Ctrl Pts',(278.187929773374,17.1924133106021,8.10958321799224));
#11569=CARTESIAN_POINT('Ctrl Pts',(278.181083366058,17.1892704777452,8.10665137365826));
#11570=CARTESIAN_POINT('Ctrl Pts',(278.163888305119,17.1795215600072,8.09722696391945));
#11571=CARTESIAN_POINT('Ctrl Pts',(278.153950411551,17.1716018392698,8.08918947942866));
#11572=CARTESIAN_POINT('Ctrl Pts',(278.128262697709,17.1491010856981,8.06455552266393));
#11573=CARTESIAN_POINT('Ctrl Pts',(278.112274733843,17.1318986080964,8.04347139832547));
#11574=CARTESIAN_POINT('Ctrl Pts',(278.095303762355,17.1152134332141,8.0180390464062));
#11575=CARTESIAN_POINT('Origin',(298.602740567978,36.6176478486768,8.23015192676843));
#11576=CARTESIAN_POINT('',(284.763034942886,36.6332736237638,8.23015192676843));
#11577=CARTESIAN_POINT('',(297.602740567978,22.9703494952447,8.23015192676843));
#11578=CARTESIAN_POINT('',(297.602740567978,36.6176478486768,8.23015192676843));
#11579=CARTESIAN_POINT('',(278.213654099649,22.970339966898,8.23015192676843));
#11580=CARTESIAN_POINT('',(298.602689377315,22.9703499866479,8.23015192676843));
#11581=CARTESIAN_POINT('',(278.213654099649,22.9779487549881,8.23015192676843));
#11582=CARTESIAN_POINT('',(278.213654099649,36.6176478486768,8.23015192676843));
#11583=CARTESIAN_POINT('',(284.763034942886,22.9779519735395,8.23015192676843));
#11584=CARTESIAN_POINT('',(292.100612936512,22.9779555794333,8.23015192676843));
#11585=CARTESIAN_POINT('',(284.763034942886,36.6332736237638,8.23015192676843));
#11586=CARTESIAN_POINT('Origin',(278.213654099649,36.6176478486768,7.23015192676844));
#11587=CARTESIAN_POINT('',(277.213654099649,22.3886060026992,7.23015192676844));
#11588=CARTESIAN_POINT('Origin',(278.213654099649,22.3886064941275,7.23015192676844));
#11589=CARTESIAN_POINT('',(277.213654099649,22.3809972146091,7.23015192676844));
#11590=CARTESIAN_POINT('Origin',(278.213654099649,22.3809977060374,7.23015192676844));
#11591=CARTESIAN_POINT('',(277.213654099649,36.6176478486768,7.23015192676844));
#11592=CARTESIAN_POINT('Origin',(277.213654099649,36.6176478486768,8.23015192676843));
#11593=CARTESIAN_POINT('',(277.213654099649,22.3871128670712,7.22761836396947));
#11594=CARTESIAN_POINT('',(277.213654099649,24.7403346938045,11.2205813381456));
#11595=CARTESIAN_POINT('',(277.213654099649,22.371851248092,7.21463298790294));
#11596=CARTESIAN_POINT('',(277.213654099649,24.7296957684997,11.2154397804871));
#11597=CARTESIAN_POINT('',(277.213654099649,22.3646580323975,7.21463298407518));
#11598=CARTESIAN_POINT('',(277.213654099649,29.4944503407908,7.21463677808473));
#11599=CARTESIAN_POINT('',(277.213654099649,22.0257452085024,6.62762203692431));
#11600=CARTESIAN_POINT('',(277.213654099649,24.3658648520306,10.6808054857125));
#11601=CARTESIAN_POINT('',(277.213654099649,22.0335096751884,6.62762203693443));
#11602=CARTESIAN_POINT('',(277.213654099649,29.3254613640634,6.62762204644605));
#11603=CARTESIAN_POINT('',(277.213654099649,22.3799196513768,7.22761836014171));
#11604=CARTESIAN_POINT('',(277.213654099649,24.376588976208,10.6859317341994));
#11605=CARTESIAN_POINT('',(277.213654099649,29.5022632250467,7.22762215018752));
#11606=CARTESIAN_POINT('Origin',(298.602470569974,20.0176493745555,6.61360251650676));
#11607=CARTESIAN_POINT('',(285.598587686168,20.0180135231337,7.2437660490523));
#11608=CARTESIAN_POINT('',(284.763034942886,20.0180369212184,8.23015192676843));
#11609=CARTESIAN_POINT('Origin',(284.598587686167,20.0180415261964,7.2437660490523));
#11610=CARTESIAN_POINT('',(285.598587686168,20.0180135231025,6.61423124966978));
#11611=CARTESIAN_POINT('',(285.598587686168,20.0180135226471,-2.57926115958506));
#11612=CARTESIAN_POINT('',(298.602470569974,20.0176493745555,6.61360251650676));
#11613=CARTESIAN_POINT('',(297.602740567978,20.0176773701374,8.23015192676843));
#11614=CARTESIAN_POINT('Origin',(297.602740567978,20.0176773700879,7.23015192676844));
#11615=CARTESIAN_POINT('',(298.602373143577,20.0176493773638,8.23015192676843));
#11616=CARTESIAN_POINT('Origin',(298.602470569974,20.0176493745555,6.61360251650676));
#11617=CARTESIAN_POINT('',(277.821989847439,20.018231291779,9.03616606708326));
#11618=CARTESIAN_POINT('Origin',(298.602565286243,22.3640590773776,7.21359883774334));
#11619=CARTESIAN_POINT('',(285.598587686168,22.0255104046819,6.62721662833499));
#11620=CARTESIAN_POINT('',(292.100450445362,22.0253283326117,6.62690226555775));
#11621=CARTESIAN_POINT('',(298.602565286243,22.3640590773776,7.21359883774334));
#11622=CARTESIAN_POINT('',(285.598587686168,22.0180132523886,6.61423125227858));
#11623=CARTESIAN_POINT('',(298.602526576091,22.0176491022732,6.61360251640768));
#11624=CARTESIAN_POINT('',(285.598587686168,20.0371854722759,3.18335608508086));
#11625=CARTESIAN_POINT('Origin',(298.602631479691,22.9709448612983,8.2311613142133));
#11626=CARTESIAN_POINT('Origin',(297.602740567978,22.3810072343842,7.23015192676844));
#11627=CARTESIAN_POINT('',(298.602565487675,22.3712522930664,7.21359884156136));
#11628=CARTESIAN_POINT('Origin',(297.602740567978,36.6176478486768,7.23015192676844));
#11629=CARTESIAN_POINT('',(297.823523237869,31.6142462428217,8.20547495667999));
#11630=CARTESIAN_POINT('',(298.602740567978,31.6142244210295,7.23015192676844));
#11631=CARTESIAN_POINT('Origin',(297.602740567978,31.6142524240921,7.23015192676844));
#11632=CARTESIAN_POINT('',(297.823523237869,22.966555920217,8.20547495667999));
#11633=CARTESIAN_POINT('',(297.823523237869,36.6176478486768,8.20547495667999));
#11634=CARTESIAN_POINT('Origin',(297.602740567978,22.3917567322007,7.23015192676844));
#11635=CARTESIAN_POINT('',(298.602740567978,36.6176478486768,7.23015192676844));
#11636=CARTESIAN_POINT('Ctrl Pts',(297.823842740811,17.5176478486768,8.20540257617533));
#11637=CARTESIAN_POINT('Ctrl Pts',(297.714676829282,17.5176478486768,8.23015192676845));
#11638=CARTESIAN_POINT('Ctrl Pts',(297.602740567978,17.5176478486768,8.23015192676845));
#11639=CARTESIAN_POINT('Ctrl Pts',(297.823842740811,17.0775731452927,8.20540257617533));
#11640=CARTESIAN_POINT('Ctrl Pts',(297.714676829282,17.0775731452927,8.23015192676845));
#11641=CARTESIAN_POINT('Ctrl Pts',(297.602740567978,17.0775731452927,8.23015192676845));
#11642=CARTESIAN_POINT('Ctrl Pts',(297.727328828141,17.0216948606656,7.77969325454054));
#11643=CARTESIAN_POINT('Ctrl Pts',(297.665815226478,17.0216948606656,7.7936391985855));
#11644=CARTESIAN_POINT('Ctrl Pts',(297.602740567978,17.0216948606656,7.7936391985855));
#11645=CARTESIAN_POINT('',(297.823458260669,17.5138605507022,8.20547495667999));
#11646=CARTESIAN_POINT('',(297.823523237869,17.5176478486768,8.20547495667999));
#11647=CARTESIAN_POINT('Ctrl Pts',(297.823458260669,17.5138605507022,8.20547495667999));
#11648=CARTESIAN_POINT('Ctrl Pts',(297.823502310238,17.5151441016659,8.20547495667999));
#11649=CARTESIAN_POINT('Ctrl Pts',(297.823523237869,17.5164087148373,8.20547495667999));
#11650=CARTESIAN_POINT('Ctrl Pts',(297.823523237869,17.5176478486768,8.20547495667999));
#11651=CARTESIAN_POINT('Ctrl Pts',(297.602740567978,17.0216948606656,7.7936391985855));
#11652=CARTESIAN_POINT('Ctrl Pts',(297.618517345212,17.0216948606656,7.7936391985855));
#11653=CARTESIAN_POINT('Ctrl Pts',(297.63859763861,17.0219589844673,7.79530264548917));
#11654=CARTESIAN_POINT('Ctrl Pts',(297.673438424284,17.0240420077447,7.80598103914847));
#11655=CARTESIAN_POINT('Ctrl Pts',(297.685725932913,17.025417934744,7.81267154708939));
#11656=CARTESIAN_POINT('Ctrl Pts',(297.706418303346,17.0292547815999,7.82887954203553));
#11657=CARTESIAN_POINT('Ctrl Pts',(297.71497647881,17.0318116759258,7.83872623231854));
#11658=CARTESIAN_POINT('Ctrl Pts',(297.731140940403,17.0390043503646,7.86263470752927));
#11659=CARTESIAN_POINT('Ctrl Pts',(297.738158449502,17.0439989911258,7.87712530900829));
#11660=CARTESIAN_POINT('Ctrl Pts',(297.756705462617,17.0620242626503,7.9221468765024));
#11661=CARTESIAN_POINT('Ctrl Pts',(297.767140638389,17.0807236761794,7.95986855175815));
#11662=CARTESIAN_POINT('Ctrl Pts',(297.787832533345,17.1436774566643,8.04672814561895));
#11663=CARTESIAN_POINT('Ctrl Pts',(297.79649638156,17.1890749269604,8.09140785985068));
#11664=CARTESIAN_POINT('Ctrl Pts',(297.808847973654,17.2850097675248,8.15252570646717));
#11665=CARTESIAN_POINT('Ctrl Pts',(297.812929968897,17.3282909747953,8.17217290670273));
#11666=CARTESIAN_POINT('Ctrl Pts',(297.819442994022,17.419228282967,8.19871811263699));
#11667=CARTESIAN_POINT('Ctrl Pts',(297.82182965985,17.4664051007647,8.20547495667999));
#11668=CARTESIAN_POINT('Ctrl Pts',(297.823458260669,17.5138605507022,8.20547495667999));
#11669=CARTESIAN_POINT('Origin',(297.602740567978,17.5176478486768,7.23015192676844));
#11670=CARTESIAN_POINT('Origin',(297.602740567978,36.6176478486768,7.23015192676844));
#11671=CARTESIAN_POINT('',(297.823523237869,20.0142477574965,8.20547495667999));
#11672=CARTESIAN_POINT('Origin',(297.602740567978,20.0142539400391,7.23015192676844));
#11673=CARTESIAN_POINT('',(297.823523237869,36.6176478486768,8.20547495667999));
#11674=CARTESIAN_POINT('',(297.602740567978,36.6176478486768,8.23015192676843));
#11675=CARTESIAN_POINT('Ctrl Pts',(298.102740567978,36.6176478486768,7.23015192676844));
#11676=CARTESIAN_POINT('Ctrl Pts',(298.102740567978,36.6176478486768,7.73015192676844));
#11677=CARTESIAN_POINT('Ctrl Pts',(297.602740567978,36.6176478486768,7.73015192676844));
#11678=CARTESIAN_POINT('Ctrl Pts',(298.602740567978,36.6176478486768,7.23015192676844));
#11679=CARTESIAN_POINT('Ctrl Pts',(298.602740567978,36.6176478486768,8.23015192676845));
#11680=CARTESIAN_POINT('Ctrl Pts',(297.602740567978,36.6176478486768,8.23015192676845));
#11681=CARTESIAN_POINT('Ctrl Pts',(298.602740567978,36.1176478486768,7.23015192676844));
#11682=CARTESIAN_POINT('Ctrl Pts',(298.602740567978,36.1176478486768,8.23015192676845));
#11683=CARTESIAN_POINT('Ctrl Pts',(297.602740567978,36.1176478486768,8.23015192676845));
#11684=CARTESIAN_POINT('',(297.901513643557,36.6138605507022,7.70547495667999));
#11685=CARTESIAN_POINT('Origin',(297.602740567978,36.6138605507022,7.23015192676844));
#11686=CARTESIAN_POINT('',(297.823586593202,36.1176478486768,8.20546061284829));
#11687=CARTESIAN_POINT('Ctrl Pts',(297.823586593202,36.1176478486768,8.2054606128483));
#11688=CARTESIAN_POINT('Ctrl Pts',(297.825749368772,36.1823006013211,8.20497088032073));
#11689=CARTESIAN_POINT('Ctrl Pts',(297.826464107566,36.2462677796581,8.19194514968975));
#11690=CARTESIAN_POINT('Ctrl Pts',(297.825558532166,36.3655419994852,8.14230099092139));
#11691=CARTESIAN_POINT('Ctrl Pts',(297.823898268289,36.4197071553317,8.10624036845601));
#11692=CARTESIAN_POINT('Ctrl Pts',(297.819399584014,36.515845965797,8.01111865080734));
#11693=CARTESIAN_POINT('Ctrl Pts',(297.816623741406,36.5498090321642,7.95638111017249));
#11694=CARTESIAN_POINT('Ctrl Pts',(297.817053479756,36.5863341203784,7.87303844427881));
#11695=CARTESIAN_POINT('Ctrl Pts',(297.818617559616,36.5956687387446,7.84189067338128));
#11696=CARTESIAN_POINT('Ctrl Pts',(297.828741093545,36.6076475206388,7.7886363428981));
#11697=CARTESIAN_POINT('Ctrl Pts',(297.836672663964,36.6097598436325,7.77072569531314));
#11698=CARTESIAN_POINT('Ctrl Pts',(297.852304746227,36.6123367080083,7.74614965298825));
#11699=CARTESIAN_POINT('Ctrl Pts',(297.861154692839,36.6129874476578,7.73633394140874));
#11700=CARTESIAN_POINT('Ctrl Pts',(297.88074811243,36.6137362569844,7.7192752239356));
#11701=CARTESIAN_POINT('Ctrl Pts',(297.891115746781,36.6138605507022,7.71201074687699));
#11702=CARTESIAN_POINT('Ctrl Pts',(297.901513643557,36.6138605507022,7.70547495667997));
#11703=CARTESIAN_POINT('Origin',(297.602740567978,36.1176478486768,7.23015192676844));
#11704=CARTESIAN_POINT('Origin',(297.602740567978,36.6176478486768,7.23015192676844));
#11705=CARTESIAN_POINT('',(297.823523237869,36.1138605507022,8.20547495667999));
#11706=CARTESIAN_POINT('Ctrl Pts',(297.823523237869,36.1138605507022,8.20547495667999));
#11707=CARTESIAN_POINT('Ctrl Pts',(297.823523237869,36.1151362651762,8.20547495667999));
#11708=CARTESIAN_POINT('Ctrl Pts',(297.823544800533,36.1163985229653,8.20547007625725));
#11709=CARTESIAN_POINT('Ctrl Pts',(297.823586593202,36.1176478486768,8.2054606128483));
#11710=CARTESIAN_POINT('',(297.823523237869,34.5547410244645,8.20547495667999));
#11711=CARTESIAN_POINT('',(297.823523237869,36.6176478486768,8.20547495667999));
#11712=CARTESIAN_POINT('',(298.602740567978,33.9870732247756,7.23015192676844));
#11713=CARTESIAN_POINT('Origin',(297.602740567978,33.9870730868606,7.23015192676844));
#11714=CARTESIAN_POINT('',(298.602740567978,33.9764995616031,7.23015192676844));
#11715=CARTESIAN_POINT('',(298.602740567978,36.6176478486768,7.23015192676844));
#11716=CARTESIAN_POINT('Origin',(297.602740567978,33.976499423688,7.23015192676844));
#11717=CARTESIAN_POINT('Origin',(298.602740567978,36.6176478486768,8.23015192676843));
#11718=CARTESIAN_POINT('',(284.763034942886,17.5332736237639,8.23015192676843));
#11719=CARTESIAN_POINT('Ctrl Pts',(284.763034942886,17.5332736237639,8.23015192676843));
#11720=CARTESIAN_POINT('Ctrl Pts',(284.763034942886,17.5283645918765,8.23015192676843));
#11721=CARTESIAN_POINT('Ctrl Pts',(284.762552022211,17.5229067018196,8.23015192676843));
#11722=CARTESIAN_POINT('Ctrl Pts',(284.761543235022,17.5176478486768,8.23015192676843));
#11723=CARTESIAN_POINT('',(284.763034942886,36.6332736237638,8.23015192676843));
#11724=CARTESIAN_POINT('Origin',(298.602740567978,36.6176478486768,-11.7857389587838));
#11725=CARTESIAN_POINT('',(298.602740567978,33.963443633957,7.18955339403069));
#11726=CARTESIAN_POINT('',(298.602740567978,30.4701029228599,1.18756595750623));
#11727=CARTESIAN_POINT('',(298.602740567978,33.960635565024,7.18955339301483));
#11728=CARTESIAN_POINT('',(298.602740567978,35.2903603728739,7.189553874059));
#11729=CARTESIAN_POINT('',(298.602740567978,33.6142254742387,6.58955380035315));
#11730=CARTESIAN_POINT('',(298.602740567978,30.18430855115,0.648766244045582));
#11731=CARTESIAN_POINT('',(298.602740567978,31.6142244201621,6.58955379771426));
#11732=CARTESIAN_POINT('',(298.602740567978,35.1157547138204,6.58955380233433));
#11733=CARTESIAN_POINT('',(298.602740567978,31.6142244077222,-2.59840670279592));
#11734=CARTESIAN_POINT('',(298.602740567978,33.9668670640069,7.21360211547439));
#11735=CARTESIAN_POINT('',(298.602740567978,35.2922540176249,7.21360259494929));
#11736=CARTESIAN_POINT('',(298.602740567978,30.4680481891741,1.20220252232499));
#11737=CARTESIAN_POINT('Origin',(298.60289020056,33.9668670598168,7.21360210823971));
#11738=CARTESIAN_POINT('',(298.60289020056,33.9668670598168,7.21360210823971));
#11739=CARTESIAN_POINT('Origin',(298.602955916379,34.5585087309123,8.23011500247445));
#11740=CARTESIAN_POINT('Origin',(298.602565487675,22.3712522930664,7.21359884156136));
#11741=CARTESIAN_POINT('Origin',(298.602526576091,22.0176491022732,6.61360251640768));
#11742=CARTESIAN_POINT('',(285.598587686168,29.3254613510265,6.61423126181042));
#11743=CARTESIAN_POINT('Origin',(277.821989847439,26.9990895869507,11.458729617314));
#11744=CARTESIAN_POINT('',(277.821989847439,20.0334929107183,8.2437660490523));
#11745=CARTESIAN_POINT('',(277.821989847439,20.0334929107579,9.04297312822482));
#11746=CARTESIAN_POINT('',(277.821989847439,18.8884283565878,8.2437660490523));
#11747=CARTESIAN_POINT('',(277.821989847439,31.8161816053573,8.2437660490523));
#11748=CARTESIAN_POINT('',(277.821989847439,18.8884283565878,8.2437660490523));
#11749=CARTESIAN_POINT('Origin',(296.621742220877,26.8884831519277,5.72787516350009));
#11750=CARTESIAN_POINT('',(287.829970362778,38.1810701022887,5.72787516350009));
#11751=CARTESIAN_POINT('',(285.72989285556,36.0809925950717,5.72787516350009));
#11752=CARTESIAN_POINT('',(289.147989847439,41.3630506176287,5.72787516350009));
#11753=CARTESIAN_POINT('Origin',(284.647989847439,41.3630506176287,5.72787516350009));
#11754=CARTESIAN_POINT('',(289.147989847439,46.9990895869507,5.72787516350009));
#11755=CARTESIAN_POINT('',(289.147989847439,33.7115533224047,5.72787516350009));
#11756=CARTESIAN_POINT('',(304.095494594316,46.9990895869507,5.72787516350009));
#11757=CARTESIAN_POINT('',(287.734866034158,46.9990895869507,5.72787516350009));
#11758=CARTESIAN_POINT('',(304.095494594316,41.3630506176287,5.72787516350009));
#11759=CARTESIAN_POINT('',(304.095494594316,37.4437863694387,5.72787516350009));
#11760=CARTESIAN_POINT('',(305.413514078977,38.1810701022887,5.72787516350009));
#11761=CARTESIAN_POINT('Origin',(308.595494594316,41.3630506176287,5.72787516350009));
#11762=CARTESIAN_POINT('',(306.980723630564,36.6138605507022,5.72787516350009));
#11763=CARTESIAN_POINT('',(305.745824633228,37.8487595480377,5.72787516350009));
#11764=CARTESIAN_POINT('',(288.761900652412,36.6138605507022,5.72787516350009));
#11765=CARTESIAN_POINT('Origin',(285.72989285556,36.0809925950717,3.22787516350009));
#11766=CARTESIAN_POINT('',(285.098587686168,36.6332736237638,5.58362596862608));
#11767=CARTESIAN_POINT('Ctrl Pts',(285.222610307211,36.617647848377,5.6164096374272));
#11768=CARTESIAN_POINT('Ctrl Pts',(285.181278095088,36.6282308418983,5.6050645540206));
#11769=CARTESIAN_POINT('Ctrl Pts',(285.13909287252,36.6332736237638,5.59380136141657));
#11770=CARTESIAN_POINT('Ctrl Pts',(285.098587686168,36.6332736237638,5.58362596862612));
#11771=CARTESIAN_POINT('',(284.649844779944,36.6332736237638,5.44547540872337));
#11772=CARTESIAN_POINT('Origin',(286.282173884252,36.6332736237638,3.22787516350009));
#11773=CARTESIAN_POINT('',(283.698242379132,37.5848760245767,3.22787516350009));
#11774=CARTESIAN_POINT('Origin',(285.466009332098,35.8171090716097,3.22787516350009));
#11775=CARTESIAN_POINT('',(286.062203409812,39.9488370552557,3.22787516350009));
#11776=CARTESIAN_POINT('',(283.962125902594,37.8487595480387,3.22787516350009));
#11777=CARTESIAN_POINT('Origin',(287.829970362778,38.1810701022887,3.22787516350009));
#11778=CARTESIAN_POINT('Origin',(285.098587686168,36.1332736237638,-6.76815211511189));
#11779=CARTESIAN_POINT('',(285.098587686168,36.6332736237638,7.24376604905229));
#11780=CARTESIAN_POINT('Origin',(285.098587686168,36.1332736237638,7.24376604905229));
#11781=CARTESIAN_POINT('',(285.098587686168,36.6332736237638,-6.76815211511189));
#11782=CARTESIAN_POINT('Ctrl Pts',(285.098587686168,36.6332736237638,7.24376604905229));
#11783=CARTESIAN_POINT('Ctrl Pts',(285.098587686168,36.6332736237638,7.7437660490523));
#11784=CARTESIAN_POINT('Ctrl Pts',(284.598587686167,36.6332736237638,7.7437660490523));
#11785=CARTESIAN_POINT('Ctrl Pts',(285.598587686168,36.6332736237639,7.24376604905229));
#11786=CARTESIAN_POINT('Ctrl Pts',(285.598587686168,36.6332736237639,8.24376604905231));
#11787=CARTESIAN_POINT('Ctrl Pts',(284.598587686167,36.6332736237639,8.24376604905231));
#11788=CARTESIAN_POINT('Ctrl Pts',(285.598587686168,36.1332736237638,7.24376604905229));
#11789=CARTESIAN_POINT('Ctrl Pts',(285.598587686168,36.1332736237638,8.24376604905231));
#11790=CARTESIAN_POINT('Ctrl Pts',(284.598587686167,36.1332736237638,8.24376604905231));
#11791=CARTESIAN_POINT('',(284.598587686167,36.1332736237638,8.2437660490523));
#11792=CARTESIAN_POINT('Origin',(284.598587686167,36.1332736237638,7.2437660490523));
#11793=CARTESIAN_POINT('',(284.598587686167,36.6332736237638,7.7437660490523));
#11794=CARTESIAN_POINT('Origin',(284.598587686167,36.1332736237638,7.7437660490523));
#11795=CARTESIAN_POINT('Origin',(284.598587686167,36.6332736237638,7.24376604905229));
#11796=CARTESIAN_POINT('Origin',(284.598587686167,36.6332736237638,7.2437660490523));
#11797=CARTESIAN_POINT('',(284.598587686167,36.6332736237638,8.2437660490523));
#11798=CARTESIAN_POINT('Origin',(285.598737240114,33.979684765973,7.22721622951152));
#11799=CARTESIAN_POINT('',(275.647989847439,33.6335533265904,6.62769775198588));
#11800=CARTESIAN_POINT('',(285.598698529801,33.6332746762718,6.62721663872147));
#11801=CARTESIAN_POINT('',(275.647989847439,32.053286355441,3.89059636779429));
#11802=CARTESIAN_POINT('Origin',(285.598698529801,33.6332746762718,6.62721663872147));
#11803=CARTESIAN_POINT('',(285.598587686168,31.6332736252992,6.62721664144183));
#11804=CARTESIAN_POINT('',(285.598587686168,35.1332741378793,6.62721664605989));
#11805=CARTESIAN_POINT('',(275.647989847439,31.6335522725138,6.62769774934699));
#11806=CARTESIAN_POINT('',(285.598642523647,31.6332736237636,6.62721663879045));
#11807=CARTESIAN_POINT('',(275.647989847439,25.2205313791186,6.62769774088536));
#11808=CARTESIAN_POINT('Origin',(285.598587686168,36.6332736237638,-11.7721248365));
#11809=CARTESIAN_POINT('',(285.598587686168,31.6332736261339,7.2437660490523));
#11810=CARTESIAN_POINT('',(285.598587686168,36.6332736237638,7.2437660490523));
#11811=CARTESIAN_POINT('',(285.598587686168,31.6332736128434,-2.5724540954699));
#11812=CARTESIAN_POINT('Origin',(291.596602318111,36.6138605507022,8.20547495667999));
#11813=CARTESIAN_POINT('',(284.87266062717,36.6332736237638,8.20547495667999));
#11814=CARTESIAN_POINT('Origin',(284.598587686167,36.6332736237638,7.2437660490523));
#11815=CARTESIAN_POINT('',(284.598587686167,22.9859752703318,8.2437660490523));
#11816=CARTESIAN_POINT('Origin',(284.598587686167,22.3966330094713,7.2437660490523));
#11817=CARTESIAN_POINT('',(284.598587686167,24.3579130314267,8.24376604905209));
#11818=CARTESIAN_POINT('',(284.598587686167,36.6332736237638,8.2437660490523));
#11819=CARTESIAN_POINT('',(284.598587686167,29.5579130314267,8.2437660490523));
#11820=CARTESIAN_POINT('',(284.598587686167,36.6332736237638,8.2437660490523));
#11821=CARTESIAN_POINT('',(284.598587686167,31.6333016305505,8.2437660490523));
#11822=CARTESIAN_POINT('',(284.598587686167,36.6332736237638,8.2437660490523));
#11823=CARTESIAN_POINT('Origin',(284.598587686167,31.6333016291965,7.2437660490523));
#11824=CARTESIAN_POINT('Origin',(285.59847859788,22.9865706363854,8.24477543649716));
#11825=CARTESIAN_POINT('',(275.647989847439,22.3871567104654,7.22769406328531));
#11826=CARTESIAN_POINT('',(285.598412605864,22.3868780681535,7.22721296384522));
#11827=CARTESIAN_POINT('',(275.647989847439,22.9859708717543,8.2437660490523));
#11828=CARTESIAN_POINT('',(275.647989847439,22.1899376420536,6.8930513921084));
#11829=CARTESIAN_POINT('',(285.598536495505,22.985975761735,8.2437660490523));
#11830=CARTESIAN_POINT('Origin',(285.598412605864,22.3868780681535,7.22721296384522));
#11831=CARTESIAN_POINT('',(275.647989847439,22.3799634947709,7.22769405945755));
#11832=CARTESIAN_POINT('',(285.598412404432,22.3796848524647,7.2272129600272));
#11833=CARTESIAN_POINT('',(275.647989847439,19.5973333442099,7.22769257872362));
#11834=CARTESIAN_POINT('Origin',(285.598412404432,22.3796848524647,7.2272129600272));
#11835=CARTESIAN_POINT('',(275.647989847439,22.0335535185825,6.62769773625027));
#11836=CARTESIAN_POINT('',(285.59837369428,22.0332748773603,6.62721663869155));
#11837=CARTESIAN_POINT('',(275.647989847439,21.9032833864006,6.40206451057685));
#11838=CARTESIAN_POINT('Origin',(285.59837369428,22.0332748773603,6.62721663869155));
#11839=CARTESIAN_POINT('',(285.598587686168,20.0332751420818,6.62721662573631));
#11840=CARTESIAN_POINT('',(285.598587686168,28.3332743747032,6.62721663656283));
#11841=CARTESIAN_POINT('',(275.647989847439,20.0335537892964,6.62769773364147));
#11842=CARTESIAN_POINT('',(285.598317688163,20.0332751496426,6.62721663879062));
#11843=CARTESIAN_POINT('',(275.647989847439,19.4205314796507,6.62769773284184));
#11844=CARTESIAN_POINT('Origin',(296.621742220879,26.8884831519277,-13.7721248364999));
#11845=CARTESIAN_POINT('',(275.64798984744,38.4990895869508,-13.7721248365094));
#11846=CARTESIAN_POINT('',(277.14798984744,36.9990895869508,-13.7721248365088));
#11847=CARTESIAN_POINT('Origin',(277.147989847439,38.4990895869507,-13.7721248364999));
#11848=CARTESIAN_POINT('',(275.64798984744,43.9706624622037,-13.7721248365093));
#11849=CARTESIAN_POINT('',(275.647989847439,17.9331799344164,-13.7721248365099));
#11850=CARTESIAN_POINT('',(276.233776285067,45.3848760245767,-13.772124836509));
#11851=CARTESIAN_POINT('Origin',(277.647989847439,43.9706624622037,-13.7721248364999));
#11852=CARTESIAN_POINT('',(278.262203409814,47.4133031493237,-13.772124836508));
#11853=CARTESIAN_POINT('',(276.413776332046,45.5648760715576,-13.7721248365089));
#11854=CARTESIAN_POINT('Origin',(279.676416972185,45.9990895869507,-13.7721248364999));
#11855=CARTESIAN_POINT('',(286.64798984744,46.9990895869508,-13.7721248365041));
#11856=CARTESIAN_POINT('Origin',(285.647989847439,46.9990895869507,-13.7721248364999));
#11857=CARTESIAN_POINT('',(286.64798984744,41.3630506176287,-13.7721248365042));
#11858=CARTESIAN_POINT('',(286.647989847439,33.7115533224054,-13.7721248365044));
#11859=CARTESIAN_POINT('',(286.062203409813,39.9488370552557,-13.7721248365045));
#11860=CARTESIAN_POINT('Origin',(284.647989847439,41.3630506176287,-13.7721248364999));
#11861=CARTESIAN_POINT('',(283.698242379134,37.5848760245767,-13.7721248365057));
#11862=CARTESIAN_POINT('',(283.962125902597,37.8487595480418,-13.7721248365055));
#11863=CARTESIAN_POINT('',(282.284028816761,36.9990895869508,-13.7721248365064));
#11864=CARTESIAN_POINT('Origin',(282.284028816759,38.9990895869497,-13.7721248364999));
#11865=CARTESIAN_POINT('',(286.134866034163,36.9990895869507,-13.7721248365045));
#11866=CARTESIAN_POINT('',(279.390140089745,42.3509357119167,-13.7721248364999));
#11867=CARTESIAN_POINT('Origin',(281.140140089744,42.3509357119167,-13.7721248364999));
#11868=CARTESIAN_POINT('Origin',(296.621742220879,26.8884831519277,-13.7721248364999));
#11869=CARTESIAN_POINT('',(306.595494594317,6.77787671690473,-13.7721248364958));
#11870=CARTESIAN_POINT('Origin',(307.595494594316,6.77787671690468,-13.7721248364999));
#11871=CARTESIAN_POINT('',(306.595494594317,12.4139156862257,-13.7721248364956));
#11872=CARTESIAN_POINT('',(306.595494594316,20.0654129814505,-13.7721248364954));
#11873=CARTESIAN_POINT('',(307.181281031945,13.8281292485997,-13.7721248364953));
#11874=CARTESIAN_POINT('Origin',(308.595494594316,12.4139156862257,-13.7721248364999));
#11875=CARTESIAN_POINT('',(309.545242062624,16.1920902792777,-13.7721248364942));
#11876=CARTESIAN_POINT('',(309.281358539163,15.9282067558193,-13.7721248364943));
#11877=CARTESIAN_POINT('',(309.959455624997,16.5099275244735,-13.7721248365003));
#11878=CARTESIAN_POINT('Origin',(310.959455624995,14.7778767169047,-13.7721248364999));
#11879=CARTESIAN_POINT('',(310.321955702263,16.7778767169047,-13.7721248364938));
#11880=CARTESIAN_POINT('Origin',(308.959455624996,18.2419783320429,-13.7721248364999));
#11881=CARTESIAN_POINT('',(316.914244555684,16.7778767169047,-13.7721248364907));
#11882=CARTESIAN_POINT('',(307.108618407602,16.7778767169047,-13.7721248364953));
#11883=CARTESIAN_POINT('',(317.095494594317,16.6439021206893,-13.7721248364997));
#11884=CARTESIAN_POINT('Origin',(317.595494594317,17.5099275244732,-13.7721248364999));
#11885=CARTESIAN_POINT('',(317.595494594317,15.7778767169048,-13.7721248364905));
#11886=CARTESIAN_POINT('Origin',(316.595494594316,15.7778767169047,-13.7721248364999));
#11887=CARTESIAN_POINT('',(317.595494594317,9.80630384165073,-13.7721248364906));
#11888=CARTESIAN_POINT('',(317.595494594316,35.8437863694394,-13.7721248364899));
#11889=CARTESIAN_POINT('',(317.00970815669,8.39209027927771,-13.7721248364909));
#11890=CARTESIAN_POINT('Origin',(315.595494594316,9.80630384165069,-13.7721248364999));
#11891=CARTESIAN_POINT('',(314.981281031944,6.36366315453173,-13.7721248364919));
#11892=CARTESIAN_POINT('',(316.829708109714,8.21209023230341,-13.772124836491));
#11893=CARTESIAN_POINT('Origin',(313.567067469569,7.7778767169047,-13.7721248364999));
#11894=CARTESIAN_POINT('',(310.353344352013,11.4260305919377,-13.7721248364999));
#11895=CARTESIAN_POINT('Origin',(312.103344352011,11.4260305919377,-13.7721248364999));
#11896=CARTESIAN_POINT('Origin',(296.621742220879,26.8884831519277,-13.7721248364999));
#11897=CARTESIAN_POINT('',(286.687693750291,6.77787671690473,-13.772124836505));
#11898=CARTESIAN_POINT('Origin',(285.68769375029,6.77787671690468,-13.7721248364999));
#11899=CARTESIAN_POINT('',(278.262203409814,6.36366315453173,-13.772124836509));
#11900=CARTESIAN_POINT('Origin',(279.676416972185,7.7778767169047,-13.7721248364999));
#11901=CARTESIAN_POINT('',(276.233776285067,8.39209027927771,-13.7721248365099));
#11902=CARTESIAN_POINT('',(278.013776332046,6.61209023229805,-13.772124836509));
#11903=CARTESIAN_POINT('',(275.64798984744,9.80630384165073,-13.7721248365101));
#11904=CARTESIAN_POINT('Origin',(277.647989847439,9.80630384165069,-13.7721248364999));
#11905=CARTESIAN_POINT('',(275.64798984744,16.8077880798338,-13.7721248365099));
#11906=CARTESIAN_POINT('',(275.647989847439,17.9331799344164,-13.7721248365099));
#11907=CARTESIAN_POINT('',(282.64383373229,16.8077880798338,-13.7721248365067));
#11908=CARTESIAN_POINT('',(290.047001538961,16.8077880798337,-13.7721248365032));
#11909=CARTESIAN_POINT('',(284.058047294663,16.2220016422067,-13.772124836506));
#11910=CARTESIAN_POINT('Origin',(282.643833732288,14.8077880798337,-13.7721248364999));
#11911=CARTESIAN_POINT('',(286.101907312664,14.1781416242057,-13.7721248365051));
#11912=CARTESIAN_POINT('',(285.847173876602,14.4328750602666,-13.7721248365052));
#11913=CARTESIAN_POINT('',(286.687693750291,12.7639280618327,-13.7721248365049));
#11914=CARTESIAN_POINT('Origin',(284.68769375029,12.7639280618317,-13.7721248364999));
#11915=CARTESIAN_POINT('',(286.68769375029,16.3331799344164,-13.7721248365048));
#11916=CARTESIAN_POINT('',(279.390140089745,11.4260305919377,-13.7721248364999));
#11917=CARTESIAN_POINT('Origin',(281.140140089744,11.4260305919377,-13.7721248364999));
#11918=CARTESIAN_POINT('Origin',(296.621742220879,26.8884831519277,-13.7721248364999));
#11919=CARTESIAN_POINT('',(310.321955702263,36.9990895869508,-13.7721248364933));
#11920=CARTESIAN_POINT('',(316.914244555684,36.9990895869508,-13.7721248364902));
#11921=CARTESIAN_POINT('',(303.376385360569,36.9990895869507,-13.7721248364965));
#11922=CARTESIAN_POINT('',(309.959455624997,37.267038779382,-13.7721248365004));
#11923=CARTESIAN_POINT('Origin',(308.959455624996,35.5349879718125,-13.7721248364999));
#11924=CARTESIAN_POINT('',(309.545242062624,37.5848760245767,-13.7721248364937));
#11925=CARTESIAN_POINT('Origin',(310.959455624995,38.9990895869507,-13.7721248364999));
#11926=CARTESIAN_POINT('',(307.181281031945,39.9488370552557,-13.7721248364947));
#11927=CARTESIAN_POINT('',(307.513591586197,39.6165265010024,-13.7721248364945));
#11928=CARTESIAN_POINT('',(306.595494594317,41.3630506176287,-13.772124836495));
#11929=CARTESIAN_POINT('Origin',(308.595494594316,41.3630506176287,-13.7721248364999));
#11930=CARTESIAN_POINT('',(306.595494594317,46.9990895869508,-13.7721248364948));
#11931=CARTESIAN_POINT('',(306.595494594316,37.4437863694394,-13.772124836495));
#11932=CARTESIAN_POINT('Origin',(307.595494594316,46.9990895869507,-13.7721248364999));
#11933=CARTESIAN_POINT('',(314.981281031944,47.4133031493237,-13.7721248364909));
#11934=CARTESIAN_POINT('Origin',(313.567067469569,45.9990895869507,-13.7721248364999));
#11935=CARTESIAN_POINT('',(317.00970815669,45.3848760245767,-13.77212483649));
#11936=CARTESIAN_POINT('',(315.229708109714,47.1648760715522,-13.7721248364908));
#11937=CARTESIAN_POINT('',(317.595494594317,43.9706624622037,-13.7721248364898));
#11938=CARTESIAN_POINT('Origin',(315.595494594316,43.9706624622037,-13.7721248364999));
#11939=CARTESIAN_POINT('',(317.595494594317,37.9990895869507,-13.7721248364899));
#11940=CARTESIAN_POINT('',(317.595494594316,35.8437863694394,-13.7721248364899));
#11941=CARTESIAN_POINT('',(317.095494594317,37.1330641831662,-13.7721248364997));
#11942=CARTESIAN_POINT('Origin',(316.595494594316,37.9990895869507,-13.7721248364999));
#11943=CARTESIAN_POINT('Origin',(317.595494594317,36.2670387793822,-13.7721248364999));
#11944=CARTESIAN_POINT('',(310.353344352013,42.3509357119167,-13.7721248364999));
#11945=CARTESIAN_POINT('Origin',(312.103344352011,42.3509357119167,-13.7721248364999));
#11946=CARTESIAN_POINT('Origin',(286.647989847439,40.5346234928827,5.72787516350009));
#11947=CARTESIAN_POINT('',(286.647989847439,46.9990895869507,3.22787516350009));
#11948=CARTESIAN_POINT('',(286.647989847439,46.9990895869507,5.72787516350009));
#11949=CARTESIAN_POINT('',(286.647989847439,41.3630506176287,3.22787516350009));
#11950=CARTESIAN_POINT('',(286.647989847439,33.7115533224047,3.22787516350009));
#11951=CARTESIAN_POINT('',(286.647989847439,41.3630506176287,5.72787516350009));
#11952=CARTESIAN_POINT('Origin',(285.647989847439,46.9990895869507,5.72787516350009));
#11953=CARTESIAN_POINT('Origin',(285.647989847439,46.9990895869507,3.22787516350009));
#11954=CARTESIAN_POINT('Origin',(279.676416972185,45.9990895869507,5.72787516350009));
#11955=CARTESIAN_POINT('',(278.262203409812,47.4133031493237,15.1278751635001));
#11956=CARTESIAN_POINT('',(278.262203409812,47.4133031493237,5.72787516350009));
#11957=CARTESIAN_POINT('Origin',(279.676416972185,45.9990895869507,15.1278751635001));
#11958=CARTESIAN_POINT('Origin',(275.647989847439,44.7990895869507,5.72787516350009));
#11959=CARTESIAN_POINT('',(276.233776285066,45.3848760245767,15.1278751635001));
#11960=CARTESIAN_POINT('',(276.233776285066,45.3848760245767,-11.772124836509));
#11961=CARTESIAN_POINT('',(276.413776332043,45.5648760715547,15.1278751635001));
#11962=CARTESIAN_POINT('Origin',(277.647989847439,43.9706624622037,5.72787516350009));
#11963=CARTESIAN_POINT('',(275.647989847439,43.9706624622037,14.9789862746121));
#11964=CARTESIAN_POINT('',(275.647989847439,43.9706624622037,-11.7721248365093));
#11965=CARTESIAN_POINT('',(275.781989847438,44.690415197521,15.1278751635001));
#11966=CARTESIAN_POINT('Origin',(277.647989847439,43.9706624622037,17.2012084968348));
#11967=CARTESIAN_POINT('Origin',(277.647989847439,43.9706624622037,15.1278751635001));
#11968=CARTESIAN_POINT('Origin',(317.595494594316,8.97787671690467,5.72787516350009));
#11969=CARTESIAN_POINT('',(317.009708156689,8.39209027927767,15.1278751635001));
#11970=CARTESIAN_POINT('',(317.009708156689,8.39209027927767,-11.7721248364909));
#11971=CARTESIAN_POINT('',(314.981281031943,6.36366315453168,15.1278751635001));
#11972=CARTESIAN_POINT('',(316.829708109712,8.21209023230066,15.1278751635001));
#11973=CARTESIAN_POINT('',(314.981281031943,6.36366315453168,-11.7721248364919));
#11974=CARTESIAN_POINT('Origin',(315.595494594316,9.80630384165069,5.72787516350009));
#11975=CARTESIAN_POINT('',(317.595494594316,9.80630384165069,15.1278751635001));
#11976=CARTESIAN_POINT('',(317.595494594317,9.80630384165069,-11.7721248364906));
#11977=CARTESIAN_POINT('Origin',(315.595494594316,9.80630384165069,15.1278751635001));
#11978=CARTESIAN_POINT('Origin',(316.595494594316,15.7778767169047,5.72787516350009));
#11979=CARTESIAN_POINT('',(317.095494594316,16.6439021206889,3.22787516350009));
#11980=CARTESIAN_POINT('',(317.095494594316,16.6439021206889,5.72787516350009));
#11981=CARTESIAN_POINT('',(317.595494594316,15.7778767169047,3.22787516350009));
#11982=CARTESIAN_POINT('Origin',(316.595494594316,15.7778767169047,3.22787516350009));
#11983=CARTESIAN_POINT('',(317.595494594316,15.7778767169047,5.72787516350009));
#11984=CARTESIAN_POINT('Origin',(317.595494594317,17.5099275244732,5.72787516350009));
#11985=CARTESIAN_POINT('',(316.914244555683,16.7778767169047,-11.2721248364999));
#11986=CARTESIAN_POINT('',(316.914244555683,16.7778767169047,5.72787516350009));
#11987=CARTESIAN_POINT('',(316.595494594317,17.5099275244732,-11.2721248364999));
#11988=CARTESIAN_POINT('Origin',(317.595494594317,17.5099275244732,-11.2721248364999));
#11989=CARTESIAN_POINT('',(316.595494594317,17.5099275244731,3.22787516350009));
#11990=CARTESIAN_POINT('',(316.595494594317,17.5099275244732,5.72787516350009));
#11991=CARTESIAN_POINT('Origin',(317.595494594317,17.5099275244731,3.22787516350009));
#11992=CARTESIAN_POINT('Origin',(317.595494594316,16.7778767169047,5.72787516350009));
#11993=CARTESIAN_POINT('',(310.321955702262,16.7778767169047,-11.2721248364999));
#11994=CARTESIAN_POINT('',(310.321955702262,16.7778767169047,5.72787516350009));
#11995=CARTESIAN_POINT('',(315.686484851986,16.7778767169047,-11.2721248364999));
#11996=CARTESIAN_POINT('Origin',(308.959455624996,18.2419783320429,5.72787516350009));
#11997=CARTESIAN_POINT('',(309.959455624996,16.5099275244738,3.22787516350009));
#11998=CARTESIAN_POINT('',(309.959455624996,16.5099275244735,-11.7721248365003));
#11999=CARTESIAN_POINT('',(310.537976044615,17.0138605507022,3.22787516350009));
#12000=CARTESIAN_POINT('Origin',(308.959455624996,18.2419783320429,3.22787516350009));
#12001=CARTESIAN_POINT('',(310.537976044615,17.0138605507022,-11.2721248364999));
#12002=CARTESIAN_POINT('',(310.537976044615,17.0138605507022,5.72787516350009));
#12003=CARTESIAN_POINT('Origin',(308.959455624996,18.2419783320429,-11.2721248364999));
#12004=CARTESIAN_POINT('Origin',(284.68769375029,12.7639280618317,5.72787516350009));
#12005=CARTESIAN_POINT('',(286.101907312663,14.1781416242057,3.22787516350009));
#12006=CARTESIAN_POINT('',(286.101907312663,14.1781416242057,5.72787516350009));
#12007=CARTESIAN_POINT('',(286.68769375029,12.7639280618317,3.22787516350009));
#12008=CARTESIAN_POINT('Origin',(284.68769375029,12.7639280618317,3.22787516350009));
#12009=CARTESIAN_POINT('',(286.68769375029,12.7639280618317,5.72787516350009));
#12010=CARTESIAN_POINT('Origin',(286.68769375029,13.5923551865787,5.72787516350009));
#12011=CARTESIAN_POINT('',(284.058047294662,16.2220016422067,3.22787516350009));
#12012=CARTESIAN_POINT('',(284.058047294662,16.2220016422067,5.72787516350009));
#12013=CARTESIAN_POINT('',(285.847173876599,14.4328750602687,3.22787516350009));
#12014=CARTESIAN_POINT('Origin',(282.643833732288,14.8077880798337,5.72787516350009));
#12015=CARTESIAN_POINT('',(282.643833732288,16.8077880798337,3.22787516350009));
#12016=CARTESIAN_POINT('',(282.643833732288,16.8077880798337,5.72787516350009));
#12017=CARTESIAN_POINT('Origin',(282.643833732288,14.8077880798337,3.22787516350009));
#12018=CARTESIAN_POINT('Origin',(283.472260857035,16.8077880798337,5.72787516350009));
#12019=CARTESIAN_POINT('',(275.647989847439,16.8077880798337,3.22787516350009));
#12020=CARTESIAN_POINT('',(275.647989847439,16.8077880798337,-11.7721248365099));
#12021=CARTESIAN_POINT('',(290.047001538956,16.8077880798337,3.22787516350009));
#12022=CARTESIAN_POINT('Origin',(275.647989847439,8.97787671690467,5.72787516350009));
#12023=CARTESIAN_POINT('',(275.647989847439,9.80630384165069,14.9789862746121));
#12024=CARTESIAN_POINT('',(275.647989847439,9.80630384165069,5.72787516350009));
#12025=CARTESIAN_POINT('',(275.647989847439,15.6990895869507,14.9789862746121));
#12026=CARTESIAN_POINT('',(275.647989847439,21.8613288122241,14.9789862746121));
#12027=CARTESIAN_POINT('',(275.647989847439,15.6990895869507,6.45872961731397));
#12028=CARTESIAN_POINT('',(275.647989847439,17.0138605507022,4.22180498551596));
#12029=CARTESIAN_POINT('',(275.647989847439,17.0138605507022,1.96270233870198));
#12030=CARTESIAN_POINT('Origin',(275.647989847439,19.3077880798337,3.22787516350009));
#12031=CARTESIAN_POINT('Origin',(313.567067469569,45.9990895869507,5.72787516350009));
#12032=CARTESIAN_POINT('',(314.981281031943,47.4133031493237,15.1278751635001));
#12033=CARTESIAN_POINT('Origin',(313.567067469569,45.9990895869507,15.1278751635001));
#12034=CARTESIAN_POINT('',(314.981281031943,47.4133031493237,-11.7721248364909));
#12035=CARTESIAN_POINT('Origin',(307.595494594316,46.9990895869507,5.72787516350009));
#12036=CARTESIAN_POINT('',(306.595494594316,46.9990895869497,3.22787516350009));
#12037=CARTESIAN_POINT('',(306.595494594316,46.9990895869507,5.72787516350009));
#12038=CARTESIAN_POINT('Origin',(307.595494594316,46.9990895869497,3.22787516350009));
#12039=CARTESIAN_POINT('Origin',(317.595494594316,44.7990895869507,5.72787516350009));
#12040=CARTESIAN_POINT('',(317.595494594316,19.2778767169047,6.72787516350009));
#12041=CARTESIAN_POINT('Origin',(317.595494594316,19.2778767169047,3.22787516350009));
#12042=CARTESIAN_POINT('',(317.595494594316,34.4990895869507,6.72787516350009));
#12043=CARTESIAN_POINT('',(317.595494594316,35.8437863694387,6.72787516350009));
#12044=CARTESIAN_POINT('',(317.595494594316,37.9990895869507,3.22787516350009));
#12045=CARTESIAN_POINT('Origin',(317.595494594316,34.4990895869507,3.22787516350009));
#12046=CARTESIAN_POINT('',(317.595494594317,37.9990895869507,-11.7721248364899));
#12047=CARTESIAN_POINT('',(317.595494594316,43.9706624622037,15.1278751635001));
#12048=CARTESIAN_POINT('',(317.595494594317,43.9706624622037,-11.7721248364898));
#12049=CARTESIAN_POINT('',(317.595494594316,35.8437863694387,15.1278751635001));
#12050=CARTESIAN_POINT('Origin',(306.595494594316,47.9990895869507,5.72787516350009));
#12051=CARTESIAN_POINT('',(306.595494594316,41.3630506176287,3.22787516350009));
#12052=CARTESIAN_POINT('',(306.595494594316,41.3630506176287,5.72787516350009));
#12053=CARTESIAN_POINT('',(306.595494594316,37.4437863694387,3.22787516350009));
#12054=CARTESIAN_POINT('Origin',(308.595494594316,41.3630506176287,5.72787516350009));
#12055=CARTESIAN_POINT('',(307.181281031943,39.9488370552557,3.22787516350009));
#12056=CARTESIAN_POINT('',(307.181281031944,39.9488370552557,-11.7721248364947));
#12057=CARTESIAN_POINT('Origin',(308.595494594316,41.3630506176287,3.22787516350009));
#12058=CARTESIAN_POINT('Origin',(306.595494594316,40.5346234928827,5.72787516350009));
#12059=CARTESIAN_POINT('',(309.545242062622,37.5848760245767,3.22787516350009));
#12060=CARTESIAN_POINT('',(309.545242062622,37.5848760245767,5.72787516350009));
#12061=CARTESIAN_POINT('',(307.513591586194,39.6165265010047,3.22787516350009));
#12062=CARTESIAN_POINT('Origin',(310.959455624995,38.9990895869507,5.72787516350009));
#12063=CARTESIAN_POINT('',(309.959455624996,37.2670387793816,3.22787516350009));
#12064=CARTESIAN_POINT('',(309.959455624996,37.2670387793816,5.72787516350009));
#12065=CARTESIAN_POINT('Origin',(310.959455624995,38.9990895869507,3.22787516350009));
#12066=CARTESIAN_POINT('Origin',(253.623918935447,26.9454479046249,7.18958407112785));
#12067=CARTESIAN_POINT('',(256.803989847439,32.164340138623,7.18958407112785));
#12068=CARTESIAN_POINT('',(257.088781062402,31.7678007843871,7.18958407112785));
#12069=CARTESIAN_POINT('',(251.874946298285,31.7678007843005,7.18958407112785));
#12070=CARTESIAN_POINT('',(257.088781062395,32.1678007843997,7.18958407112785));
#12071=CARTESIAN_POINT('',(257.088781062442,29.3566160687962,7.18958407112785));
#12072=CARTESIAN_POINT('',(255.356349998878,32.1678007843709,7.18958407112785));
#12073=CARTESIAN_POINT('Origin',(250.125973661204,31.7677842327943,5.10389892160902));
#12074=CARTESIAN_POINT('',(257.088781062402,31.7677842333938,5.10395989544355));
#12075=CARTESIAN_POINT('',(250.125973661204,31.7677842332782,5.10395989544355));
#12076=CARTESIAN_POINT('',(253.665063271492,31.7677842333369,5.10395989544355));
#12077=CARTESIAN_POINT('',(257.088781062402,31.7677842329099,5.10389892160902));
#12078=CARTESIAN_POINT('',(250.125973661204,31.7677842327943,5.10389892160902));
#12079=CARTESIAN_POINT('Origin',(257.088781062402,31.7677842329099,5.10389892160902));
#12080=CARTESIAN_POINT('',(257.088781062397,32.0843742249129,5.10395989544354));
#12081=CARTESIAN_POINT('',(257.088781062417,30.8338736898443,5.10395989544357));
#12082=CARTESIAN_POINT('',(257.088781062397,32.0894147060323,5.1038963692298));
#12083=CARTESIAN_POINT('Origin',(257.088781062402,32.0843742249129,4.90395989544354));
#12084=CARTESIAN_POINT('',(257.088781062395,32.1677842328973,5.10389574730878));
#12085=CARTESIAN_POINT('',(257.088781062395,32.1677842328973,5.10389574730878));
#12086=CARTESIAN_POINT('',(257.088781062395,32.1677842328973,5.10389574730878));
#12087=CARTESIAN_POINT('Origin',(250.125973661197,32.1677842327817,5.10389574730878));
#12088=CARTESIAN_POINT('',(250.125973661198,32.0843742249129,5.10395989544354));
#12089=CARTESIAN_POINT('',(250.125973661216,31.0338736897224,5.10395989544357));
#12090=CARTESIAN_POINT('',(250.125973661197,32.1677842327817,5.10389574730878));
#12091=CARTESIAN_POINT('',(250.125973661197,32.1677842327817,5.10389574730878));
#12092=CARTESIAN_POINT('',(250.125973661198,32.0894147060324,5.1038963692298));
#12093=CARTESIAN_POINT('',(250.125973661204,31.7677842327943,5.10389892160902));
#12094=CARTESIAN_POINT('Origin',(250.125973661197,32.0843742249129,4.90395989544354));
#12095=CARTESIAN_POINT('Origin',(257.088781062395,32.1677842328973,5.10389574730878));
#12096=CARTESIAN_POINT('',(250.125973661197,32.1677842327817,5.10389574730878));
#12097=CARTESIAN_POINT('Origin',(253.607377361799,31.9677842328458,5.10389733445891));
#12098=CARTESIAN_POINT('',(257.204152881811,32.0894147060323,5.1038963692298));
#12099=CARTESIAN_POINT('Origin',(257.204152881811,32.0843742249129,4.90395989544354));
#12100=CARTESIAN_POINT('',(257.204152881811,32.0843742249129,5.10395989544354));
#12101=CARTESIAN_POINT('',(257.204152881811,32.0843742249129,5.10395989544354));
#12102=CARTESIAN_POINT('',(257.204152881811,32.2843742249129,4.90395989544353));
#12103=CARTESIAN_POINT('Origin',(257.204152881811,32.0843742249129,4.90395989544354));
#12104=CARTESIAN_POINT('',(250.021989847439,32.2843742249129,4.90395989544353));
#12105=CARTESIAN_POINT('',(257.204152881811,32.2843742249129,4.90395989544353));
#12106=CARTESIAN_POINT('',(250.021989847439,32.0843742249129,5.10395989544354));
#12107=CARTESIAN_POINT('Origin',(250.021989847439,32.0843742249129,4.90395989544354));
#12108=CARTESIAN_POINT('',(257.204152881811,32.0843742249129,5.10395989544354));
#12109=CARTESIAN_POINT('Origin',(253.623918935447,26.9454479046249,7.18958407112785));
#12110=CARTESIAN_POINT('',(256.803989847439,32.164340138623,7.18958407112785));
#12111=CARTESIAN_POINT('',(257.117317158475,21.7230950249657,7.18958407112785));
#12112=CARTESIAN_POINT('',(251.889214346405,21.7230950248789,7.18958407112785));
#12113=CARTESIAN_POINT('',(257.117317158469,22.1230950249783,7.18958407112785));
#12114=CARTESIAN_POINT('',(257.117317158432,24.334263189402,7.18958407112785));
#12115=CARTESIAN_POINT('',(255.370618046998,22.1230950249493,7.18958407112785));
#12116=CARTESIAN_POINT('Origin',(250.154509757277,21.7230784740054,5.10397863388896));
#12117=CARTESIAN_POINT('',(250.154509757277,21.7230784740054,5.10397863388896));
#12118=CARTESIAN_POINT('',(250.154509757277,21.7230784740054,5.10397863388896));
#12119=CARTESIAN_POINT('',(257.117317158475,21.723078474121,5.10397863388896));
#12120=CARTESIAN_POINT('',(257.117317158475,21.723078474121,5.10397863388896));
#12121=CARTESIAN_POINT('',(257.117317158475,21.723078474121,5.10397863388896));
#12122=CARTESIAN_POINT('Origin',(250.15450975727,22.1230784739929,5.1039754595887));
#12123=CARTESIAN_POINT('',(250.15450975727,22.1230784739929,5.1039754595887));
#12124=CARTESIAN_POINT('',(250.15450975727,22.1230784739929,5.1039754595887));
#12125=CARTESIAN_POINT('',(250.154509757274,21.8843715870291,5.10397735390703));
#12126=CARTESIAN_POINT('',(250.154509757274,21.9037250304547,5.10397720051344));
#12127=CARTESIAN_POINT('',(250.154509757277,21.7230784740054,5.10397863388896));
#12128=CARTESIAN_POINT('Origin',(257.117317158469,22.1230784741085,5.10397545958871));
#12129=CARTESIAN_POINT('',(257.117317158469,22.1230784741085,5.10397545958871));
#12130=CARTESIAN_POINT('',(257.117317158469,22.1230784741085,5.10397545958871));
#12131=CARTESIAN_POINT('',(257.160735020136,22.1230784741092,5.10397545978113));
#12132=CARTESIAN_POINT('Origin',(257.117317158475,21.723078474121,5.10397863388896));
#12133=CARTESIAN_POINT('',(257.117317158473,21.8843715870291,5.10397735390703));
#12134=CARTESIAN_POINT('',(257.117317158469,22.1230784741085,5.10397545958871));
#12135=CARTESIAN_POINT('',(257.117317158476,21.7037250305766,5.10397878766183));
#12136=CARTESIAN_POINT('Origin',(253.635913457873,21.923078474057,5.10397704673883));
#12137=CARTESIAN_POINT('',(257.204152881811,21.8843715870274,5.10397735409738));
#12138=CARTESIAN_POINT('Origin',(253.623918935447,26.9454479046249,7.18958407112785));
#12139=CARTESIAN_POINT('',(256.803989847439,32.164340138623,7.18958407112785));
#12140=CARTESIAN_POINT('',(257.036485365613,30.6610936022144,7.18958407112785));
#12141=CARTESIAN_POINT('',(251.864314369796,30.6610936021286,7.18958407112785));
#12142=CARTESIAN_POINT('',(257.036485365606,31.061093602227,7.18958407112785));
#12143=CARTESIAN_POINT('',(257.036485365644,28.8032624777442,7.18958407112785));
#12144=CARTESIAN_POINT('',(255.330202150492,31.0610936021987,7.18958407112785));
#12145=CARTESIAN_POINT('Origin',(250.104709804201,31.0610770506792,5.10390452986099));
#12146=CARTESIAN_POINT('',(250.104709804208,30.661077051106,5.10395989544357));
#12147=CARTESIAN_POINT('',(250.104709804201,31.0610770511186,5.10395989544357));
#12148=CARTESIAN_POINT('',(250.104709804211,30.480520098671,5.10395989544357));
#12149=CARTESIAN_POINT('',(250.104709804208,30.6610770506918,5.10390770416123));
#12150=CARTESIAN_POINT('',(250.104709804201,31.0610770506792,5.10390452986099));
#12151=CARTESIAN_POINT('Origin',(250.104709804208,30.6610770506918,5.10390770416123));
#12152=CARTESIAN_POINT('',(257.036485365613,30.6610770512211,5.10395989544357));
#12153=CARTESIAN_POINT('',(253.654431343003,30.6610770511649,5.10395989544357));
#12154=CARTESIAN_POINT('',(257.036485365613,30.6610770508069,5.10390770416123));
#12155=CARTESIAN_POINT('Origin',(257.036485365606,31.0610770507943,5.10390452986099));
#12156=CARTESIAN_POINT('',(257.036485365606,31.0610770512337,5.10395989544357));
#12157=CARTESIAN_POINT('',(257.120319123699,31.0610770512351,5.10395989544357));
#12158=CARTESIAN_POINT('',(257.036485365606,31.0610770507943,5.10390452986099));
#12159=CARTESIAN_POINT('Origin',(257.036485365613,30.6610770508069,5.10390770416123));
#12160=CARTESIAN_POINT('',(257.036485365619,30.2805200987924,5.10395989544358));
#12161=CARTESIAN_POINT('Origin',(253.623918935447,26.9454479046249,7.18958407112785));
#12162=CARTESIAN_POINT('',(256.803989847439,32.164340138623,7.18958407112785));
#12163=CARTESIAN_POINT('',(257.143128066692,22.5775768703538,7.18958407112785));
#12164=CARTESIAN_POINT('',(251.874978640025,22.5775768702664,7.18958407112785));
#12165=CARTESIAN_POINT('',(257.143128066685,22.9775768703664,7.18958407112785));
#12166=CARTESIAN_POINT('',(257.143128066656,24.7615041120694,7.18958407112785));
#12167=CARTESIAN_POINT('',(255.383523501099,22.9775768703372,7.18958407112785));
#12168=CARTESIAN_POINT('Origin',(250.126038344531,22.5775603193389,5.10397185293412));
#12169=CARTESIAN_POINT('',(250.126038344531,22.5775603193389,5.10397185293412));
#12170=CARTESIAN_POINT('',(250.126038344531,22.5775603193389,5.10397185293412));
#12171=CARTESIAN_POINT('',(257.143128066692,22.5775603194554,5.10397185293412));
#12172=CARTESIAN_POINT('',(253.665095613164,22.5775603193977,5.1039718531305));
#12173=CARTESIAN_POINT('',(257.143128066692,22.5775603194554,5.10397185293412));
#12174=CARTESIAN_POINT('Origin',(250.126038344524,22.9775603193263,5.10396867863387));
#12175=CARTESIAN_POINT('',(250.126038344524,22.9775603193263,5.10396867863387));
#12176=CARTESIAN_POINT('',(250.126038344524,22.9775603193263,5.10396867863387));
#12177=CARTESIAN_POINT('',(250.126038344535,22.3309659531212,5.10397381003974));
#12178=CARTESIAN_POINT('Origin',(257.143128066685,22.9775603194428,5.10396867863387));
#12179=CARTESIAN_POINT('',(257.143128066685,22.9775603194428,5.10396867863387));
#12180=CARTESIAN_POINT('',(257.143128066685,22.9775603194428,5.10396867863387));
#12181=CARTESIAN_POINT('',(257.173640474237,22.9775603194433,5.10396867883372));
#12182=CARTESIAN_POINT('Origin',(257.143128066692,22.5775603194554,5.10397185293412));
#12183=CARTESIAN_POINT('',(257.143128066699,22.130965953244,5.10397539718812));
#12184=CARTESIAN_POINT('Origin',(257.204152881811,21.884369999879,4.90397735410367));
#12185=CARTESIAN_POINT('',(257.204152881811,21.6843699998853,4.90397894125206));
#12186=CARTESIAN_POINT('',(257.204152881811,21.8843715870274,5.10397735409738));
#12187=CARTESIAN_POINT('Origin',(257.204152881811,21.884369999879,4.90397735410367));
#12188=CARTESIAN_POINT('',(257.204152881811,21.8843715870274,5.10397735409738));
#12189=CARTESIAN_POINT('',(250.021989847439,21.8843715870274,5.10397735409738));
#12190=CARTESIAN_POINT('',(257.204152881811,21.8843715870274,5.10397735409738));
#12191=CARTESIAN_POINT('',(250.021989847439,21.6843699998853,4.90397894125206));
#12192=CARTESIAN_POINT('Origin',(250.021989847439,21.884369999879,4.90397735410367));
#12193=CARTESIAN_POINT('',(257.204152881811,21.6843699998853,4.90397894125206));
#12194=CARTESIAN_POINT('Origin',(250.021989847439,24.3417037848458,4.90395785333695));
#12195=CARTESIAN_POINT('',(249.821989847439,21.884369999879,4.90397735410367));
#12196=CARTESIAN_POINT('Origin',(250.021989847439,21.884369999879,4.90397735410367));
#12197=CARTESIAN_POINT('',(250.021989847439,24.0843742249129,5.10395989544422));
#12198=CARTESIAN_POINT('',(250.021989847439,24.3417053719942,5.10395785333065));
#12199=CARTESIAN_POINT('',(249.821989847439,24.284374224913,4.90395830828954));
#12200=CARTESIAN_POINT('Origin',(250.021989847439,24.284374224913,4.90395830828954));
#12201=CARTESIAN_POINT('',(249.821989847439,24.3417037848458,4.90395785333695));
#12202=CARTESIAN_POINT('Origin',(250.021989847439,21.884369999879,4.90397735410367));
#12203=CARTESIAN_POINT('Origin',(250.021989847439,21.884369999879,4.90397735410367));
#12204=CARTESIAN_POINT('Origin',(257.204152881811,21.6843677898998,4.6254938936473));
#12205=CARTESIAN_POINT('',(250.021989847439,21.6843677898998,4.62549389364731));
#12206=CARTESIAN_POINT('',(250.021989847439,21.6843949034647,8.04213284339573));
#12207=CARTESIAN_POINT('',(257.204152881811,21.6843677898998,4.6254938936473));
#12208=CARTESIAN_POINT('',(257.204152881811,21.6843677898998,4.6254938936473));
#12209=CARTESIAN_POINT('',(257.204152881811,21.6843677898998,4.6254938936473));
#12210=CARTESIAN_POINT('Origin',(250.021989847439,21.8843949034584,8.04213125624735));
#12211=CARTESIAN_POINT('',(249.821989847439,21.8843677898935,4.62549230649892));
#12212=CARTESIAN_POINT('',(249.821989847439,21.8843949034584,8.04213125624735));
#12213=CARTESIAN_POINT('Origin',(250.021989847439,21.8843677898935,4.62549230649892));
#12214=CARTESIAN_POINT('Origin',(249.821989847439,26.9990895869507,11.458729617314));
#12215=CARTESIAN_POINT('',(249.821989847439,24.284374224913,8.2813447563791));
#12216=CARTESIAN_POINT('',(249.821989847439,17.6990895869507,9.33568110192786));
#12217=CARTESIAN_POINT('',(249.821989847439,17.6990895869507,9.32415684422091));
#12218=CARTESIAN_POINT('',(249.821989847439,35.9990895869507,9.33568110192784));
#12219=CARTESIAN_POINT('',(249.821989847439,21.8490895869507,9.33568110192784));
#12220=CARTESIAN_POINT('',(249.821989847439,35.9990895869507,13.593302390407));
#12221=CARTESIAN_POINT('',(249.821989847439,29.6999631467806,4.9039598954436));
#12222=CARTESIAN_POINT('',(249.821989847439,29.6999631467806,9.32415684422091));
#12223=CARTESIAN_POINT('',(249.821989847439,32.0843742249129,4.90395989544354));
#12224=CARTESIAN_POINT('',(249.821989847439,28.4495263668656,4.90395989544362));
#12225=CARTESIAN_POINT('',(249.821989847439,32.0843742249129,4.62547317424209));
#12226=CARTESIAN_POINT('',(249.821989847439,32.084374224913,8.2813447563787));
#12227=CARTESIAN_POINT('',(249.821989847439,31.6157450748114,3.49410232434365));
#12228=CARTESIAN_POINT('Origin',(249.821989847439,30.4843742249129,4.62547317424212));
#12229=CARTESIAN_POINT('',(249.821989847439,30.1266577782854,2.0050150278176));
#12230=CARTESIAN_POINT('',(249.821989847439,32.4527380260888,4.33109527562109));
#12231=CARTESIAN_POINT('',(249.821989847439,28.9952869283869,1.53638587771608));
#12232=CARTESIAN_POINT('Origin',(249.821989847439,28.9952869283869,3.13638587771608));
#12233=CARTESIAN_POINT('',(249.821989847439,24.9734615214389,1.53638587771607));
#12234=CARTESIAN_POINT('',(249.821989847439,27.9971882576688,1.53638587771608));
#12235=CARTESIAN_POINT('',(249.821989847439,23.8420906715404,2.0050150278176));
#12236=CARTESIAN_POINT('Origin',(249.821989847439,24.9734615214389,3.13638587771608));
#12237=CARTESIAN_POINT('',(249.821989847439,22.3529969399447,3.4941087594134));
#12238=CARTESIAN_POINT('',(249.821989847439,22.2679117530189,3.57919394633914));
#12239=CARTESIAN_POINT('Origin',(249.821989847439,23.4843677898431,4.62547960931186));
#12240=CARTESIAN_POINT('Origin',(250.021989847439,28.4495263668656,4.90395989544362));
#12241=CARTESIAN_POINT('Origin',(250.021989847439,32.0843742249129,4.90395989544354));
#12242=CARTESIAN_POINT('',(250.021989847439,29.8999631467806,5.10395989544359));
#12243=CARTESIAN_POINT('Origin',(250.021989847439,29.6999631467806,4.9039598954436));
#12244=CARTESIAN_POINT('',(250.021989847439,28.4495263668656,5.10395989544362));
#12245=CARTESIAN_POINT('Origin',(250.021989847439,32.0843742249129,4.90395989544354));
#12246=CARTESIAN_POINT('Origin',(250.021989847439,32.0843742249129,4.90395989544354));
#12247=CARTESIAN_POINT('Origin',(250.021989847439,32.084374224913,8.2813447563787));
#12248=CARTESIAN_POINT('',(250.021989847439,32.2843742249129,4.62547317424209));
#12249=CARTESIAN_POINT('',(250.021989847439,32.284374224913,8.28134475637869));
#12250=CARTESIAN_POINT('Origin',(250.021989847439,32.0843742249129,4.62547317424209));
#12251=CARTESIAN_POINT('Origin',(257.204152881811,32.2843742249129,5.10395989544354));
#12252=CARTESIAN_POINT('',(257.204152881811,32.2843742249129,4.62547317424209));
#12253=CARTESIAN_POINT('',(257.204152881811,32.2843742249129,5.43638465995323));
#12254=CARTESIAN_POINT('',(257.204152881811,32.2843742249129,4.62547317424209));
#12255=CARTESIAN_POINT('Origin',(271.821989847439,35.4940835180145,10.2278751635001));
#12256=CARTESIAN_POINT('',(257.203989847439,35.9940835180145,9.72787516350009));
#12257=CARTESIAN_POINT('',(271.821989847439,35.9940835180145,9.72787516350009));
#12258=CARTESIAN_POINT('',(271.821989847439,35.9940835180145,9.72787516350009));
#12259=CARTESIAN_POINT('',(271.821989847439,34.9940835180145,10.7278751635001));
#12260=CARTESIAN_POINT('',(271.821989847439,33.9308766228372,11.7910820586775));
#12261=CARTESIAN_POINT('',(258.203989847439,34.9940835180145,10.7278751635001));
#12262=CARTESIAN_POINT('',(271.821989847439,34.9940835180145,10.7278751635001));
#12263=CARTESIAN_POINT('',(258.203989847439,34.9940835180145,10.7278751635001));
#12264=CARTESIAN_POINT('Ctrl Pts',(271.821989847439,19.6848960231286,10.7278751635001));
#12265=CARTESIAN_POINT('Ctrl Pts',(268.155323180772,19.6848960231286,10.7278751635001));
#12266=CARTESIAN_POINT('Ctrl Pts',(264.488656514105,19.6848960231286,10.7278751635001));
#12267=CARTESIAN_POINT('Ctrl Pts',(260.821989847439,19.6848960231286,10.7278751635001));
#12268=CARTESIAN_POINT('Ctrl Pts',(271.821989847439,19.3668093198625,10.394890702327));
#12269=CARTESIAN_POINT('Ctrl Pts',(268.155323180772,19.3668093198625,10.394890702327));
#12270=CARTESIAN_POINT('Ctrl Pts',(264.488656514106,19.3668093198625,10.394890702327));
#12271=CARTESIAN_POINT('Ctrl Pts',(260.821989847439,19.3668093198625,10.394890702327));
#12272=CARTESIAN_POINT('Ctrl Pts',(271.821989847439,19.0487226165964,10.061906241154));
#12273=CARTESIAN_POINT('Ctrl Pts',(268.155323180772,19.0487226165964,10.061906241154));
#12274=CARTESIAN_POINT('Ctrl Pts',(264.488656514106,19.0487226165964,10.061906241154));
#12275=CARTESIAN_POINT('Ctrl Pts',(260.821989847439,19.0487226165964,10.061906241154));
#12276=CARTESIAN_POINT('Ctrl Pts',(271.821989847439,18.7306359133303,9.72892177998095));
#12277=CARTESIAN_POINT('Ctrl Pts',(268.155323180772,18.7306359133303,9.72892177998095));
#12278=CARTESIAN_POINT('Ctrl Pts',(264.488656514106,18.7306359133303,9.72892177998095));
#12279=CARTESIAN_POINT('Ctrl Pts',(260.821989847439,18.7306359133303,9.72892177998095));
#12280=CARTESIAN_POINT('',(271.821989847439,18.7306359133303,9.72892177998094));
#12281=CARTESIAN_POINT('',(271.821989847439,19.6848960231286,10.7278751635001));
#12282=CARTESIAN_POINT('Ctrl Pts',(271.821989847439,18.7306359133302,9.72892177998094));
#12283=CARTESIAN_POINT('Ctrl Pts',(271.821989847439,18.8896792649633,9.89541401056747));
#12284=CARTESIAN_POINT('Ctrl Pts',(271.821989847439,19.0487226165964,10.061906241154));
#12285=CARTESIAN_POINT('Ctrl Pts',(271.821989847439,19.3668093198625,10.394890702327));
#12286=CARTESIAN_POINT('Ctrl Pts',(271.821989847439,19.5258526714956,10.5613829329136));
#12287=CARTESIAN_POINT('Ctrl Pts',(271.821989847439,19.6848960231286,10.7278751635001));
#12288=CARTESIAN_POINT('',(260.821989847439,18.7306359133303,9.72892177998094));
#12289=CARTESIAN_POINT('Ctrl Pts',(271.821989847439,18.7306359133303,9.72892177998095));
#12290=CARTESIAN_POINT('Ctrl Pts',(268.155323180772,18.7306359133303,9.72892177998095));
#12291=CARTESIAN_POINT('Ctrl Pts',(264.488656514106,18.7306359133303,9.72892177998095));
#12292=CARTESIAN_POINT('Ctrl Pts',(260.821989847439,18.7306359133303,9.72892177998095));
#12293=CARTESIAN_POINT('',(260.821989847439,19.6848960231286,10.7278751635001));
#12294=CARTESIAN_POINT('',(260.821989847439,18.7306359133303,9.72892177998094));
#12295=CARTESIAN_POINT('Ctrl Pts',(260.821989847439,19.6848960231286,10.7278751635001));
#12296=CARTESIAN_POINT('Ctrl Pts',(264.488656514105,19.6848960231286,10.7278751635001));
#12297=CARTESIAN_POINT('Ctrl Pts',(268.155323180772,19.6848960231286,10.7278751635001));
#12298=CARTESIAN_POINT('Ctrl Pts',(271.821989847439,19.6848960231286,10.7278751635001));
#12299=CARTESIAN_POINT('Ctrl Pts',(260.821989847439,19.6848960231286,10.7278751635001));
#12300=CARTESIAN_POINT('Ctrl Pts',(259.616338719599,19.6848960231286,10.7278751635001));
#12301=CARTESIAN_POINT('Ctrl Pts',(258.410687591759,19.6848960231286,10.7278751635001));
#12302=CARTESIAN_POINT('Ctrl Pts',(257.20503646392,19.6848960231286,10.7278751635001));
#12303=CARTESIAN_POINT('Ctrl Pts',(260.821989847439,19.3668093198625,10.394890702327));
#12304=CARTESIAN_POINT('Ctrl Pts',(259.616338719599,19.3668093198625,10.394890702327));
#12305=CARTESIAN_POINT('Ctrl Pts',(258.410687591759,19.3668093198625,10.394890702327));
#12306=CARTESIAN_POINT('Ctrl Pts',(257.20503646392,19.3668093198625,10.394890702327));
#12307=CARTESIAN_POINT('Ctrl Pts',(260.821989847439,19.0487226165964,10.061906241154));
#12308=CARTESIAN_POINT('Ctrl Pts',(259.616338719599,19.0487226165964,10.061906241154));
#12309=CARTESIAN_POINT('Ctrl Pts',(258.410687591759,19.0487226165964,10.061906241154));
#12310=CARTESIAN_POINT('Ctrl Pts',(257.20503646392,19.0487226165964,10.061906241154));
#12311=CARTESIAN_POINT('Ctrl Pts',(260.821989847439,18.7306359133302,9.72892177998095));
#12312=CARTESIAN_POINT('Ctrl Pts',(259.616338719599,18.7306359133302,9.72892177998095));
#12313=CARTESIAN_POINT('Ctrl Pts',(258.410687591759,18.7306359133302,9.72892177998095));
#12314=CARTESIAN_POINT('Ctrl Pts',(257.20503646392,18.7306359133302,9.72892177998095));
#12315=CARTESIAN_POINT('',(258.203989847439,19.6848960231286,10.7278751635001));
#12316=CARTESIAN_POINT('Ctrl Pts',(258.203989847439,19.6848960231286,10.7278751635001));
#12317=CARTESIAN_POINT('Ctrl Pts',(259.076656514105,19.6848960231286,10.7278751635001));
#12318=CARTESIAN_POINT('Ctrl Pts',(259.949323180772,19.6848960231286,10.7278751635001));
#12319=CARTESIAN_POINT('Ctrl Pts',(260.821989847439,19.6848960231286,10.7278751635001));
#12320=CARTESIAN_POINT('',(257.20503646392,18.7306359133302,9.72892177998094));
#12321=CARTESIAN_POINT('Ctrl Pts',(260.821989847439,18.7306359133302,9.72892177998095));
#12322=CARTESIAN_POINT('Ctrl Pts',(259.616338719599,18.7306359133302,9.72892177998095));
#12323=CARTESIAN_POINT('Ctrl Pts',(258.410687591759,18.7306359133302,9.72892177998095));
#12324=CARTESIAN_POINT('Ctrl Pts',(257.20503646392,18.7306359133302,9.72892177998095));
#12325=CARTESIAN_POINT('Ctrl Pts',(257.20503646392,18.7306359133303,9.72892177998094));
#12326=CARTESIAN_POINT('Ctrl Pts',(257.375953230112,18.8939058464057,9.89983854617284));
#12327=CARTESIAN_POINT('Ctrl Pts',(257.546869996303,19.0571757794812,10.0707553123648));
#12328=CARTESIAN_POINT('Ctrl Pts',(257.879854457477,19.3752624827473,10.4037397735378));
#12329=CARTESIAN_POINT('Ctrl Pts',(258.041922152458,19.530079252938,10.5658074685189));
#12330=CARTESIAN_POINT('Ctrl Pts',(258.203989847439,19.6848960231286,10.7278751635001));
#12331=CARTESIAN_POINT('Origin',(257.703989847439,31.6618371041549,10.2278751635001));
#12332=CARTESIAN_POINT('',(258.203989847439,31.6618371041549,10.7278751635001));
#12333=CARTESIAN_POINT('',(257.203989847439,18.7306908480867,9.72787516350012));
#12334=CARTESIAN_POINT('Ctrl Pts',(257.203989847439,18.7307424215256,9.72787787345133));
#12335=CARTESIAN_POINT('Ctrl Pts',(257.204338702295,18.7307240908418,9.72822672711222));
#12336=CARTESIAN_POINT('Ctrl Pts',(257.204687568759,18.730705761934,9.72857560737516));
#12337=CARTESIAN_POINT('Ctrl Pts',(257.20503646392,18.7306874362655,9.72892448634138));
#12338=CARTESIAN_POINT('',(257.203989847439,31.6618371041549,9.72787516350009));
#12339=CARTESIAN_POINT('Origin',(271.821989847439,35.9940835180145,8.22787516350009));
#12340=CARTESIAN_POINT('',(257.203989847439,35.9940835180145,8.22787516350009));
#12341=CARTESIAN_POINT('',(257.203989847439,35.9940835180145,8.59330239040703));
#12342=CARTESIAN_POINT('',(271.821989847439,35.9940835180145,8.22787516350009));
#12343=CARTESIAN_POINT('',(271.821989847439,35.9940835180145,6.82787516349815));
#12344=CARTESIAN_POINT('Origin',(257.203989847439,27.3295906902953,8.95872961731397));
#12345=CARTESIAN_POINT('',(257.203989847439,18.8884283565876,8.22787516350864));
#12346=CARTESIAN_POINT('Ctrl Pts',(257.203989847439,18.8884283565876,8.22787516350864));
#12347=CARTESIAN_POINT('Ctrl Pts',(257.203989847439,18.8873308338632,8.22787516350864));
#12348=CARTESIAN_POINT('Ctrl Pts',(257.203989847439,18.8862687357321,8.22809268855564));
#12349=CARTESIAN_POINT('Ctrl Pts',(257.203989847439,18.884098103144,8.22892481172888));
#12350=CARTESIAN_POINT('Ctrl Pts',(257.203989847438,18.8830329523246,8.22957035667846));
#12351=CARTESIAN_POINT('Ctrl Pts',(257.203989847438,18.8796762036277,8.23214406757687));
#12352=CARTESIAN_POINT('Ctrl Pts',(257.203989847438,18.8775401598932,8.23480521409641));
#12353=CARTESIAN_POINT('Ctrl Pts',(257.203989847438,18.8709357763857,8.24493322460524));
#12354=CARTESIAN_POINT('Ctrl Pts',(257.203989847439,18.8666675693614,8.25554741746165));
#12355=CARTESIAN_POINT('Ctrl Pts',(257.203989847439,18.8526647098353,8.29849978036452));
#12356=CARTESIAN_POINT('Ctrl Pts',(257.203989847439,18.8440088122931,8.34408067698472));
#12357=CARTESIAN_POINT('Ctrl Pts',(257.203989847439,18.8167546946787,8.5113267242339));
#12358=CARTESIAN_POINT('Ctrl Pts',(257.203989847439,18.7994215516073,8.69493171723194));
#12359=CARTESIAN_POINT('Ctrl Pts',(257.203989847439,18.7659670137813,9.10585583500334));
#12360=CARTESIAN_POINT('Ctrl Pts',(257.203989847439,18.7471415537866,9.41578382556521));
#12361=CARTESIAN_POINT('Ctrl Pts',(257.203989847439,18.7307424215256,9.72787787345134));
#12362=CARTESIAN_POINT('',(257.203989847439,18.8884283565878,8.2437660490523));
#12363=CARTESIAN_POINT('',(257.203989847439,18.8884283565909,8.59330239044905));
#12364=CARTESIAN_POINT('',(257.203989847439,20.0335537893765,8.2437660490523));
#12365=CARTESIAN_POINT('',(257.203989847439,23.1090095234415,8.24376604905229));
#12366=CARTESIAN_POINT('',(257.203989847439,20.0335537893441,7.58958407110804));
#12367=CARTESIAN_POINT('',(257.203989847439,20.0335537893942,8.60124783336386));
#12368=CARTESIAN_POINT('',(257.203989847439,24.084374224913,7.58958407112785));
#12369=CARTESIAN_POINT('',(257.203989847439,32.164340138623,7.58958407112785));
#12370=CARTESIAN_POINT('',(257.204152881811,24.084374224913,7.18958407112785));
#12371=CARTESIAN_POINT('',(257.203989847439,24.084374224913,7.0313447563791));
#12372=CARTESIAN_POINT('',(257.204152881811,29.8999631467806,7.18958407112785));
#12373=CARTESIAN_POINT('',(257.204152881811,31.9917319059318,7.18958407112785));
#12374=CARTESIAN_POINT('',(257.203989847439,29.8999631467806,7.58958407112785));
#12375=CARTESIAN_POINT('',(257.203989847439,29.8999631467806,8.07415684422091));
#12376=CARTESIAN_POINT('',(257.203989847439,34.1934004651826,7.58958407112785));
#12377=CARTESIAN_POINT('',(257.203989847439,32.164340138623,7.58958407112785));
#12378=CARTESIAN_POINT('',(257.203989847439,34.5649051144294,8.22787516350009));
#12379=CARTESIAN_POINT('',(257.203989847439,33.5172984765319,6.42795694811351));
#12380=CARTESIAN_POINT('',(257.203989847439,34.5741540970409,8.2437660490523));
#12381=CARTESIAN_POINT('',(257.203989847439,33.8083641221317,6.92804502767513));
#12382=CARTESIAN_POINT('',(257.203989847439,34.9940835180145,8.2437660490523));
#12383=CARTESIAN_POINT('',(257.203989847439,30.9518723936681,8.2437660490523));
#12384=CARTESIAN_POINT('',(257.203989847439,34.9940835180144,8.22787516350009));
#12385=CARTESIAN_POINT('',(257.203989847439,34.9940835180173,8.60124783315315));
#12386=CARTESIAN_POINT('',(257.203989847439,31.1618371041549,8.2278751635001));
#12387=CARTESIAN_POINT('Ctrl Pts',(260.821989847439,18.8884283565876,8.22787516350864));
#12388=CARTESIAN_POINT('Ctrl Pts',(257.203989847439,18.8884283565876,8.22787516350864));
#12389=CARTESIAN_POINT('Ctrl Pts',(260.821989847439,18.8873308338632,8.22787516350864));
#12390=CARTESIAN_POINT('Ctrl Pts',(257.203989847439,18.8873308338632,8.22787516350864));
#12391=CARTESIAN_POINT('Ctrl Pts',(260.821989847439,18.8862687357321,8.22809268855564));
#12392=CARTESIAN_POINT('Ctrl Pts',(257.203989847439,18.8862687357321,8.22809268855564));
#12393=CARTESIAN_POINT('Ctrl Pts',(260.821989847439,18.884098103144,8.22892481172888));
#12394=CARTESIAN_POINT('Ctrl Pts',(257.203989847439,18.884098103144,8.22892481172888));
#12395=CARTESIAN_POINT('Ctrl Pts',(260.821989847438,18.8830329523246,8.22957035667846));
#12396=CARTESIAN_POINT('Ctrl Pts',(257.203989847438,18.8830329523246,8.22957035667846));
#12397=CARTESIAN_POINT('Ctrl Pts',(260.821989847438,18.8796762036277,8.23214406757687));
#12398=CARTESIAN_POINT('Ctrl Pts',(257.203989847438,18.8796762036277,8.23214406757687));
#12399=CARTESIAN_POINT('Ctrl Pts',(260.821989847438,18.8775401598932,8.23480521409641));
#12400=CARTESIAN_POINT('Ctrl Pts',(257.203989847438,18.8775401598932,8.23480521409641));
#12401=CARTESIAN_POINT('Ctrl Pts',(260.821989847438,18.8709357763857,8.24493322460524));
#12402=CARTESIAN_POINT('Ctrl Pts',(257.203989847438,18.8709357763857,8.24493322460524));
#12403=CARTESIAN_POINT('Ctrl Pts',(260.821989847439,18.8666675693614,8.25554741746165));
#12404=CARTESIAN_POINT('Ctrl Pts',(257.203989847439,18.8666675693614,8.25554741746165));
#12405=CARTESIAN_POINT('Ctrl Pts',(260.821989847439,18.8526647098353,8.29849978036452));
#12406=CARTESIAN_POINT('Ctrl Pts',(257.203989847439,18.8526647098353,8.29849978036452));
#12407=CARTESIAN_POINT('Ctrl Pts',(260.821989847439,18.8440088122931,8.34408067698472));
#12408=CARTESIAN_POINT('Ctrl Pts',(257.203989847439,18.8440088122931,8.34408067698472));
#12409=CARTESIAN_POINT('Ctrl Pts',(260.821989847439,18.8167546946787,8.5113267242339));
#12410=CARTESIAN_POINT('Ctrl Pts',(257.203989847439,18.8167546946787,8.5113267242339));
#12411=CARTESIAN_POINT('Ctrl Pts',(260.821989847439,18.7994215516073,8.69493171723194));
#12412=CARTESIAN_POINT('Ctrl Pts',(257.203989847439,18.7994215516073,8.69493171723194));
#12413=CARTESIAN_POINT('Ctrl Pts',(260.821989847439,18.7423587085118,9.39583808092218));
#12414=CARTESIAN_POINT('Ctrl Pts',(257.203989847439,18.7423587085118,9.39583808092218));
#12415=CARTESIAN_POINT('Ctrl Pts',(260.821989847439,18.7062044367362,10.2030441734275));
#12416=CARTESIAN_POINT('Ctrl Pts',(257.203989847439,18.7062044367362,10.2030441734275));
#12417=CARTESIAN_POINT('Ctrl Pts',(260.821989847439,18.6848960231286,10.7278751635001));
#12418=CARTESIAN_POINT('Ctrl Pts',(257.203989847439,18.6848960231286,10.7278751635001));
#12419=CARTESIAN_POINT('',(260.821989847439,18.8884283565876,8.22787516350864));
#12420=CARTESIAN_POINT('Ctrl Pts',(260.821989847439,18.8884283565876,8.22787516350864));
#12421=CARTESIAN_POINT('Ctrl Pts',(260.821989847439,18.8873308338632,8.22787516350864));
#12422=CARTESIAN_POINT('Ctrl Pts',(260.821989847439,18.8862687357321,8.22809268855564));
#12423=CARTESIAN_POINT('Ctrl Pts',(260.821989847439,18.884098103144,8.22892481172888));
#12424=CARTESIAN_POINT('Ctrl Pts',(260.821989847438,18.8830329523246,8.22957035667846));
#12425=CARTESIAN_POINT('Ctrl Pts',(260.821989847438,18.8796762036277,8.23214406757687));
#12426=CARTESIAN_POINT('Ctrl Pts',(260.821989847438,18.8775401598932,8.23480521409641));
#12427=CARTESIAN_POINT('Ctrl Pts',(260.821989847438,18.8709357763857,8.24493322460524));
#12428=CARTESIAN_POINT('Ctrl Pts',(260.821989847439,18.8666675693614,8.25554741746165));
#12429=CARTESIAN_POINT('Ctrl Pts',(260.821989847439,18.8526647098353,8.29849978036452));
#12430=CARTESIAN_POINT('Ctrl Pts',(260.821989847439,18.8440088122931,8.34408067698472));
#12431=CARTESIAN_POINT('Ctrl Pts',(260.821989847439,18.8167546946787,8.5113267242339));
#12432=CARTESIAN_POINT('Ctrl Pts',(260.821989847439,18.7994215516073,8.69493171723194));
#12433=CARTESIAN_POINT('Ctrl Pts',(260.821989847439,18.7659440280151,9.10613817056457));
#12434=CARTESIAN_POINT('Ctrl Pts',(260.821989847439,18.7470994686064,9.41647679122545));
#12435=CARTESIAN_POINT('Ctrl Pts',(260.821989847439,18.7306874362655,9.72892448634138));
#12436=CARTESIAN_POINT('',(260.821989847439,18.8884283565876,8.22787516350864));
#12437=CARTESIAN_POINT('Origin',(271.821989847439,26.9412559373012,7.9278751634962));
#12438=CARTESIAN_POINT('',(271.821989847439,21.8745220085674,8.22787516350009));
#12439=CARTESIAN_POINT('',(271.821989847439,34.9940835180144,15.7278751635001));
#12440=CARTESIAN_POINT('',(271.821989847439,34.5741540970409,8.2437660490523));
#12441=CARTESIAN_POINT('',(271.821989847439,31.7872647805325,8.2437660490523));
#12442=CARTESIAN_POINT('',(271.821989847439,34.5649051144294,8.22787516350009));
#12443=CARTESIAN_POINT('',(271.821989847439,33.5397621366176,6.46655390046893));
#12444=CARTESIAN_POINT('',(271.821989847439,33.9827714863087,7.22769734566342));
#12445=CARTESIAN_POINT('',(271.821989847439,32.326343770696,4.38175154168363));
#12446=CARTESIAN_POINT('',(271.821989847439,33.9799634173757,7.22769734464756));
#12447=CARTESIAN_POINT('',(271.821989847439,25.3951406410705,7.22769423898322));
#12448=CARTESIAN_POINT('Origin',(271.821989847439,34.1503688081278,7.58958407112785));
#12449=CARTESIAN_POINT('',(271.821989847439,33.6335533265904,6.62769775198588));
#12450=CARTESIAN_POINT('',(271.821989847439,32.053286355441,3.89059636779429));
#12451=CARTESIAN_POINT('',(271.821989847439,31.6335522725138,6.62769774934699));
#12452=CARTESIAN_POINT('',(271.821989847439,25.2205313791186,6.62769774088536));
#12453=CARTESIAN_POINT('',(271.821989847439,31.6335522747019,8.24376604905209));
#12454=CARTESIAN_POINT('',(271.821989847439,31.6335522736075,7.4354913338845));
#12455=CARTESIAN_POINT('',(271.821989847439,29.5579130314286,8.24376604905209));
#12456=CARTESIAN_POINT('',(271.821989847439,31.7872647805325,8.2437660490523));
#12457=CARTESIAN_POINT('',(271.821989847439,29.5579130314286,9.18126604905209));
#12458=CARTESIAN_POINT('',(271.821989847439,29.5579130314286,8.08582060627415));
#12459=CARTESIAN_POINT('',(271.821989847438,29.2454130314286,9.49376604905209));
#12460=CARTESIAN_POINT('',(271.821989847439,29.2170964792857,9.52208260119497));
#12461=CARTESIAN_POINT('',(271.821989847438,24.6704130314286,9.49376604905209));
#12462=CARTESIAN_POINT('',(271.821989847439,28.0933344843649,9.49376604905209));
#12463=CARTESIAN_POINT('',(271.821989847439,24.3579130314286,9.18126604905209));
#12464=CARTESIAN_POINT('',(271.821989847439,24.8466510365077,9.67000405413127));
#12465=CARTESIAN_POINT('',(271.821989847439,24.3579130314286,8.22787516350009));
#12466=CARTESIAN_POINT('',(271.821989847439,24.3579130314286,8.08582060627415));
#12467=CARTESIAN_POINT('',(271.821989847439,24.3344918204794,8.22787516350009));
#12468=CARTESIAN_POINT('',(271.821989847439,21.8745220085674,8.22787516350009));
#12469=CARTESIAN_POINT('',(271.821989847439,24.3344918204794,8.2437660490523));
#12470=CARTESIAN_POINT('',(271.821989847439,24.3344918204794,8.2437660490523));
#12471=CARTESIAN_POINT('',(271.821989847439,22.9859689915494,8.2437660490523));
#12472=CARTESIAN_POINT('',(271.821989847439,31.7872647805325,8.2437660490523));
#12473=CARTESIAN_POINT('',(271.821989847439,22.976603821131,8.22787516350009));
#12474=CARTESIAN_POINT('',(271.821989847439,23.4269924567035,8.99209769679487));
#12475=CARTESIAN_POINT('',(271.821989847439,22.3871567104654,7.22769406328531));
#12476=CARTESIAN_POINT('',(271.821989847439,22.1899376420536,6.8930513921084));
#12477=CARTESIAN_POINT('',(271.821989847439,22.3799634947709,7.22769405945755));
#12478=CARTESIAN_POINT('',(271.821989847439,19.5973333442099,7.22769257872362));
#12479=CARTESIAN_POINT('',(271.821989847439,22.0335535185825,6.62769773625027));
#12480=CARTESIAN_POINT('',(271.821989847439,21.9032833864006,6.40206451057685));
#12481=CARTESIAN_POINT('',(271.821989847439,20.0335537892964,6.62769773364147));
#12482=CARTESIAN_POINT('',(271.821989847439,19.4205314796507,6.62769773284184));
#12483=CARTESIAN_POINT('',(271.821989847439,20.0335537893365,7.43549134384144));
#12484=CARTESIAN_POINT('',(271.821989847439,20.0335537893441,7.58958407110804));
#12485=CARTESIAN_POINT('Origin',(271.821989847439,19.6335537893441,7.58958407112785));
#12486=CARTESIAN_POINT('',(271.821989847439,20.0335537893765,8.2437660490523));
#12487=CARTESIAN_POINT('',(271.821989847439,20.0335537893365,7.43549134384144));
#12488=CARTESIAN_POINT('',(271.821989847439,18.8884283565878,8.2437660490523));
#12489=CARTESIAN_POINT('',(271.821989847439,31.7872647805325,8.2437660490523));
#12490=CARTESIAN_POINT('',(271.821989847439,18.8884283565876,8.22787516350009));
#12491=CARTESIAN_POINT('',(271.821989847439,18.8884283565876,15.7278751635001));
#12492=CARTESIAN_POINT('Ctrl Pts',(271.821989847439,18.8884283565876,8.22787516350864));
#12493=CARTESIAN_POINT('Ctrl Pts',(271.821989847439,18.8549046510769,8.22787516350864));
#12494=CARTESIAN_POINT('Ctrl Pts',(271.821989847439,18.81110214254,8.58152820213885));
#12495=CARTESIAN_POINT('Ctrl Pts',(271.821989847439,18.7888670755748,8.81629245102159));
#12496=CARTESIAN_POINT('Ctrl Pts',(271.821989847439,18.7633072625219,9.15990267576363));
#12497=CARTESIAN_POINT('Ctrl Pts',(271.821989847439,18.7401613341966,9.54741175427527));
#12498=CARTESIAN_POINT('Ctrl Pts',(271.821989847439,18.7306359133303,9.72892177998095));
#12499=CARTESIAN_POINT('',(271.821989847439,26.9148695446144,10.7278751635001));
#12500=CARTESIAN_POINT('Ctrl Pts',(277.821989847439,18.6848960231286,10.7278751635001));
#12501=CARTESIAN_POINT('Ctrl Pts',(249.821989847439,18.6848960231286,10.7278751635001));
#12502=CARTESIAN_POINT('Ctrl Pts',(277.821989847439,18.7019492671003,10.3078499526876));
#12503=CARTESIAN_POINT('Ctrl Pts',(249.821989847439,18.7019492671003,10.3078499526876));
#12504=CARTESIAN_POINT('Ctrl Pts',(277.821989847439,18.7343526072882,9.64466144674736));
#12505=CARTESIAN_POINT('Ctrl Pts',(249.821989847439,18.7343526072882,9.64466144674736));
#12506=CARTESIAN_POINT('Ctrl Pts',(277.821989847439,18.7633072625219,9.15990267576363));
#12507=CARTESIAN_POINT('Ctrl Pts',(249.821989847439,18.7633072625219,9.15990267576363));
#12508=CARTESIAN_POINT('Ctrl Pts',(277.821989847439,18.7888670755748,8.81629245102159));
#12509=CARTESIAN_POINT('Ctrl Pts',(249.821989847439,18.7888670755748,8.81629245102159));
#12510=CARTESIAN_POINT('Ctrl Pts',(277.821989847439,18.81110214254,8.58152820213885));
#12511=CARTESIAN_POINT('Ctrl Pts',(249.821989847439,18.81110214254,8.58152820213885));
#12512=CARTESIAN_POINT('Ctrl Pts',(277.821989847439,18.8549046510769,8.22787516350864));
#12513=CARTESIAN_POINT('Ctrl Pts',(249.821989847439,18.8549046510769,8.22787516350864));
#12514=CARTESIAN_POINT('Ctrl Pts',(277.821989847439,18.8884283565876,8.22787516350864));
#12515=CARTESIAN_POINT('Ctrl Pts',(249.821989847439,18.8884283565876,8.22787516350864));
#12516=CARTESIAN_POINT('',(271.821989847439,18.8884283565876,8.22787516350864));
#12517=CARTESIAN_POINT('Origin',(271.821989847439,19.6335537893441,7.58958407112785));
#12518=CARTESIAN_POINT('',(271.821989847439,20.0335537893441,7.58958407110804));
#12519=CARTESIAN_POINT('Origin',(256.803989847439,19.6335537893441,7.58958407112785));
#12520=CARTESIAN_POINT('Origin',(256.803989847439,32.164340138623,7.58958407112785));
#12521=CARTESIAN_POINT('Origin',(256.803989847439,24.084374224913,7.58958407112785));
#12522=CARTESIAN_POINT('Origin',(271.821989847439,20.0335537893765,8.2437660490523));
#12523=CARTESIAN_POINT('',(271.821989847439,20.0335537893765,8.2437660490523));
#12524=CARTESIAN_POINT('Origin',(260.821989847439,34.1503688081278,7.58958407112785));
#12525=CARTESIAN_POINT('',(256.974395238191,33.9799634173757,7.22769734464756));
#12526=CARTESIAN_POINT('Origin',(256.803989847439,34.1503688081278,7.58958407112785));
#12527=CARTESIAN_POINT('',(260.821989847439,33.9799634173757,7.22769734464756));
#12528=CARTESIAN_POINT('Origin',(256.803989847439,32.164340138623,7.58958407112785));
#12529=CARTESIAN_POINT('Origin',(256.803989847439,29.8999631467806,7.58958407112785));
#12530=CARTESIAN_POINT('',(256.974395240336,33.9827714863087,7.22769734566342));
#12531=CARTESIAN_POINT('',(256.974395311715,34.0756795816929,7.22769737927408));
#12532=CARTESIAN_POINT('Origin',(256.803989847439,34.1934004651826,7.58958407112785));
#12533=CARTESIAN_POINT('Origin',(291.429479522659,32.8490895869507,15.4778751635001));
#12534=CARTESIAN_POINT('',(285.502435851131,32.5990895869507,15.7278751635001));
#12535=CARTESIAN_POINT('',(286.23721682444,33.0990895869507,15.2278751635001));
#12536=CARTESIAN_POINT('Origin',(296.621742220877,-11.0414838436697,59.3684485941206));
#12537=CARTESIAN_POINT('',(259.714183909011,33.0990895869507,15.2278751635001));
#12538=CARTESIAN_POINT('',(279.30829883192,33.0990895869507,15.2278751635001));
#12539=CARTESIAN_POINT('',(259.714183909011,32.5990895869507,15.7278751635001));
#12540=CARTESIAN_POINT('',(259.714183909011,33.0990895869507,15.2278751635001));
#12541=CARTESIAN_POINT('',(291.429479522659,32.5990895869507,15.7278751635001));
#12542=CARTESIAN_POINT('Origin',(259.714183909011,32.0990895869506,15.4778751635001));
#12543=CARTESIAN_POINT('',(258.714183909011,32.0990895869507,15.2278751635001));
#12544=CARTESIAN_POINT('',(259.214183909011,32.0990895869507,15.7278751635001));
#12545=CARTESIAN_POINT('',(258.714183909011,32.0990895869507,15.2278751635001));
#12546=CARTESIAN_POINT('Origin',(259.714183909011,32.0990895869506,15.7278751635001));
#12547=CARTESIAN_POINT('Origin',(259.714183909011,32.0990895869506,15.2278751635001));
#12548=CARTESIAN_POINT('Origin',(258.964183909011,29.4937863694392,15.4778751635001));
#12549=CARTESIAN_POINT('',(258.714183909011,21.5990895869507,15.2278751635001));
#12550=CARTESIAN_POINT('',(259.214183909011,21.5990895869507,15.7278751635001));
#12551=CARTESIAN_POINT('',(258.714183909011,21.5990895869507,15.2278751635001));
#12552=CARTESIAN_POINT('',(259.214183909011,29.4937863694392,15.7278751635001));
#12553=CARTESIAN_POINT('',(258.714183909011,29.4740895869507,15.2278751635001));
#12554=CARTESIAN_POINT('Origin',(259.714183909011,21.5990895869508,15.4778751635001));
#12555=CARTESIAN_POINT('',(259.714183909011,20.5990895869507,15.2278751635001));
#12556=CARTESIAN_POINT('',(259.714183909011,21.0990895869507,15.7278751635001));
#12557=CARTESIAN_POINT('',(259.714183909011,20.5990895869507,15.2278751635001));
#12558=CARTESIAN_POINT('Origin',(259.714183909011,21.5990895869508,15.7278751635001));
#12559=CARTESIAN_POINT('Origin',(259.714183909011,21.5990895869508,15.2278751635001));
#12560=CARTESIAN_POINT('Origin',(278.167963064944,20.8490895869507,15.4778751635001));
#12561=CARTESIAN_POINT('',(286.284744175757,20.5990895869507,15.2278751635001));
#12562=CARTESIAN_POINT('',(285.543253057196,21.0990895869507,15.7278751635001));
#12563=CARTESIAN_POINT('Origin',(296.621742220877,64.9585161563313,59.5873017328807));
#12564=CARTESIAN_POINT('',(278.167963064944,21.0990895869507,15.7278751635001));
#12565=CARTESIAN_POINT('',(266.046782374205,20.5990895869507,15.2278751635001));
#12566=CARTESIAN_POINT('Origin',(291.683159995333,19.6490895869507,15.4778751635001));
#12567=CARTESIAN_POINT('',(286.744577769788,19.8990895869507,15.2278751635001));
#12568=CARTESIAN_POINT('Origin',(296.621742220877,12.4251828229979,22.7017819274529));
#12569=CARTESIAN_POINT('',(259.014183909011,19.8990895869507,15.2278751635001));
#12570=CARTESIAN_POINT('',(279.561979304594,19.8990895869507,15.2278751635001));
#12571=CARTESIAN_POINT('',(259.014183909011,19.8990895869507,15.2278751635001));
#12572=CARTESIAN_POINT('Origin',(259.014183909011,20.8990895869508,15.4778751635001));
#12573=CARTESIAN_POINT('',(258.014183909011,20.8990895869507,15.2278751635001));
#12574=CARTESIAN_POINT('',(258.014183909011,20.8990895869507,15.2278751635001));
#12575=CARTESIAN_POINT('Origin',(259.014183909011,20.8990895869508,15.2278751635001));
#12576=CARTESIAN_POINT('Origin',(257.764183909011,23.8937863694392,15.4778751635001));
#12577=CARTESIAN_POINT('',(258.014183909011,32.7990895869507,15.2278751635001));
#12578=CARTESIAN_POINT('',(258.014183909011,32.7990895869507,15.2278751635001));
#12579=CARTESIAN_POINT('',(258.014183909011,23.8740895869507,15.2278751635001));
#12580=CARTESIAN_POINT('Origin',(259.014183909011,32.7990895869506,15.4778751635001));
#12581=CARTESIAN_POINT('',(259.014183909011,33.7990895869507,15.2278751635001));
#12582=CARTESIAN_POINT('',(259.014183909011,33.7990895869507,15.2278751635001));
#12583=CARTESIAN_POINT('Origin',(259.014183909011,32.7990895869506,15.2278751635001));
#12584=CARTESIAN_POINT('Origin',(277.817963064944,34.0490895869507,15.4778751635001));
#12585=CARTESIAN_POINT('',(286.689294451057,33.7990895869507,15.2278751635001));
#12586=CARTESIAN_POINT('Origin',(296.621742220877,41.4918494896646,22.920635066214));
#12587=CARTESIAN_POINT('',(265.696782374205,33.7990895869507,15.2278751635001));
#12588=CARTESIAN_POINT('Origin',(296.621742220877,26.8884831519277,15.7278751635001));
#12589=CARTESIAN_POINT('Origin',(296.621742220877,26.8884831519277,15.7278751635001));
#12590=CARTESIAN_POINT('Origin',(296.621742220877,26.8884831519277,15.4778751635001));
#12591=CARTESIAN_POINT('Origin',(296.621742220877,26.8884831519277,15.2278751635001));
#12592=CARTESIAN_POINT('Origin',(257.70404999394,17.0490895869507,17.4227665015987));
#12593=CARTESIAN_POINT('',(250.821989847439,17.3990895869507,11.0356811019278));
#12594=CARTESIAN_POINT('',(257.456562620525,17.3990895869507,17.6702538750139));
#12595=CARTESIAN_POINT('',(251.316964594269,16.6990895869507,10.5407063550973));
#12596=CARTESIAN_POINT('',(250.821989847439,17.3990895869507,11.0356811019278));
#12597=CARTESIAN_POINT('',(255.804133402672,16.6990895869507,15.0278751635001));
#12598=CARTESIAN_POINT('',(257.951537367355,16.6990895869507,17.1752791281834));
#12599=CARTESIAN_POINT('',(255.804133402672,16.6990895869507,15.0278751635001));
#12600=CARTESIAN_POINT('Origin',(284.221866034158,17.0490895869507,15.3778751635001));
#12601=CARTESIAN_POINT('',(275.691989847438,16.6990895869507,15.0278751635001));
#12602=CARTESIAN_POINT('',(284.221866034158,16.6990895869507,15.0278751635001));
#12603=CARTESIAN_POINT('',(278.147719682516,19.4276782925935,17.7564638691429));
#12604=CARTESIAN_POINT('Ctrl Pts',(250.821989847433,16.6990895869507,10.0600840305929));
#12605=CARTESIAN_POINT('Ctrl Pts',(250.732807621169,16.6990895869512,9.98085052775541));
#12606=CARTESIAN_POINT('Ctrl Pts',(250.54734347652,16.7231925177974,9.82589574171439));
#12607=CARTESIAN_POINT('Ctrl Pts',(250.233607408101,16.8611485922736,9.59334989851245));
#12608=CARTESIAN_POINT('Ctrl Pts',(249.980045788486,17.1148637682117,9.43010978612027));
#12609=CARTESIAN_POINT('Ctrl Pts',(249.845814556096,17.4338328278878,9.34964969043777));
#12610=CARTESIAN_POINT('Ctrl Pts',(249.821989847439,17.6105320494117,9.33568110192786));
#12611=CARTESIAN_POINT('Ctrl Pts',(249.821989847439,17.6990895869507,9.33568110192786));
#12612=CARTESIAN_POINT('Ctrl Pts',(250.725608030323,16.9554422927111,10.2889012372594));
#12613=CARTESIAN_POINT('Ctrl Pts',(250.652583379616,16.9624526581389,10.2225090688371));
#12614=CARTESIAN_POINT('Ctrl Pts',(250.505051655582,16.9949489669354,10.0953169172079));
#12615=CARTESIAN_POINT('Ctrl Pts',(250.270119412405,17.1160980633145,9.91451149084222));
#12616=CARTESIAN_POINT('Ctrl Pts',(250.093299573783,17.303716813977,9.79790599036922));
#12617=CARTESIAN_POINT('Ctrl Pts',(250.002869612311,17.5216551361113,9.74332345336925));
#12618=CARTESIAN_POINT('Ctrl Pts',(249.986981429716,17.6398767093576,9.73400601753805));
#12619=CARTESIAN_POINT('Ctrl Pts',(249.986981429716,17.6990895869507,9.73400601753805));
#12620=CARTESIAN_POINT('Ctrl Pts',(250.629226213213,17.2117949984714,10.5177184439259));
#12621=CARTESIAN_POINT('Ctrl Pts',(250.572359138064,17.2258157293265,10.4641676099189));
#12622=CARTESIAN_POINT('Ctrl Pts',(250.462759834644,17.2667054160734,10.3647380927015));
#12623=CARTESIAN_POINT('Ctrl Pts',(250.306631416709,17.3710475343555,10.235673083172));
#12624=CARTESIAN_POINT('Ctrl Pts',(250.206553359081,17.4925698597424,10.1657021946182));
#12625=CARTESIAN_POINT('Ctrl Pts',(250.159924668527,17.6094774443348,10.1369972163007));
#12626=CARTESIAN_POINT('Ctrl Pts',(250.151973011993,17.6692213693034,10.1323309331482));
#12627=CARTESIAN_POINT('Ctrl Pts',(250.151973011993,17.6990895869507,10.1323309331482));
#12628=CARTESIAN_POINT('Ctrl Pts',(250.532844396103,17.4681477042318,10.7465356505924));
#12629=CARTESIAN_POINT('Ctrl Pts',(250.492134896512,17.4891788005141,10.7058261510006));
#12630=CARTESIAN_POINT('Ctrl Pts',(250.420468013706,17.5384618652114,10.634159268195));
#12631=CARTESIAN_POINT('Ctrl Pts',(250.343143421013,17.6259970053964,10.5568346755018));
#12632=CARTESIAN_POINT('Ctrl Pts',(250.319807144378,17.6814229055078,10.5334983988671));
#12633=CARTESIAN_POINT('Ctrl Pts',(250.316979724743,17.6972997525584,10.5306709792322));
#12634=CARTESIAN_POINT('Ctrl Pts',(250.316964594269,17.6985660292493,10.5306558487584));
#12635=CARTESIAN_POINT('Ctrl Pts',(250.316964594269,17.6990895869507,10.5306558487584));
#12636=CARTESIAN_POINT('',(250.821989847435,16.6990895869507,10.0600840305906));
#12637=CARTESIAN_POINT('',(250.532844396103,17.4681477042318,10.7465356505922));
#12638=CARTESIAN_POINT('',(250.821989847435,16.6990895869507,10.0600840305906));
#12639=CARTESIAN_POINT('',(250.316964594269,17.6990895869507,10.5306558487584));
#12640=CARTESIAN_POINT('Ctrl Pts',(250.532844396103,17.4681477042318,10.7465356505924));
#12641=CARTESIAN_POINT('Ctrl Pts',(250.492134896512,17.4891788005141,10.7058261510006));
#12642=CARTESIAN_POINT('Ctrl Pts',(250.420468013706,17.5384618652114,10.634159268195));
#12643=CARTESIAN_POINT('Ctrl Pts',(250.343143421013,17.6259970053964,10.5568346755018));
#12644=CARTESIAN_POINT('Ctrl Pts',(250.319807144378,17.6814229055078,10.5334983988671));
#12645=CARTESIAN_POINT('Ctrl Pts',(250.316979724743,17.6972997525584,10.5306709792322));
#12646=CARTESIAN_POINT('Ctrl Pts',(250.316964594269,17.6985660292493,10.5306558487584));
#12647=CARTESIAN_POINT('Ctrl Pts',(250.316964594269,17.6990895869507,10.5306558487584));
#12648=CARTESIAN_POINT('',(250.316964594269,17.6990895869507,10.5306558487584));
#12649=CARTESIAN_POINT('Ctrl Pts',(249.821989847439,17.6990895869507,9.33568110192786));
#12650=CARTESIAN_POINT('Ctrl Pts',(249.821989847439,17.6105320494117,9.33568110192786));
#12651=CARTESIAN_POINT('Ctrl Pts',(249.845814556096,17.4338328278878,9.34964969043777));
#12652=CARTESIAN_POINT('Ctrl Pts',(249.980045788486,17.1148637682117,9.43010978612027));
#12653=CARTESIAN_POINT('Ctrl Pts',(250.233607408101,16.8611485922736,9.59334989851245));
#12654=CARTESIAN_POINT('Ctrl Pts',(250.54734347652,16.7231925177974,9.82589574171439));
#12655=CARTESIAN_POINT('Ctrl Pts',(250.732807621169,16.6990895869512,9.98085052775541));
#12656=CARTESIAN_POINT('Ctrl Pts',(250.821989847433,16.6990895869507,10.0600840305929));
#12657=CARTESIAN_POINT('Origin',(250.069477220854,21.8490895869507,9.93316847534313));
#12658=CARTESIAN_POINT('',(250.316964594269,35.9990895869507,10.5306558487584));
#12659=CARTESIAN_POINT('',(250.316964594269,35.9990895869507,10.5306558487584));
#12660=CARTESIAN_POINT('',(250.316964594269,21.8490895869507,10.5306558487584));
#12661=CARTESIAN_POINT('Ctrl Pts',(249.821989847439,35.9990895869507,9.33568110192786));
#12662=CARTESIAN_POINT('Ctrl Pts',(249.821989847439,36.0876471244897,9.33568110192786));
#12663=CARTESIAN_POINT('Ctrl Pts',(249.845814541112,36.2643460496753,9.34964970917452));
#12664=CARTESIAN_POINT('Ctrl Pts',(249.980045674683,36.5833147950154,9.43010979534325));
#12665=CARTESIAN_POINT('Ctrl Pts',(250.233607223721,36.8370298893833,9.59334989174176));
#12666=CARTESIAN_POINT('Ctrl Pts',(250.547343286975,36.9749860995961,9.82589573741655));
#12667=CARTESIAN_POINT('Ctrl Pts',(250.732807621169,36.9990895869502,9.98085052775542));
#12668=CARTESIAN_POINT('Ctrl Pts',(250.821989847433,36.9990895869507,10.0600840305929));
#12669=CARTESIAN_POINT('Ctrl Pts',(249.986981429716,35.9990895869507,9.73400601753805));
#12670=CARTESIAN_POINT('Ctrl Pts',(249.986981429716,36.0583024645438,9.73400601753805));
#12671=CARTESIAN_POINT('Ctrl Pts',(250.00286961683,36.176523884151,9.74332348036846));
#12672=CARTESIAN_POINT('Ctrl Pts',(250.09329953793,36.3944620432879,9.79790603653328));
#12673=CARTESIAN_POINT('Ctrl Pts',(250.270119343453,36.5820807484407,9.9145115402966));
#12674=CARTESIAN_POINT('Ctrl Pts',(250.505051586252,36.7032298970956,10.0953169713761));
#12675=CARTESIAN_POINT('Ctrl Pts',(250.652583379616,36.7357265157626,10.2225090688371));
#12676=CARTESIAN_POINT('Ctrl Pts',(250.725608030323,36.7427368811903,10.2889012372594));
#12677=CARTESIAN_POINT('Ctrl Pts',(250.151973011993,35.9990895869507,10.1323309331482));
#12678=CARTESIAN_POINT('Ctrl Pts',(250.151973011993,36.028957804598,10.1323309331482));
#12679=CARTESIAN_POINT('Ctrl Pts',(250.159924692549,36.0887017186267,10.1369972515624));
#12680=CARTESIAN_POINT('Ctrl Pts',(250.206553401177,36.2056092915604,10.1657022777233));
#12681=CARTESIAN_POINT('Ctrl Pts',(250.306631463185,36.327131607498,10.2356731888514));
#12682=CARTESIAN_POINT('Ctrl Pts',(250.462759885529,36.4314736945951,10.3647382053357));
#12683=CARTESIAN_POINT('Ctrl Pts',(250.572359138064,36.4723634445749,10.4641676099189));
#12684=CARTESIAN_POINT('Ctrl Pts',(250.629226213213,36.48638417543,10.5177184439259));
#12685=CARTESIAN_POINT('Ctrl Pts',(250.316964594269,35.9990895869507,10.5306558487584));
#12686=CARTESIAN_POINT('Ctrl Pts',(250.316964594269,35.9996131446521,10.5306558487584));
#12687=CARTESIAN_POINT('Ctrl Pts',(250.316979768267,36.0008795531024,10.5306710227563));
#12688=CARTESIAN_POINT('Ctrl Pts',(250.319807264424,36.016756539833,10.5334985189133));
#12689=CARTESIAN_POINT('Ctrl Pts',(250.343143582917,36.0721824665554,10.5568348374063));
#12690=CARTESIAN_POINT('Ctrl Pts',(250.420468184806,36.1597174920946,10.6341594392953));
#12691=CARTESIAN_POINT('Ctrl Pts',(250.492134896512,36.2090003733873,10.7058261510006));
#12692=CARTESIAN_POINT('Ctrl Pts',(250.532844396103,36.2300314696696,10.7465356505924));
#12693=CARTESIAN_POINT('',(250.532844396103,36.2300314696696,10.7465356505922));
#12694=CARTESIAN_POINT('',(250.821989847435,36.9990895869507,10.0600840305906));
#12695=CARTESIAN_POINT('',(250.532844396103,36.2300314696696,10.7465356505922));
#12696=CARTESIAN_POINT('Ctrl Pts',(250.821989847433,36.9990895869507,10.0600840305929));
#12697=CARTESIAN_POINT('Ctrl Pts',(250.732807621169,36.9990895869502,9.98085052775542));
#12698=CARTESIAN_POINT('Ctrl Pts',(250.547343286975,36.9749860995961,9.82589573741655));
#12699=CARTESIAN_POINT('Ctrl Pts',(250.233607223721,36.8370298893833,9.59334989174176));
#12700=CARTESIAN_POINT('Ctrl Pts',(249.980045674683,36.5833147950154,9.43010979534325));
#12701=CARTESIAN_POINT('Ctrl Pts',(249.845814541112,36.2643460496753,9.34964970917452));
#12702=CARTESIAN_POINT('Ctrl Pts',(249.821989847439,36.0876471244897,9.33568110192786));
#12703=CARTESIAN_POINT('Ctrl Pts',(249.821989847439,35.9990895869507,9.33568110192786));
#12704=CARTESIAN_POINT('Ctrl Pts',(250.316964594269,35.9990895869507,10.5306558487584));
#12705=CARTESIAN_POINT('Ctrl Pts',(250.316964594269,35.9996131446521,10.5306558487584));
#12706=CARTESIAN_POINT('Ctrl Pts',(250.316979768267,36.0008795531024,10.5306710227563));
#12707=CARTESIAN_POINT('Ctrl Pts',(250.319807264424,36.016756539833,10.5334985189133));
#12708=CARTESIAN_POINT('Ctrl Pts',(250.343143582917,36.0721824665554,10.5568348374063));
#12709=CARTESIAN_POINT('Ctrl Pts',(250.420468184806,36.1597174920946,10.6341594392953));
#12710=CARTESIAN_POINT('Ctrl Pts',(250.492134896512,36.2090003733873,10.7058261510006));
#12711=CARTESIAN_POINT('Ctrl Pts',(250.532844396103,36.2300314696696,10.7465356505924));
#12712=CARTESIAN_POINT('Ctrl Pts',(251.316964594269,16.6990895869507,10.5407063550973));
#12713=CARTESIAN_POINT('Ctrl Pts',(251.158014502655,16.6990895869507,10.381756263483));
#12714=CARTESIAN_POINT('Ctrl Pts',(251.003404024244,16.6990895869507,10.2212605485522));
#12715=CARTESIAN_POINT('Ctrl Pts',(250.821989847433,16.6990895869507,10.0600840305926));
#12716=CARTESIAN_POINT('Ctrl Pts',(251.151973011993,16.932422920284,10.7056979373741));
#12717=CARTESIAN_POINT('Ctrl Pts',(251.011567097733,16.932422920284,10.5652920231149));
#12718=CARTESIAN_POINT('Ctrl Pts',(250.874154522711,16.9411818315582,10.4239559570792));
#12719=CARTESIAN_POINT('Ctrl Pts',(250.725608030323,16.9554422927111,10.2889012372592));
#12720=CARTESIAN_POINT('Ctrl Pts',(250.986981429716,17.1657562536174,10.870689519651));
#12721=CARTESIAN_POINT('Ctrl Pts',(250.865119692811,17.1657562536174,10.7488277827467));
#12722=CARTESIAN_POINT('Ctrl Pts',(250.744905021178,17.1832740761657,10.6266513656063));
#12723=CARTESIAN_POINT('Ctrl Pts',(250.629226213213,17.2117949984715,10.5177184439257));
#12724=CARTESIAN_POINT('Ctrl Pts',(250.821989847439,17.3990895869507,11.0356811019279));
#12725=CARTESIAN_POINT('Ctrl Pts',(250.71867228789,17.3990895869507,10.9323635423786));
#12726=CARTESIAN_POINT('Ctrl Pts',(250.615655519644,17.4253663207732,10.8293467741334));
#12727=CARTESIAN_POINT('Ctrl Pts',(250.532844396103,17.4681477042318,10.7465356505922));
#12728=CARTESIAN_POINT('Ctrl Pts',(250.821989847433,16.6990895869507,10.0600840305926));
#12729=CARTESIAN_POINT('Ctrl Pts',(251.003404024244,16.6990895869507,10.2212605485522));
#12730=CARTESIAN_POINT('Ctrl Pts',(251.158014502655,16.6990895869507,10.381756263483));
#12731=CARTESIAN_POINT('Ctrl Pts',(251.316964594269,16.6990895869507,10.5407063550973));
#12732=CARTESIAN_POINT('Ctrl Pts',(250.821989847439,17.3990895869507,11.0356811019279));
#12733=CARTESIAN_POINT('Ctrl Pts',(250.71867228789,17.3990895869507,10.9323635423786));
#12734=CARTESIAN_POINT('Ctrl Pts',(250.615655519644,17.4253663207732,10.8293467741334));
#12735=CARTESIAN_POINT('Ctrl Pts',(250.532844396103,17.4681477042318,10.7465356505922));
#12736=CARTESIAN_POINT('Origin',(286.434866034158,36.6490895869507,15.3778751635001));
#12737=CARTESIAN_POINT('',(275.691989847438,36.9990895869507,15.0278751635001));
#12738=CARTESIAN_POINT('',(278.445606884688,33.939515101117,18.0874496493337));
#12739=CARTESIAN_POINT('',(255.804133402672,36.9990895869507,15.0278751635001));
#12740=CARTESIAN_POINT('',(286.434866034158,36.9990895869507,15.0278751635001));
#12741=CARTESIAN_POINT('',(255.804133402672,36.9990895869507,15.0278751635001));
#12742=CARTESIAN_POINT('Origin',(260.945122767033,36.6490895869507,20.6638392746917));
#12743=CARTESIAN_POINT('',(251.316964594269,36.9990895869507,10.5407063550973));
#12744=CARTESIAN_POINT('',(261.192610140449,36.9990895869507,20.4163519012765));
#12745=CARTESIAN_POINT('',(250.821989847439,36.2990895869507,11.0356811019279));
#12746=CARTESIAN_POINT('',(251.316964594269,36.9990895869507,10.5407063550973));
#12747=CARTESIAN_POINT('',(260.697635393618,36.2990895869507,20.911326648107));
#12748=CARTESIAN_POINT('Ctrl Pts',(250.821989847433,36.9990895869507,10.0600840305926));
#12749=CARTESIAN_POINT('Ctrl Pts',(251.003404024244,36.9990895869507,10.2212605485521));
#12750=CARTESIAN_POINT('Ctrl Pts',(251.158014502655,36.9990895869507,10.381756263483));
#12751=CARTESIAN_POINT('Ctrl Pts',(251.316964594269,36.9990895869507,10.5407063550973));
#12752=CARTESIAN_POINT('Ctrl Pts',(250.725608030323,36.7427368811903,10.2889012372591));
#12753=CARTESIAN_POINT('Ctrl Pts',(250.874154522711,36.7569973423432,10.4239559570792));
#12754=CARTESIAN_POINT('Ctrl Pts',(251.011567097733,36.7657562536174,10.5652920231149));
#12755=CARTESIAN_POINT('Ctrl Pts',(251.151973011993,36.7657562536174,10.7056979373741));
#12756=CARTESIAN_POINT('Ctrl Pts',(250.629226213213,36.4863841754299,10.5177184439257));
#12757=CARTESIAN_POINT('Ctrl Pts',(250.744905021178,36.5149050977357,10.6266513656063));
#12758=CARTESIAN_POINT('Ctrl Pts',(250.865119692811,36.532422920284,10.7488277827467));
#12759=CARTESIAN_POINT('Ctrl Pts',(250.986981429716,36.532422920284,10.870689519651));
#12760=CARTESIAN_POINT('Ctrl Pts',(250.532844396103,36.2300314696695,10.7465356505922));
#12761=CARTESIAN_POINT('Ctrl Pts',(250.615655519644,36.2728128531282,10.8293467741333));
#12762=CARTESIAN_POINT('Ctrl Pts',(250.71867228789,36.2990895869507,10.9323635423786));
#12763=CARTESIAN_POINT('Ctrl Pts',(250.821989847439,36.2990895869507,11.0356811019279));
#12764=CARTESIAN_POINT('Ctrl Pts',(251.316964594269,36.9990895869507,10.5407063550973));
#12765=CARTESIAN_POINT('Ctrl Pts',(251.158014502655,36.9990895869507,10.381756263483));
#12766=CARTESIAN_POINT('Ctrl Pts',(251.003404024244,36.9990895869507,10.2212605485521));
#12767=CARTESIAN_POINT('Ctrl Pts',(250.821989847433,36.9990895869507,10.0600840305926));
#12768=CARTESIAN_POINT('Ctrl Pts',(250.532844396103,36.2300314696695,10.7465356505922));
#12769=CARTESIAN_POINT('Ctrl Pts',(250.615655519644,36.2728128531282,10.8293467741333));
#12770=CARTESIAN_POINT('Ctrl Pts',(250.71867228789,36.2990895869507,10.9323635423786));
#12771=CARTESIAN_POINT('Ctrl Pts',(250.821989847439,36.2990895869507,11.0356811019279));
#12772=CARTESIAN_POINT('Origin',(271.821989847439,16.6990895869507,7.18958407112785));
#12773=CARTESIAN_POINT('',(250.821989847439,16.6990895869507,9.32415684422091));
#12774=CARTESIAN_POINT('',(274.647989847439,16.6990895869507,13.8678751635008));
#12775=CARTESIAN_POINT('',(274.647989847439,16.6990895869507,6.45872961731397));
#12776=CARTESIAN_POINT('',(272.067304216738,16.6990895869507,11.000446684944));
#12777=CARTESIAN_POINT('Origin',(250.821989847439,17.6990895869507,9.32415684422091));
#12778=CARTESIAN_POINT('Origin',(250.821989847439,35.9990895869507,13.593302390407));
#12779=CARTESIAN_POINT('',(250.821989847439,36.9990895869507,13.593302390407));
#12780=CARTESIAN_POINT('Origin',(276.247989847439,36.9990895869507,15.7278751635001));
#12781=CARTESIAN_POINT('',(274.647989847439,36.9990895869507,13.8678751635008));
#12782=CARTESIAN_POINT('',(274.19008377009,36.9990895869507,13.3590906331136));
#12783=CARTESIAN_POINT('',(274.647989847439,36.9990895869507,10.7278751635001));
#12784=CARTESIAN_POINT('Origin',(274.647989847439,15.6990895869507,6.45872961731397));
#12785=CARTESIAN_POINT('Origin',(274.647989847439,15.6990895869507,13.8678751635008));
#12786=CARTESIAN_POINT('Origin',(255.514183909011,16.6990895869507,15.7278751635001));
#12787=CARTESIAN_POINT('Origin',(274.647989847439,37.9990895869507,10.7278751635001));
#12788=CARTESIAN_POINT('',(275.647989847439,37.9990895869507,14.9789862746121));
#12789=CARTESIAN_POINT('Origin',(274.647989847439,37.9990895869507,13.8678751635008));
#12790=CARTESIAN_POINT('',(275.647989847439,37.9990895869507,10.7278751635001));
#12791=CARTESIAN_POINT('Origin',(275.647989847439,8.97787671690467,5.72787516350009));
#12792=CARTESIAN_POINT('',(275.647989847439,38.4990895869507,3.22787516350009));
#12793=CARTESIAN_POINT('',(275.647989847439,38.4990895869507,5.72787516350009));
#12794=CARTESIAN_POINT('',(275.647989847439,37.6990895869507,5.62787516350009));
#12795=CARTESIAN_POINT('Origin',(275.647989847439,34.4990895869507,3.22787516350009));
#12796=CARTESIAN_POINT('',(275.647989847439,36.9990895869507,5.62787516350009));
#12797=CARTESIAN_POINT('',(275.647989847439,32.7176697276578,5.62787516350009));
#12798=CARTESIAN_POINT('',(275.647989847439,36.9990895869507,5.72787516350009));
#12799=CARTESIAN_POINT('',(275.647989847439,36.9990895869507,8.15287516350009));
#12800=CARTESIAN_POINT('',(275.647989847439,36.6332736237638,5.72787516350009));
#12801=CARTESIAN_POINT('',(275.647989847439,21.8481356158807,5.72787516350009));
#12802=CARTESIAN_POINT('',(275.647989847439,36.6332736237638,3.23979332766413));
#12803=CARTESIAN_POINT('',(275.647989847439,17.9463731307596,14.9789862746121));
#12804=CARTESIAN_POINT('Origin',(274.071989847438,26.9148695446144,13.2278751635001));
#12805=CARTESIAN_POINT('',(275.781989847438,9.08655110633338,15.1278751635001));
#12806=CARTESIAN_POINT('Origin',(277.647989847439,9.80630384165069,17.2012084968348));
#12807=CARTESIAN_POINT('Ctrl Pts',(275.781989847438,9.08655110633345,15.1278751635001));
#12808=CARTESIAN_POINT('Ctrl Pts',(276.114498964344,9.25111753410961,15.4973297378402));
#12809=CARTESIAN_POINT('Ctrl Pts',(276.321989847438,9.35716689149247,15.7278751635001));
#12810=CARTESIAN_POINT('Origin',(250.021989847439,29.6999631467806,9.32415684422091));
#12811=CARTESIAN_POINT('',(250.021989847439,29.8999631467806,9.32415684422091));
#12812=CARTESIAN_POINT('Origin',(250.021989847439,24.284374224913,8.2813447563791));
#12813=CARTESIAN_POINT('',(250.021989847439,24.084374224913,8.2813447563791));
#12814=CARTESIAN_POINT('Origin',(250.021989847439,23.4843677898431,4.62547960931186));
#12815=CARTESIAN_POINT('',(250.021989847439,22.2115755837073,3.35268740317608));
#12816=CARTESIAN_POINT('Origin',(250.021989847439,22.3529969399447,3.4941087594134));
#12817=CARTESIAN_POINT('Origin',(250.021989847439,23.4843677898431,4.62547960931186));
#12818=CARTESIAN_POINT('Origin',(250.021989847439,22.2679117530189,3.57919394633914));
#12819=CARTESIAN_POINT('',(250.021989847439,23.7006693153031,1.8635936715803));
#12820=CARTESIAN_POINT('Origin',(250.021989847439,23.8420906715404,2.0050150278176));
#12821=CARTESIAN_POINT('',(250.021989847439,22.1264903967816,3.43777259010183));
#12822=CARTESIAN_POINT('Origin',(250.021989847439,24.9734615214389,3.13638587771608));
#12823=CARTESIAN_POINT('',(250.021989847439,24.9734615214389,1.33638587771608));
#12824=CARTESIAN_POINT('Origin',(250.021989847439,24.9734615214389,1.53638587771607));
#12825=CARTESIAN_POINT('Origin',(250.021989847439,24.9734615214389,3.13638587771608));
#12826=CARTESIAN_POINT('Origin',(250.021989847439,27.9971882576688,1.53638587771608));
#12827=CARTESIAN_POINT('',(250.021989847439,28.9952869283869,1.33638587771608));
#12828=CARTESIAN_POINT('Origin',(250.021989847439,28.9952869283869,1.53638587771608));
#12829=CARTESIAN_POINT('',(250.021989847439,27.9971882576688,1.33638587771608));
#12830=CARTESIAN_POINT('Origin',(250.021989847439,28.9952869283869,3.13638587771608));
#12831=CARTESIAN_POINT('',(250.021989847439,30.2680791345227,1.8635936715803));
#12832=CARTESIAN_POINT('Origin',(250.021989847439,30.1266577782854,2.0050150278176));
#12833=CARTESIAN_POINT('Origin',(250.021989847439,28.9952869283869,3.13638587771608));
#12834=CARTESIAN_POINT('Origin',(250.021989847439,32.4527380260888,4.33109527562109));
#12835=CARTESIAN_POINT('',(250.021989847439,31.7571664310487,3.35268096810634));
#12836=CARTESIAN_POINT('Origin',(250.021989847439,31.6157450748114,3.49410232434365));
#12837=CARTESIAN_POINT('',(250.021989847439,32.5941593823261,4.18967391938378));
#12838=CARTESIAN_POINT('Origin',(250.021989847439,30.4843742249129,4.62547317424212));
#12839=CARTESIAN_POINT('Origin',(250.021989847439,30.4843742249129,4.62547317424212));
#12840=CARTESIAN_POINT('Origin',(257.204152881811,21.6843715870337,5.10397894124575));
#12841=CARTESIAN_POINT('',(257.204152881811,24.0843742249129,5.10395989544422));
#12842=CARTESIAN_POINT('',(257.204152881811,24.0843742249129,5.10395989544422));
#12843=CARTESIAN_POINT('',(257.204152881811,24.0843742249129,5.10395989544422));
#12844=CARTESIAN_POINT('Origin',(257.204152881811,31.7571664310487,3.35268096810634));
#12845=CARTESIAN_POINT('',(257.204152881811,31.7571664310487,3.35268096810634));
#12846=CARTESIAN_POINT('',(257.204152881811,31.7571664310487,3.35268096810634));
#12847=CARTESIAN_POINT('',(257.204152881811,30.2680791345227,1.8635936715803));
#12848=CARTESIAN_POINT('',(257.204152881811,31.7571664310487,3.35268096810634));
#12849=CARTESIAN_POINT('',(257.204152881811,30.2680791345227,1.8635936715803));
#12850=CARTESIAN_POINT('Origin',(257.204152881811,30.4843742249129,4.62547317424212));
#12851=CARTESIAN_POINT('Origin',(257.204152881811,30.4843742249129,4.62547317424212));
#12852=CARTESIAN_POINT('Origin',(257.204152881811,29.8999631467806,5.10395989544358));
#12853=CARTESIAN_POINT('',(257.204152881811,29.8999631467806,5.10395989544358));
#12854=CARTESIAN_POINT('',(257.204152881811,29.8999631467806,5.10395989544358));
#12855=CARTESIAN_POINT('',(257.204152881811,29.8999631467806,5.10395989544358));
#12856=CARTESIAN_POINT('Origin',(257.204152881811,29.8999631467806,7.18958407112785));
#12857=CARTESIAN_POINT('',(257.204152881811,29.8999631467806,6.48340755004969));
#12858=CARTESIAN_POINT('Origin',(257.204152881811,24.084374224913,5.10395989544422));
#12859=CARTESIAN_POINT('',(257.204152881811,24.084374224913,6.44396876714851));
#12860=CARTESIAN_POINT('Origin',(257.204152881811,23.4843677898431,4.62547960931186));
#12861=CARTESIAN_POINT('',(257.204152881811,22.2115755837073,3.35268740317608));
#12862=CARTESIAN_POINT('',(257.204152881811,22.2115755837073,3.35268740317608));
#12863=CARTESIAN_POINT('Origin',(257.204152881811,23.4843677898431,4.62547960931186));
#12864=CARTESIAN_POINT('Origin',(257.204152881811,23.7006693153031,1.8635936715803));
#12865=CARTESIAN_POINT('',(257.204152881811,23.7006693153031,1.8635936715803));
#12866=CARTESIAN_POINT('',(257.204152881811,23.7006693153031,1.8635936715803));
#12867=CARTESIAN_POINT('',(257.204152881811,23.7006693153031,1.8635936715803));
#12868=CARTESIAN_POINT('Origin',(257.204152881811,24.9734615214389,3.13638587771607));
#12869=CARTESIAN_POINT('',(257.204152881811,24.9734615214389,1.33638587771608));
#12870=CARTESIAN_POINT('',(257.204152881811,24.9734615214389,1.33638587771608));
#12871=CARTESIAN_POINT('Origin',(257.204152881811,24.9734615214389,3.13638587771607));
#12872=CARTESIAN_POINT('Origin',(257.204152881811,28.9952869283869,1.33638587771608));
#12873=CARTESIAN_POINT('',(257.204152881811,28.9952869283869,1.33638587771608));
#12874=CARTESIAN_POINT('',(257.204152881811,28.9952869283869,1.33638587771608));
#12875=CARTESIAN_POINT('',(257.204152881811,28.9952869283869,1.33638587771608));
#12876=CARTESIAN_POINT('Origin',(257.204152881811,28.9952869283869,3.13638587771608));
#12877=CARTESIAN_POINT('Origin',(257.204152881811,28.9952869283869,3.13638587771608));
#12878=CARTESIAN_POINT('Origin',(257.204152881811,26.9843742249129,-2.76361412228393));
#12879=CARTESIAN_POINT('Origin',(271.821989847439,33.9799634173757,7.22769734464756));
#12880=CARTESIAN_POINT('',(260.821989847439,33.9827714863087,7.22769734566342));
#12881=CARTESIAN_POINT('Origin',(271.821989847439,33.9827714863087,7.22769734566342));
#12882=CARTESIAN_POINT('',(271.821989847439,34.5649051144294,8.22787516350009));
#12883=CARTESIAN_POINT('Origin',(271.821989847439,34.5649051144294,8.22787516350009));
#12884=CARTESIAN_POINT('',(271.821989847439,34.5741540970409,8.2437660490523));
#12885=CARTESIAN_POINT('Origin',(271.821989847439,34.5741540970409,8.2437660490523));
#12886=CARTESIAN_POINT('',(271.821989847439,34.9940835180145,8.2437660490523));
#12887=CARTESIAN_POINT('Origin',(271.821989847439,34.9940835180145,8.2437660490523));
#12888=CARTESIAN_POINT('',(271.821989847439,34.9940835180144,8.22787516350009));
#12889=CARTESIAN_POINT('Origin',(271.821989847439,34.9940835180144,8.22787516350009));
#12890=CARTESIAN_POINT('Origin',(271.821989847439,35.9940835180145,10.7278751635001));
#12891=CARTESIAN_POINT('Origin',(271.821989847439,18.8884283565876,8.22787516350864));
#12892=CARTESIAN_POINT('',(271.821989847439,18.8884283565876,15.7278751635001));
#12893=CARTESIAN_POINT('',(271.821989847439,18.8884283565878,8.2437660490523));
#12894=CARTESIAN_POINT('Origin',(271.821989847439,18.8884283565878,8.2437660490523));
#12895=CARTESIAN_POINT('Origin',(271.821989847439,18.8884283565876,8.22787516350864));
#12896=CARTESIAN_POINT('',(278.710288766803,18.8884283565878,8.2437660490523));
#12897=CARTESIAN_POINT('',(271.821989847439,18.8884283565876,8.22787516350864));
#12898=CARTESIAN_POINT('Ctrl Pts',(277.821989847439,18.6848960231286,10.7278751635001));
#12899=CARTESIAN_POINT('Ctrl Pts',(249.821989847439,18.6848960231286,10.7278751635001));
#12900=CARTESIAN_POINT('Ctrl Pts',(277.821989847439,18.7019492671003,10.3078499526876));
#12901=CARTESIAN_POINT('Ctrl Pts',(249.821989847439,18.7019492671003,10.3078499526876));
#12902=CARTESIAN_POINT('Ctrl Pts',(277.821989847439,18.7343526072882,9.64466144674736));
#12903=CARTESIAN_POINT('Ctrl Pts',(249.821989847439,18.7343526072882,9.64466144674736));
#12904=CARTESIAN_POINT('Ctrl Pts',(277.821989847439,18.7633072625219,9.15990267576363));
#12905=CARTESIAN_POINT('Ctrl Pts',(249.821989847439,18.7633072625219,9.15990267576363));
#12906=CARTESIAN_POINT('Ctrl Pts',(277.821989847439,18.7888670755748,8.81629245102159));
#12907=CARTESIAN_POINT('Ctrl Pts',(249.821989847439,18.7888670755748,8.81629245102159));
#12908=CARTESIAN_POINT('Ctrl Pts',(277.821989847439,18.81110214254,8.58152820213885));
#12909=CARTESIAN_POINT('Ctrl Pts',(249.821989847439,18.81110214254,8.58152820213885));
#12910=CARTESIAN_POINT('Ctrl Pts',(277.821989847439,18.8549046510769,8.22787516350864));
#12911=CARTESIAN_POINT('Ctrl Pts',(249.821989847439,18.8549046510769,8.22787516350864));
#12912=CARTESIAN_POINT('Ctrl Pts',(277.821989847439,18.8884283565876,8.22787516350864));
#12913=CARTESIAN_POINT('Ctrl Pts',(249.821989847439,18.8884283565876,8.22787516350864));
#12914=CARTESIAN_POINT('',(271.822055847409,18.8721804174474,8.2437660490523));
#12915=CARTESIAN_POINT('Ctrl Pts',(271.822055847409,18.8721804174474,8.24376604905233));
#12916=CARTESIAN_POINT('Ctrl Pts',(271.822036568447,18.8745531551447,8.23912478039686));
#12917=CARTESIAN_POINT('Ctrl Pts',(271.822019476614,18.877175257532,8.23500901263755));
#12918=CARTESIAN_POINT('Ctrl Pts',(271.822007505127,18.8800241646806,8.2321266245639));
#12919=CARTESIAN_POINT('Ctrl Pts',(271.822002340705,18.8812531648864,8.23088318090262));
#12920=CARTESIAN_POINT('Ctrl Pts',(271.821997543273,18.8826644226322,8.22972809799639));
#12921=CARTESIAN_POINT('Ctrl Pts',(271.821994261639,18.884226359247,8.2289379753685));
#12922=CARTESIAN_POINT('Ctrl Pts',(271.821992851846,18.8848973686044,8.22859853798564));
#12923=CARTESIAN_POINT('Ctrl Pts',(271.821991716855,18.8855983245698,8.22832525835693));
#12924=CARTESIAN_POINT('Ctrl Pts',(271.821990950988,18.8863273843088,8.22814085957855));
#12925=CARTESIAN_POINT('Ctrl Pts',(271.821990226755,18.8870168097315,8.22796648538266));
#12926=CARTESIAN_POINT('Ctrl Pts',(271.821989847439,18.8877172187139,8.22787516350864));
#12927=CARTESIAN_POINT('Ctrl Pts',(271.821989847439,18.8884283565876,8.22787516350864));
#12928=CARTESIAN_POINT('Ctrl Pts',(277.821989847439,18.8721804174474,8.2437660490523));
#12929=CARTESIAN_POINT('Ctrl Pts',(275.822011847429,18.8721804174474,8.2437660490523));
#12930=CARTESIAN_POINT('Ctrl Pts',(273.822033847419,18.8721804174474,8.2437660490523));
#12931=CARTESIAN_POINT('Ctrl Pts',(271.822055847409,18.8721804174474,8.2437660490523));
#12932=CARTESIAN_POINT('Origin',(274.071989847438,26.9148695446144,13.2278751635001));
#12933=CARTESIAN_POINT('Ctrl Pts',(276.321989847438,44.4197994123619,15.7278751635001));
#12934=CARTESIAN_POINT('Ctrl Pts',(276.114498964339,44.5258487697471,15.497329737835));
#12935=CARTESIAN_POINT('Ctrl Pts',(275.781989847438,44.690415197521,15.1278751635001));
#12936=CARTESIAN_POINT('Origin',(300.902059083947,17.0138605507022,-1.80247048609613));
#12937=CARTESIAN_POINT('',(290.902059083946,17.0138605507022,7.60132361994073));
#12938=CARTESIAN_POINT('Origin',(290.596602318111,17.0138605507022,7.20547495667999));
#12939=CARTESIAN_POINT('',(291.207515849782,17.0138605507022,7.70547495667999));
#12940=CARTESIAN_POINT('Origin',(291.207515849782,17.0138605507022,7.20547495667999));
#12941=CARTESIAN_POINT('',(310.596602318111,17.0138605507022,7.70547495667999));
#12942=CARTESIAN_POINT('',(306.249330701029,17.0138605507022,7.70547495667999));
#12943=CARTESIAN_POINT('',(311.096602318111,17.0138605507022,7.20547495667999));
#12944=CARTESIAN_POINT('Origin',(310.596602318111,17.0138605507022,7.20547495667999));
#12945=CARTESIAN_POINT('',(311.096602318111,17.0138605507022,-10.8104159288723));
#12946=CARTESIAN_POINT('',(311.096602318111,17.0138605507022,-6.8064432074842));
#12947=CARTESIAN_POINT('',(310.7885004281,17.0138605507022,-11.2721248364999));
#12948=CARTESIAN_POINT('Origin',(310.596602318111,17.0138605507022,-10.8104159288723));
#12949=CARTESIAN_POINT('',(307.339767096801,17.0138605507022,-11.2721248364999));
#12950=CARTESIAN_POINT('',(309.714698416174,17.0138605507035,4.80361187251577));
#12951=CARTESIAN_POINT('Ctrl Pts',(309.714698416175,17.0138605507022,4.80361187251227));
#12952=CARTESIAN_POINT('Ctrl Pts',(309.841995941215,17.0138605507022,4.72734553184471));
#12953=CARTESIAN_POINT('Ctrl Pts',(309.957165784211,17.0138605507022,4.63298858983642));
#12954=CARTESIAN_POINT('Ctrl Pts',(310.150020358024,17.0138605507022,4.42484931988274));
#12955=CARTESIAN_POINT('Ctrl Pts',(310.22910296007,17.0138605507023,4.31468597617714));
#12956=CARTESIAN_POINT('Ctrl Pts',(310.379801620825,17.0138605507023,4.04427020893911));
#12957=CARTESIAN_POINT('Ctrl Pts',(310.441909826029,17.0138605507022,3.88019457432784));
#12958=CARTESIAN_POINT('Ctrl Pts',(310.519510300188,17.0138605507022,3.55278745912742));
#12959=CARTESIAN_POINT('Ctrl Pts',(310.537976044615,17.0138605507022,3.38999820666405));
#12960=CARTESIAN_POINT('Ctrl Pts',(310.537976044615,17.0138605507022,3.22787516350009));
#12961=CARTESIAN_POINT('',(308.723471791199,17.0138605507022,5.3397891193756));
#12962=CARTESIAN_POINT('Ctrl Pts',(308.723471791199,17.0138605507022,5.33978911937555));
#12963=CARTESIAN_POINT('Ctrl Pts',(308.725200062714,17.0138605507022,5.33901496893545));
#12964=CARTESIAN_POINT('Ctrl Pts',(308.726926807859,17.0138605507022,5.33824046457894));
#12965=CARTESIAN_POINT('Ctrl Pts',(309.006974185618,17.0138605507022,5.21246222803465));
#12966=CARTESIAN_POINT('Ctrl Pts',(309.326912717107,17.0138605507022,5.03445210238261));
#12967=CARTESIAN_POINT('Ctrl Pts',(309.629614757006,17.0138605507022,4.85455020309337));
#12968=CARTESIAN_POINT('Ctrl Pts',(309.671673877081,17.0138605507022,4.8293886828201));
#12969=CARTESIAN_POINT('Ctrl Pts',(309.714698416173,17.0138605507022,4.80361187251372));
#12970=CARTESIAN_POINT('',(306.831478428114,17.0138605507022,5.72787516350009));
#12971=CARTESIAN_POINT('Origin',(306.831478428114,17.0138605507022,3.22787516350009));
#12972=CARTESIAN_POINT('',(286.801722292098,17.0138605507022,5.72787516350009));
#12973=CARTESIAN_POINT('',(288.761900652412,17.0138605507022,5.72787516350009));
#12974=CARTESIAN_POINT('',(284.849906203158,17.0138605507022,5.31239116906962));
#12975=CARTESIAN_POINT('Origin',(286.801722292098,17.0138605507022,3.22787516350009));
#12976=CARTESIAN_POINT('',(282.643833732288,17.0138605507022,4.22180498551596));
#12977=CARTESIAN_POINT('Ctrl Pts',(282.643833732288,17.0138605507022,4.22180498551605));
#12978=CARTESIAN_POINT('Ctrl Pts',(282.890900243763,17.0138605507022,4.22180498551605));
#12979=CARTESIAN_POINT('Ctrl Pts',(283.162581576593,17.0138605507022,4.34050432571667));
#12980=CARTESIAN_POINT('Ctrl Pts',(283.575621042268,17.0138605507022,4.57068562102971));
#12981=CARTESIAN_POINT('Ctrl Pts',(283.802951893124,17.0138605507022,4.71808924797116));
#12982=CARTESIAN_POINT('Ctrl Pts',(284.254607580755,17.0138605507022,4.99849263815379));
#12983=CARTESIAN_POINT('Ctrl Pts',(284.571480697424,17.0138605507022,5.18204067518719));
#12984=CARTESIAN_POINT('Ctrl Pts',(284.849906203158,17.0138605507022,5.31239116906944));
#12985=CARTESIAN_POINT('',(290.047001538956,17.0138605507022,4.22180498551596));
#12986=CARTESIAN_POINT('Origin',(280.251316069085,17.5332736237639,7.7437660490523));
#12987=CARTESIAN_POINT('',(284.598587686167,17.5332736237639,8.2437660490523));
#12988=CARTESIAN_POINT('',(280.251316069085,17.5332736237639,8.2437660490523));
#12989=CARTESIAN_POINT('Origin',(284.598587686167,17.5332736237639,7.7437660490523));
#12990=CARTESIAN_POINT('Origin',(273.821989847439,18.8884283565876,15.7278751635001));
#12991=CARTESIAN_POINT('Origin',(273.821989847439,18.8884283565878,8.2437660490523));
#12992=CARTESIAN_POINT('Origin',(285.598587686168,36.6332736237638,8.2437660490523));
#12993=CARTESIAN_POINT('',(284.598587686167,20.0333031452245,8.2437660490523));
#12994=CARTESIAN_POINT('',(285.598220261767,20.0332751524509,8.2437660490523));
#12995=CARTESIAN_POINT('',(284.598587686167,36.6332736237638,8.2437660490523));
#12996=CARTESIAN_POINT('Origin',(285.598317688163,20.0332751496426,6.62721663879062));
#12997=CARTESIAN_POINT('',(275.647989847439,20.0335537893365,7.43549134384144));
#12998=CARTESIAN_POINT('',(285.598587686168,20.0332751421123,7.2437660490523));
#12999=CARTESIAN_POINT('',(285.598587686168,20.0332751416661,-1.76367469947982));
#13000=CARTESIAN_POINT('Origin',(284.598587686167,20.033303145175,7.2437660490523));
#13001=CARTESIAN_POINT('Origin',(304.821989847438,26.9579130314238,8.86876604905209));
#13002=CARTESIAN_POINT('',(304.821989847438,29.2454130314238,9.49376604905209));
#13003=CARTESIAN_POINT('',(304.821989847438,24.6704130314238,9.49376604905209));
#13004=CARTESIAN_POINT('',(304.821989847438,29.2454130314238,9.49376604905209));
#13005=CARTESIAN_POINT('',(304.821989847439,29.5579130314238,9.18126604905209));
#13006=CARTESIAN_POINT('',(304.821989847438,29.2454130314238,9.49376604905209));
#13007=CARTESIAN_POINT('',(304.821989847439,29.5579130314238,8.24376604905209));
#13008=CARTESIAN_POINT('',(304.821989847439,29.5579130314238,8.24376604905209));
#13009=CARTESIAN_POINT('',(304.821989847439,24.3579130314238,8.24376604905209));
#13010=CARTESIAN_POINT('',(304.821989847439,29.5579130314238,8.24376604905209));
#13011=CARTESIAN_POINT('',(304.821989847439,24.3579130314238,9.18126604905209));
#13012=CARTESIAN_POINT('',(304.821989847439,24.3579130314238,8.24376604905209));
#13013=CARTESIAN_POINT('',(304.821989847438,24.6704130314238,9.49376604905209));
#13014=CARTESIAN_POINT('Origin',(271.821989847439,24.3579130314286,9.18126604905209));
#13015=CARTESIAN_POINT('',(272.530527699506,24.3579130314285,8.23081800038364));
#13016=CARTESIAN_POINT('',(272.530527699506,24.3579130314285,8.24376604905209));
#13017=CARTESIAN_POINT('',(272.530527699506,24.3579130314285,8.2437660490523));
#13018=CARTESIAN_POINT('',(272.176285662183,24.3579130314285,8.22934669362128));
#13019=CARTESIAN_POINT('',(271.821989847439,24.3579130314286,9.18126604905209));
#13020=CARTESIAN_POINT('',(271.821989847439,24.3579130314286,8.24376604905209));
#13021=CARTESIAN_POINT('',(278.710288766802,24.3579130314276,8.2437660490523));
#13022=CARTESIAN_POINT('Ctrl Pts',(290.955919812336,17.0216948606656,7.67112301455242));
#13023=CARTESIAN_POINT('Ctrl Pts',(290.797148185377,17.0216948606656,7.79363919858588));
#13024=CARTESIAN_POINT('Ctrl Pts',(290.596602318111,17.0216948606656,7.79363919858588));
#13025=CARTESIAN_POINT('Ctrl Pts',(290.929202094903,17.0138605507022,7.63649889122485));
#13026=CARTESIAN_POINT('Ctrl Pts',(290.782236226176,17.0138605507022,7.74990515759866));
#13027=CARTESIAN_POINT('Ctrl Pts',(290.596602318111,17.0138605507022,7.74990515759866));
#13028=CARTESIAN_POINT('Ctrl Pts',(290.902059083947,17.0138605507022,7.60132361994074));
#13029=CARTESIAN_POINT('Ctrl Pts',(290.767086897908,17.0138605507022,7.70547495668));
#13030=CARTESIAN_POINT('Ctrl Pts',(290.596602318111,17.0138605507022,7.70547495668));
#13031=CARTESIAN_POINT('Ctrl Pts',(290.902059083947,17.0138605507022,7.60132361994073));
#13032=CARTESIAN_POINT('Ctrl Pts',(290.902059083947,17.0138605507022,7.60257324312576));
#13033=CARTESIAN_POINT('Ctrl Pts',(290.902059083949,17.0138634869847,7.60382285123722));
#13034=CARTESIAN_POINT('Ctrl Pts',(290.902059083936,17.0139827036521,7.62905782742013));
#13035=CARTESIAN_POINT('Ctrl Pts',(290.902059083947,17.0151900351056,7.65286631044274));
#13036=CARTESIAN_POINT('Ctrl Pts',(290.902059083947,17.0176478489774,7.67653068627829));
#13037=CARTESIAN_POINT('Origin',(311.596493229824,22.9671575633238,8.20648434412486));
#13038=CARTESIAN_POINT('',(310.596602318111,22.9665621972702,8.20547495667999));
#13039=CARTESIAN_POINT('',(311.596551127448,22.9665626886734,8.20547495667999));
#13040=CARTESIAN_POINT('',(311.596602318111,22.377220427838,7.20547495667999));
#13041=CARTESIAN_POINT('Origin',(310.596602318111,22.3772199364097,7.20547495667999));
#13042=CARTESIAN_POINT('',(311.596602318111,22.367464990189,7.18892186300784));
#13043=CARTESIAN_POINT('',(311.596602318111,20.0484266901257,3.25396173189955));
#13044=CARTESIAN_POINT('',(311.596427237808,22.3674649950918,7.18892187147292));
#13045=CARTESIAN_POINT('Origin',(300.902059083947,36.6138605507022,-1.80247048609614));
#13046=CARTESIAN_POINT('',(308.574226588749,36.6138605507022,5.45955035517298));
#13047=CARTESIAN_POINT('Origin',(306.980723630564,36.6138605507022,3.22787516350009));
#13048=CARTESIAN_POINT('',(309.645342679718,36.6138605507015,4.98663541308998));
#13049=CARTESIAN_POINT('Ctrl Pts',(309.645342679717,36.6138605507022,4.98663541308896));
#13050=CARTESIAN_POINT('Ctrl Pts',(309.6401109265,36.6138605507022,4.98918578330411));
#13051=CARTESIAN_POINT('Ctrl Pts',(309.634921772551,36.6138605507022,4.99171608569271));
#13052=CARTESIAN_POINT('Ctrl Pts',(309.527582165533,36.6138605507022,5.04406527526898));
#13053=CARTESIAN_POINT('Ctrl Pts',(309.404958115104,36.6138605507022,5.10390046239552));
#13054=CARTESIAN_POINT('Ctrl Pts',(309.113712764943,36.6138605507022,5.24166774692446));
#13055=CARTESIAN_POINT('Ctrl Pts',(308.884865770186,36.6138605507022,5.34275513811858));
#13056=CARTESIAN_POINT('Ctrl Pts',(308.652115899202,36.6138605507022,5.43126466581621));
#13057=CARTESIAN_POINT('Ctrl Pts',(308.613494490257,36.6138605507022,5.44553095005373));
#13058=CARTESIAN_POINT('Ctrl Pts',(308.574226588749,36.6138605507022,5.4595503551733));
#13059=CARTESIAN_POINT('',(310.643508462207,36.6138605507022,3.22787516350009));
#13060=CARTESIAN_POINT('Ctrl Pts',(310.643508462207,36.6138605507022,3.22787516350009));
#13061=CARTESIAN_POINT('Ctrl Pts',(310.643508462207,36.6138605507022,3.36549616517272));
#13062=CARTESIAN_POINT('Ctrl Pts',(310.631470408105,36.6138605507022,3.50373822660477));
#13063=CARTESIAN_POINT('Ctrl Pts',(310.579623567667,36.6138605507022,3.79148008994319));
#13064=CARTESIAN_POINT('Ctrl Pts',(310.536454073177,36.6138605507022,3.94093283128615));
#13065=CARTESIAN_POINT('Ctrl Pts',(310.398062737145,36.6138605507022,4.27063043675446));
#13066=CARTESIAN_POINT('Ctrl Pts',(310.291694098784,36.6138605507022,4.44399413549401));
#13067=CARTESIAN_POINT('Ctrl Pts',(310.013177558924,36.6138605507022,4.75821779034006));
#13068=CARTESIAN_POINT('Ctrl Pts',(309.840367694166,36.6138605507022,4.89156479957794));
#13069=CARTESIAN_POINT('Ctrl Pts',(309.645342679718,36.6138605507022,4.9866354130884));
#13070=CARTESIAN_POINT('',(310.643508462207,36.6138605507022,-11.2721248364999));
#13071=CARTESIAN_POINT('',(310.643508462207,36.6138605507022,5.72787516350009));
#13072=CARTESIAN_POINT('',(310.7885004281,36.6138605507022,-11.2721248364999));
#13073=CARTESIAN_POINT('',(307.339767096801,36.6138605507022,-11.2721248364999));
#13074=CARTESIAN_POINT('',(311.096602318111,36.6138605507022,-10.8104159288723));
#13075=CARTESIAN_POINT('Origin',(310.596602318111,36.6138605507022,-10.8104159288723));
#13076=CARTESIAN_POINT('',(311.096602318111,36.6138605507022,7.20547495667999));
#13077=CARTESIAN_POINT('',(311.096602318111,36.6138605507022,-6.8064432074842));
#13078=CARTESIAN_POINT('',(310.596602318111,36.6138605507022,7.70547495667999));
#13079=CARTESIAN_POINT('Origin',(310.596602318111,36.6138605507022,7.20547495667999));
#13080=CARTESIAN_POINT('',(306.249330701029,36.6138605507022,7.70547495667999));
#13081=CARTESIAN_POINT('Origin',(290.047001538956,19.3077880798337,3.22787516350009));
#13082=CARTESIAN_POINT('Origin',(282.643833732288,19.3077880798337,3.22787516350009));
#13083=CARTESIAN_POINT('Origin',(282.643833732288,14.8077880798337,3.22787516350009));
#13084=CARTESIAN_POINT('Origin',(285.825814247628,17.9897685951727,3.22787516350009));
#13085=CARTESIAN_POINT('Origin',(287.614940829566,16.2006420132347,3.22787516350009));
#13086=CARTESIAN_POINT('',(287.869674265629,15.9459085771717,5.72787516350009));
#13087=CARTESIAN_POINT('',(287.614940829566,16.2006420132347,5.72787516350009));
#13088=CARTESIAN_POINT('Origin',(287.869674265629,15.9459085771717,3.22787516350009));
#13089=CARTESIAN_POINT('Origin',(296.621742220877,26.8884831519277,5.72787516350009));
#13090=CARTESIAN_POINT('',(305.413514078977,15.5958962015657,5.72787516350009));
#13091=CARTESIAN_POINT('',(307.513591586195,17.6959737087827,5.72787516350009));
#13092=CARTESIAN_POINT('',(304.095494594316,12.4139156862257,5.72787516350009));
#13093=CARTESIAN_POINT('Origin',(308.595494594316,12.4139156862257,5.72787516350009));
#13094=CARTESIAN_POINT('',(304.095494594316,6.77787671690468,5.72787516350009));
#13095=CARTESIAN_POINT('',(304.095494594316,20.0654129814497,5.72787516350009));
#13096=CARTESIAN_POINT('',(289.18769375029,6.77787671690468,5.72787516350009));
#13097=CARTESIAN_POINT('',(305.508618407596,6.77787671690468,5.72787516350009));
#13098=CARTESIAN_POINT('',(289.18769375029,12.7639280618317,5.72787516350009));
#13099=CARTESIAN_POINT('',(289.18769375029,16.3331799344157,5.72787516350009));
#13100=CARTESIAN_POINT('Origin',(284.68769375029,12.7639280618317,5.72787516350009));
#13101=CARTESIAN_POINT('Ctrl Pts',(291.207515849782,17.0216948606656,7.79363919858552));
#13102=CARTESIAN_POINT('Ctrl Pts',(291.006969982516,17.0216948606656,7.79363919858552));
#13103=CARTESIAN_POINT('Ctrl Pts',(290.848198355557,17.0216948606656,7.6711230145521));
#13104=CARTESIAN_POINT('Ctrl Pts',(291.207515849782,17.0138605507022,7.74990515759848));
#13105=CARTESIAN_POINT('Ctrl Pts',(291.021881941717,17.0138605507022,7.74990515759848));
#13106=CARTESIAN_POINT('Ctrl Pts',(290.874916072991,17.0138605507022,7.63649889122469));
#13107=CARTESIAN_POINT('Ctrl Pts',(291.207515849782,17.0138605507022,7.70547495668));
#13108=CARTESIAN_POINT('Ctrl Pts',(291.037031269985,17.0138605507022,7.70547495668));
#13109=CARTESIAN_POINT('Ctrl Pts',(290.902059083946,17.0138605507022,7.60132361994071));
#13110=CARTESIAN_POINT('Origin',(291.207515849782,17.5138605507022,7.70547495667999));
#13111=CARTESIAN_POINT('Origin',(285.598587686168,36.6332736237638,-11.7721248365));
#13112=CARTESIAN_POINT('',(285.598587686168,36.6332736237638,7.2437660490523));
#13113=CARTESIAN_POINT('Ctrl Pts',(310.980398538089,17.5138605507022,-11.7338337441276));
#13114=CARTESIAN_POINT('Ctrl Pts',(311.596602318111,17.5138605507022,-11.4777235872717));
#13115=CARTESIAN_POINT('Ctrl Pts',(311.596602318111,17.5138605507022,-10.8104159288723));
#13116=CARTESIAN_POINT('Ctrl Pts',(310.980398538089,17.0138605507022,-11.7338337441276));
#13117=CARTESIAN_POINT('Ctrl Pts',(311.596602318111,17.0138605507022,-11.4777235872717));
#13118=CARTESIAN_POINT('Ctrl Pts',(311.596602318111,17.0138605507022,-10.8104159288723));
#13119=CARTESIAN_POINT('Ctrl Pts',(310.7885004281,17.0138605507022,-11.2721248364999));
#13120=CARTESIAN_POINT('Ctrl Pts',(311.096602318111,17.0138605507022,-11.144069758072));
#13121=CARTESIAN_POINT('Ctrl Pts',(311.096602318111,17.0138605507022,-10.8104159288723));
#13122=CARTESIAN_POINT('',(311.483633819591,17.5138605507022,-11.2721248364999));
#13123=CARTESIAN_POINT('Ctrl Pts',(310.7885004281,17.0138605507022,-11.2721248364999));
#13124=CARTESIAN_POINT('Ctrl Pts',(310.899433944016,17.0138605507022,-11.2721248364999));
#13125=CARTESIAN_POINT('Ctrl Pts',(311.032207821281,17.0234569171642,-11.2721248364999));
#13126=CARTESIAN_POINT('Ctrl Pts',(311.197496055436,17.0818203551863,-11.2721248364999));
#13127=CARTESIAN_POINT('Ctrl Pts',(311.265248935415,17.1188828471112,-11.2721248364999));
#13128=CARTESIAN_POINT('Ctrl Pts',(311.364891129734,17.2026889498562,-11.2721248364999));
#13129=CARTESIAN_POINT('Ctrl Pts',(311.413630119925,17.264878051466,-11.2721248364999));
#13130=CARTESIAN_POINT('Ctrl Pts',(311.467442278545,17.3803149318024,-11.2721248364999));
#13131=CARTESIAN_POINT('Ctrl Pts',(311.483633819591,17.4523409466714,-11.2721248364999));
#13132=CARTESIAN_POINT('Ctrl Pts',(311.483633819591,17.5138605507022,-11.2721248364999));
#13133=CARTESIAN_POINT('',(311.596602318111,17.5138605507022,-10.8104159288723));
#13134=CARTESIAN_POINT('Origin',(311.096602318111,17.5138605507022,-10.8104159288723));
#13135=CARTESIAN_POINT('Origin',(310.596602318111,17.5138605507022,-10.8104159288723));
#13136=CARTESIAN_POINT('Origin',(310.596602318111,36.6138605507022,-10.8104159288723));
#13137=CARTESIAN_POINT('',(311.483633819591,36.1138605507022,-11.2721248364999));
#13138=CARTESIAN_POINT('',(311.483633819591,36.6138605507022,-11.2721248364999));
#13139=CARTESIAN_POINT('',(311.596602318111,36.1138605507022,-10.8104159288723));
#13140=CARTESIAN_POINT('',(311.596602318111,36.6138605507022,-10.8104159288723));
#13141=CARTESIAN_POINT('Origin',(310.596602318111,36.1138605507022,-10.8104159288723));
#13142=CARTESIAN_POINT('Ctrl Pts',(310.7885004281,36.6138605507022,-11.2721248364999));
#13143=CARTESIAN_POINT('Ctrl Pts',(311.096602318111,36.6138605507022,-11.144069758072));
#13144=CARTESIAN_POINT('Ctrl Pts',(311.096602318111,36.6138605507022,-10.8104159288723));
#13145=CARTESIAN_POINT('Ctrl Pts',(310.980398538089,36.6138605507022,-11.7338337441276));
#13146=CARTESIAN_POINT('Ctrl Pts',(311.596602318111,36.6138605507022,-11.4777235872717));
#13147=CARTESIAN_POINT('Ctrl Pts',(311.596602318111,36.6138605507022,-10.8104159288723));
#13148=CARTESIAN_POINT('Ctrl Pts',(310.980398538089,36.1138605507022,-11.7338337441276));
#13149=CARTESIAN_POINT('Ctrl Pts',(311.596602318111,36.1138605507022,-11.4777235872717));
#13150=CARTESIAN_POINT('Ctrl Pts',(311.596602318111,36.1138605507022,-10.8104159288723));
#13151=CARTESIAN_POINT('Ctrl Pts',(311.483633819591,36.1138605507022,-11.2721248364999));
#13152=CARTESIAN_POINT('Ctrl Pts',(311.483633819591,36.1753801547329,-11.2721248364999));
#13153=CARTESIAN_POINT('Ctrl Pts',(311.467442278545,36.247406169602,-11.2721248364999));
#13154=CARTESIAN_POINT('Ctrl Pts',(311.413630119925,36.3628430499384,-11.2721248364999));
#13155=CARTESIAN_POINT('Ctrl Pts',(311.364891129734,36.4250321515482,-11.2721248364999));
#13156=CARTESIAN_POINT('Ctrl Pts',(311.265248935415,36.5088382542931,-11.2721248364999));
#13157=CARTESIAN_POINT('Ctrl Pts',(311.197496055436,36.5459007462181,-11.2721248364999));
#13158=CARTESIAN_POINT('Ctrl Pts',(311.032207821281,36.6042641842402,-11.2721248364999));
#13159=CARTESIAN_POINT('Ctrl Pts',(310.899433944016,36.6138605507022,-11.2721248364999));
#13160=CARTESIAN_POINT('Ctrl Pts',(310.7885004281,36.6138605507022,-11.2721248364999));
#13161=CARTESIAN_POINT('Origin',(311.096602318111,36.1138605507022,-10.8104159288723));
#13162=CARTESIAN_POINT('Origin',(311.596602318111,36.6138605507022,-11.8104159288723));
#13163=CARTESIAN_POINT('',(311.596602318111,31.6138605530723,7.20547495667999));
#13164=CARTESIAN_POINT('',(311.596602318111,36.6138605507022,7.20547495667999));
#13165=CARTESIAN_POINT('',(311.596602318111,31.6138605522375,6.58892554906951));
#13166=CARTESIAN_POINT('',(311.596602318111,31.6138605397817,-2.61074518784222));
#13167=CARTESIAN_POINT('',(311.596602318111,33.6138616063141,6.58892555170841));
#13168=CARTESIAN_POINT('',(311.596602318111,35.1138610648177,6.58892555368758));
#13169=CARTESIAN_POINT('',(311.596602318111,33.9602716970994,7.18892514437009));
#13170=CARTESIAN_POINT('',(311.596602318111,30.1784915553806,0.63869290539742));
#13171=CARTESIAN_POINT('',(311.596602318111,33.9630797660324,7.18892514538594));
#13172=CARTESIAN_POINT('',(311.596602318111,35.2884667196503,7.18892562486084));
#13173=CARTESIAN_POINT('',(311.596602318111,33.9727122636285,7.20547495667999));
#13174=CARTESIAN_POINT('',(311.596602318111,30.4642608911995,1.17752555223654));
#13175=CARTESIAN_POINT('',(311.596602318111,36.1138605507022,7.20547495667999));
#13176=CARTESIAN_POINT('',(311.596602318111,36.6138605507022,7.20547495667999));
#13177=CARTESIAN_POINT('',(311.596602318111,36.1138605507022,-6.8064432074842));
#13178=CARTESIAN_POINT('',(311.596602318111,17.5138605507022,7.20547495667999));
#13179=CARTESIAN_POINT('',(311.596602318111,17.5138605507022,-6.8064432074842));
#13180=CARTESIAN_POINT('',(311.596602318111,20.0138620690507,7.20547495667999));
#13181=CARTESIAN_POINT('',(311.596602318111,36.6138605507022,7.20547495667999));
#13182=CARTESIAN_POINT('',(311.596602318111,20.0138620690201,6.58892553336401));
#13183=CARTESIAN_POINT('',(311.596602318111,20.0138620686045,-1.80196579185213));
#13184=CARTESIAN_POINT('',(311.596602318111,22.0138617983062,6.5889255359728));
#13185=CARTESIAN_POINT('',(311.596602318111,28.3138613016415,6.58892554419052));
#13186=CARTESIAN_POINT('',(311.596602318111,22.3602717744946,7.18892185918008));
#13187=CARTESIAN_POINT('',(311.596602318111,19.8552915358381,2.85019308052839));
#13188=CARTESIAN_POINT('',(311.596602318111,29.4870611099476,7.18892565159164));
#13189=CARTESIAN_POINT('',(311.596602318111,25.6942702599163,-3.58768462737269));
#13190=CARTESIAN_POINT('',(311.596602318111,27.9722769876113,-3.58768462737269));
#13191=CARTESIAN_POINT('Origin',(311.596602318111,26.8332736237638,-1.76417939372402));
#13192=CARTESIAN_POINT('',(311.596602318111,26.8332736237638,-4.29913235942008));
#13193=CARTESIAN_POINT('',(311.596602318111,32.0385632403702,-7.5504761305876));
#13194=CARTESIAN_POINT('',(311.596602318111,29.2331000341114,-2.80014551606094));
#13195=CARTESIAN_POINT('Origin',(311.596602318111,36.6138605507022,8.20547495667999));
#13196=CARTESIAN_POINT('',(310.596602318111,31.6138885574888,8.20547495667999));
#13197=CARTESIAN_POINT('',(311.596559729194,31.6138605556188,8.20547495667999));
#13198=CARTESIAN_POINT('',(310.596602318111,36.6138605507022,8.20547495667999));
#13199=CARTESIAN_POINT('Origin',(310.596602318111,36.6138605507022,7.20547495667999));
#13200=CARTESIAN_POINT('Origin',(310.596602318111,31.6138885561349,7.20547495667999));
#13201=CARTESIAN_POINT('Ctrl Pts',(311.596602318111,17.5138605507022,7.20547495667999));
#13202=CARTESIAN_POINT('Ctrl Pts',(311.596602318111,17.5138605507022,8.20547495668));
#13203=CARTESIAN_POINT('Ctrl Pts',(310.596602318111,17.5138605507022,8.20547495668));
#13204=CARTESIAN_POINT('Ctrl Pts',(311.596602318111,17.0138605507022,7.20547495667999));
#13205=CARTESIAN_POINT('Ctrl Pts',(311.596602318111,17.0138605507022,8.20547495668));
#13206=CARTESIAN_POINT('Ctrl Pts',(310.596602318111,17.0138605507022,8.20547495668));
#13207=CARTESIAN_POINT('Ctrl Pts',(311.096602318111,17.0138605507022,7.20547495667999));
#13208=CARTESIAN_POINT('Ctrl Pts',(311.096602318111,17.0138605507022,7.70547495668));
#13209=CARTESIAN_POINT('Ctrl Pts',(310.596602318111,17.0138605507022,7.70547495668));
#13210=CARTESIAN_POINT('Origin',(311.096602318111,17.5138605507022,7.20547495667999));
#13211=CARTESIAN_POINT('',(310.596602318111,17.5138605507022,8.20547495667999));
#13212=CARTESIAN_POINT('Origin',(310.596602318111,17.5138605507022,7.70547495667999));
#13213=CARTESIAN_POINT('Origin',(310.596602318111,17.5138605507022,7.20547495667999));
#13214=CARTESIAN_POINT('Origin',(310.596602318111,36.6138605507022,7.20547495667999));
#13215=CARTESIAN_POINT('',(310.596602318111,20.0138900721629,8.20547495667999));
#13216=CARTESIAN_POINT('Origin',(310.596602318111,20.0138900721133,7.20547495667999));
#13217=CARTESIAN_POINT('',(310.596602318111,36.6138605507022,8.20547495667999));
#13218=CARTESIAN_POINT('Origin',(306.249330701029,17.5138605507022,7.70547495667999));
#13219=CARTESIAN_POINT('',(306.249330701029,17.5138605507022,8.20547495667999));
#13220=CARTESIAN_POINT('Ctrl Pts',(311.096602318111,36.6138605507022,7.20547495667999));
#13221=CARTESIAN_POINT('Ctrl Pts',(311.096602318111,36.6138605507022,7.70547495668));
#13222=CARTESIAN_POINT('Ctrl Pts',(310.596602318111,36.6138605507022,7.70547495668));
#13223=CARTESIAN_POINT('Ctrl Pts',(311.596602318111,36.6138605507022,7.20547495667999));
#13224=CARTESIAN_POINT('Ctrl Pts',(311.596602318111,36.6138605507022,8.20547495668));
#13225=CARTESIAN_POINT('Ctrl Pts',(310.596602318111,36.6138605507022,8.20547495668));
#13226=CARTESIAN_POINT('Ctrl Pts',(311.596602318111,36.1138605507022,7.20547495667999));
#13227=CARTESIAN_POINT('Ctrl Pts',(311.596602318111,36.1138605507022,8.20547495668));
#13228=CARTESIAN_POINT('Ctrl Pts',(310.596602318111,36.1138605507022,8.20547495668));
#13229=CARTESIAN_POINT('Origin',(311.096602318111,36.1138605507022,7.20547495667999));
#13230=CARTESIAN_POINT('',(310.596602318111,36.1138605507022,8.20547495667999));
#13231=CARTESIAN_POINT('Origin',(310.596602318111,36.1138605507022,7.20547495667999));
#13232=CARTESIAN_POINT('Origin',(310.596602318111,36.1138605507022,7.70547495667999));
#13233=CARTESIAN_POINT('Origin',(306.249330701029,36.1138605507022,7.70547495667999));
#13234=CARTESIAN_POINT('',(306.249330701029,36.1138605507022,8.20547495667999));
#13235=CARTESIAN_POINT('Origin',(310.596602318111,36.6138605507022,7.20547495667999));
#13236=CARTESIAN_POINT('',(310.596602318111,34.5547427860642,8.20547495667999));
#13237=CARTESIAN_POINT('Origin',(310.596602318111,33.9727121257135,7.20547495667999));
#13238=CARTESIAN_POINT('',(310.596602318111,36.6138605507022,8.20547495667999));
#13239=CARTESIAN_POINT('Origin',(311.096602318111,36.1138605507022,-6.8064432074842));
#13240=CARTESIAN_POINT('Origin',(311.096602318111,17.5138605507022,-6.8064432074842));
#13241=CARTESIAN_POINT('Origin',(311.596602318111,36.6138605507022,8.20547495667999));
#13242=CARTESIAN_POINT('',(311.59623489371,20.0138620793892,8.20547495667999));
#13243=CARTESIAN_POINT('Origin',(311.596751950692,33.9630797618422,7.18892513815126));
#13244=CARTESIAN_POINT('',(311.596751950692,33.9630797618422,7.18892513815126));
#13245=CARTESIAN_POINT('',(311.596751872058,33.9602716929114,7.18892513713921));
#13246=CARTESIAN_POINT('Origin',(311.596751872058,33.9602716929114,7.18892513713921));
#13247=CARTESIAN_POINT('',(311.596713161745,33.6138616032101,6.58892554634916));
#13248=CARTESIAN_POINT('Origin',(311.596713161745,33.6138616032101,6.58892554634916));
#13249=CARTESIAN_POINT('',(311.59665715559,31.6138605507019,6.58892554641814));
#13250=CARTESIAN_POINT('Origin',(311.59665715559,31.6138605507019,6.58892554641814));
#13251=CARTESIAN_POINT('Origin',(311.596817666512,34.5547214329377,8.20543803238599));
#13252=CARTESIAN_POINT('',(311.596710134302,34.5547429239941,8.20547495667999));
#13253=CARTESIAN_POINT('Origin',(311.596332320106,20.0138620765809,6.58892554641831));
#13254=CARTESIAN_POINT('',(311.596332320106,20.0138620765809,6.58892554641831));
#13255=CARTESIAN_POINT('Origin',(311.596427036375,22.3602717794031,7.1889218676549));
#13256=CARTESIAN_POINT('',(311.596427036375,22.3602717794031,7.1889218676549));
#13257=CARTESIAN_POINT('',(311.596388326224,22.0138618042986,6.58892554631923));
#13258=CARTESIAN_POINT('Origin',(311.596427237808,22.3674649950918,7.18892187147292));
#13259=CARTESIAN_POINT('Origin',(311.596388326224,22.0138618042986,6.58892554631923));
#13260=CARTESIAN_POINT('Origin',(311.596602318111,36.6138605507022,8.20547495667999));
#13261=CARTESIAN_POINT('Origin',(310.959455624995,14.7778767169047,3.22787516350009));
#13262=CARTESIAN_POINT('Ctrl Pts',(309.959455624996,16.5099275244738,3.22787516350009));
#13263=CARTESIAN_POINT('Ctrl Pts',(309.959455624996,16.5099275244738,3.80869126980038));
#13264=CARTESIAN_POINT('Ctrl Pts',(309.861805877621,16.7003957518514,4.3781231257971));
#13265=CARTESIAN_POINT('Ctrl Pts',(309.714698416174,17.0138605507043,4.80361187251519));
#13266=CARTESIAN_POINT('',(309.545242062622,16.1920902792777,3.22787516350009));
#13267=CARTESIAN_POINT('Origin',(310.959455624995,14.7778767169047,3.22787516350009));
#13268=CARTESIAN_POINT('Origin',(307.777475109656,17.9598572322447,3.22787516350009));
#13269=CARTESIAN_POINT('Ctrl Pts',(309.714698416174,17.0138605507043,4.80361187251519));
#13270=CARTESIAN_POINT('Ctrl Pts',(309.861805877621,16.7003957518514,4.3781231257971));
#13271=CARTESIAN_POINT('Ctrl Pts',(309.959455624996,16.5099275244738,3.80869126980038));
#13272=CARTESIAN_POINT('Ctrl Pts',(309.959455624996,16.5099275244738,3.22787516350009));
#13273=CARTESIAN_POINT('Ctrl Pts',(309.98401234046,17.094318965121,4.72885097412421));
#13274=CARTESIAN_POINT('Ctrl Pts',(310.104301407944,16.8076475434165,4.31151551188115));
#13275=CARTESIAN_POINT('Ctrl Pts',(310.182315445933,16.6385957020833,3.77420119009877));
#13276=CARTESIAN_POINT('Ctrl Pts',(310.182315445933,16.6385957020833,3.22787516350009));
#13277=CARTESIAN_POINT('Ctrl Pts',(310.228834295365,17.2184352268316,4.61352377935301));
#13278=CARTESIAN_POINT('Ctrl Pts',(310.320954271757,16.9601361063204,4.22089429919385));
#13279=CARTESIAN_POINT('Ctrl Pts',(310.3799563678,16.8107552049903,3.7280149786304));
#13280=CARTESIAN_POINT('Ctrl Pts',(310.3799563678,16.8107552049903,3.22787516350009));
#13281=CARTESIAN_POINT('Ctrl Pts',(310.426511977876,17.3747254018474,4.46830100832811));
#13282=CARTESIAN_POINT('Ctrl Pts',(310.494688238179,17.1452517058354,4.11324368768169));
#13283=CARTESIAN_POINT('Ctrl Pts',(310.537976044615,17.0138605507022,3.67350243268264));
#13284=CARTESIAN_POINT('Ctrl Pts',(310.537976044615,17.0138605507022,3.22787516350009));
#13285=CARTESIAN_POINT('Origin',(313.777475109656,26.8884831519277,-11.2721248364999));
#13286=CARTESIAN_POINT('',(310.321955702262,36.9990895869507,-11.2721248364999));
#13287=CARTESIAN_POINT('Origin',(308.959455624996,35.5349879718125,-11.2721248364999));
#13288=CARTESIAN_POINT('',(316.914244555683,36.9990895869507,-11.2721248364999));
#13289=CARTESIAN_POINT('',(311.954251804953,36.9990895869507,-11.2721248364999));
#13290=CARTESIAN_POINT('',(316.595494594317,36.2670387793822,-11.2721248364999));
#13291=CARTESIAN_POINT('Origin',(317.595494594317,36.2670387793822,-11.2721248364999));
#13292=CARTESIAN_POINT('',(316.595494594317,16.7778767169047,-11.2721248364999));
#13293=CARTESIAN_POINT('Origin',(308.959455624996,35.5349879718125,5.72787516350009));
#13294=CARTESIAN_POINT('',(310.321955702262,36.9990895869507,5.72787516350009));
#13295=CARTESIAN_POINT('Origin',(308.959455624996,35.5349879718125,3.22787516350009));
#13296=CARTESIAN_POINT('Origin',(310.959455624996,26.8332736237638,-1.76417939372402));
#13297=CARTESIAN_POINT('',(316.095494594317,27.9722769876113,-3.5876846273727));
#13298=CARTESIAN_POINT('',(310.959455624996,27.9722769876113,-3.58768462737269));
#13299=CARTESIAN_POINT('',(316.095494594317,25.6942702599164,-3.5876846273727));
#13300=CARTESIAN_POINT('Origin',(316.095494594317,26.8332736237638,-1.76417939372402));
#13301=CARTESIAN_POINT('',(310.959455624996,25.6942702599163,-3.58768462737269));
#13302=CARTESIAN_POINT('Origin',(316.595494594317,27.9722769876113,-3.5876846273727));
#13303=CARTESIAN_POINT('',(316.095494594317,26.8332736237638,-4.29913235942008));
#13304=CARTESIAN_POINT('',(316.595494594317,26.8332736237638,-4.29913235942008));
#13305=CARTESIAN_POINT('',(316.095494594317,27.8582367079902,-3.6589168123457));
#13306=CARTESIAN_POINT('Origin',(271.821989847439,16.8077880798337,8.22787516350009));
#13307=CARTESIAN_POINT('Origin',(272.094499057472,26.8195951846168,8.22900700162568));
#13308=CARTESIAN_POINT('Origin',(271.821989847439,24.3579130314286,8.24376604905209));
#13309=CARTESIAN_POINT('',(271.821989847439,29.5579130314286,8.24376604905209));
#13310=CARTESIAN_POINT('Origin',(271.821989847439,29.5579130314286,9.18126604905209));
#13311=CARTESIAN_POINT('',(271.821989847439,29.5579130314286,9.18126604905209));
#13312=CARTESIAN_POINT('',(271.821989847438,29.2454130314286,9.49376604905209));
#13313=CARTESIAN_POINT('Origin',(271.821989847439,29.5579130314286,8.24376604905209));
#13314=CARTESIAN_POINT('',(278.710288766803,29.5579130314276,8.2437660490523));
#13315=CARTESIAN_POINT('Origin',(271.821989847438,24.6704130314286,9.49376604905209));
#13316=CARTESIAN_POINT('',(271.821989847438,24.6704130314286,9.49376604905209));
#13317=CARTESIAN_POINT('Origin',(271.821989847438,29.2454130314286,9.49376604905209));
#13318=CARTESIAN_POINT('Origin',(285.598587686168,36.6332736237638,8.2437660490523));
#13319=CARTESIAN_POINT('',(275.647989847439,31.6335522747019,8.24376604905209));
#13320=CARTESIAN_POINT('',(280.623288766803,31.6335522747019,8.2437660490523));
#13321=CARTESIAN_POINT('',(285.598545097251,31.6332736286805,8.2437660490523));
#13322=CARTESIAN_POINT('Origin',(281.207673925888,42.80836943374,13.3278751635001));
#13323=CARTESIAN_POINT('',(279.175778559427,42.3910468692244,13.3278751635001));
#13324=CARTESIAN_POINT('',(282.154419586576,40.517268215295,13.3278751635001));
#13325=CARTESIAN_POINT('',(281.915762482879,44.3963137804753,13.3278751635001));
#13326=CARTESIAN_POINT('',(279.390140089744,42.3509357119167,13.3278751635001));
#13327=CARTESIAN_POINT('Origin',(281.140140089744,42.3509357119167,13.3278751635001));
#13328=CARTESIAN_POINT('Origin',(283.210503708994,40.4657082755424,13.1278751635001));
#13329=CARTESIAN_POINT('',(278.896378310929,40.6763316916962,13.5278751635001));
#13330=CARTESIAN_POINT('Origin',(281.207673925888,11.88336943374,13.1278751635001));
#13331=CARTESIAN_POINT('',(279.390140089744,11.4260305919377,13.1278751635001));
#13332=CARTESIAN_POINT('Origin',(281.140140089744,11.4260305919377,13.1278751635001));
#13333=CARTESIAN_POINT('',(282.885344352011,11.4260305919377,13.1278751635001));
#13334=CARTESIAN_POINT('Origin',(281.140344352011,11.4260305919377,13.1278751635001));
#13335=CARTESIAN_POINT('Origin',(281.140344352011,11.4260305919377,13.1278751635001));
#13336=CARTESIAN_POINT('',(282.885344352011,11.4260305919377,13.3278751635001));
#13337=CARTESIAN_POINT('Origin',(281.140344352011,11.4260305919377,13.3278751635001));
#13338=CARTESIAN_POINT('',(282.885344352011,11.4260305919377,13.1278751635001));
#13339=CARTESIAN_POINT('Origin',(281.207673925888,11.88336943374,13.3278751635001));
#13340=CARTESIAN_POINT('',(279.175778559427,11.4660468692244,13.3278751635001));
#13341=CARTESIAN_POINT('',(282.154419586576,9.59226821529499,13.3278751635001));
#13342=CARTESIAN_POINT('',(281.915762482879,13.4713137804753,13.3278751635001));
#13343=CARTESIAN_POINT('Origin',(283.210503708994,9.54070827554239,13.1278751635001));
#13344=CARTESIAN_POINT('',(278.896378310929,9.75133169169616,13.5278751635001));
#13345=CARTESIAN_POINT('Origin',(312.170673925888,42.80836943374,13.3278751635001));
#13346=CARTESIAN_POINT('',(310.138778559427,42.3910468692244,13.3278751635001));
#13347=CARTESIAN_POINT('',(313.117419586576,40.517268215295,13.3278751635001));
#13348=CARTESIAN_POINT('',(312.878762482879,44.3963137804753,13.3278751635001));
#13349=CARTESIAN_POINT('',(310.353344352011,42.3509357119167,13.3278751635001));
#13350=CARTESIAN_POINT('Origin',(312.103344352011,42.3509357119167,13.3278751635001));
#13351=CARTESIAN_POINT('Origin',(314.173503708994,40.4657082755424,13.1278751635001));
#13352=CARTESIAN_POINT('',(309.859378310929,40.6763316916962,13.5278751635001));
#13353=CARTESIAN_POINT('Origin',(312.170673925888,11.88336943374,13.1278751635001));
#13354=CARTESIAN_POINT('',(310.353344352011,11.4260305919377,13.1278751635001));
#13355=CARTESIAN_POINT('Origin',(312.103344352011,11.4260305919377,13.1278751635001));
#13356=CARTESIAN_POINT('',(313.848344352011,11.4260305919377,13.1278751635001));
#13357=CARTESIAN_POINT('Origin',(312.103344352011,11.4260305919377,13.1278751635001));
#13358=CARTESIAN_POINT('Origin',(312.103344352011,11.4260305919377,13.1278751635001));
#13359=CARTESIAN_POINT('',(313.848344352011,11.4260305919377,13.3278751635001));
#13360=CARTESIAN_POINT('Origin',(312.103344352011,11.4260305919377,13.3278751635001));
#13361=CARTESIAN_POINT('',(313.848344352011,11.4260305919377,13.1278751635001));
#13362=CARTESIAN_POINT('Origin',(312.170673925888,11.88336943374,13.3278751635001));
#13363=CARTESIAN_POINT('',(310.138778559427,11.4660468692244,13.3278751635001));
#13364=CARTESIAN_POINT('',(313.117419586576,9.59226821529499,13.3278751635001));
#13365=CARTESIAN_POINT('',(312.878762482879,13.4713137804753,13.3278751635001));
#13366=CARTESIAN_POINT('Origin',(314.173503708994,9.54070827554239,13.1278751635001));
#13367=CARTESIAN_POINT('',(309.859378310929,9.75133169169616,13.5278751635001));
#13368=CARTESIAN_POINT('Origin',(309.536907739438,10.3064757189438,13.1278751635001));
#13369=CARTESIAN_POINT('',(311.541811334523,14.1691457317507,13.5278751635001));
#13370=CARTESIAN_POINT('Origin',(312.016441009961,9.18868114181692,13.5278751635001));
#13371=CARTESIAN_POINT('Origin',(278.573907739438,10.3064757189438,13.1278751635001));
#13372=CARTESIAN_POINT('',(280.578811334523,14.1691457317507,13.5278751635001));
#13373=CARTESIAN_POINT('Origin',(279.459577843267,12.2378107253472,13.5278751635001));
#13374=CARTESIAN_POINT('Origin',(309.536907739438,41.2314757189438,13.1278751635001));
#13375=CARTESIAN_POINT('',(311.541811334523,45.0941457317507,13.5278751635001));
#13376=CARTESIAN_POINT('Origin',(310.422577843267,43.1628107253472,13.5278751635001));
#13377=CARTESIAN_POINT('Origin',(278.573907739438,41.2314757189438,13.1278751635001));
#13378=CARTESIAN_POINT('',(280.578811334523,45.0941457317507,13.5278751635001));
#13379=CARTESIAN_POINT('Origin',(279.459577843267,43.1628107253472,13.5278751635001));
#13380=CARTESIAN_POINT('Origin',(312.016441009961,40.1136811418169,13.5278751635001));
#13381=CARTESIAN_POINT('Origin',(281.053441009961,9.18868114181692,13.5278751635001));
#13382=CARTESIAN_POINT('Origin',(312.36500142997,14.2137779932555,13.1278751635001));
#13383=CARTESIAN_POINT('',(312.36500142997,14.2137779932555,13.5278751635001));
#13384=CARTESIAN_POINT('Origin',(313.63417289099,12.451094825005,13.5278751635001));
#13385=CARTESIAN_POINT('Origin',(281.40200142997,14.2137779932555,13.1278751635001));
#13386=CARTESIAN_POINT('',(281.40200142997,14.2137779932555,13.5278751635001));
#13387=CARTESIAN_POINT('Origin',(282.67117289099,12.451094825005,13.5278751635001));
#13388=CARTESIAN_POINT('Origin',(281.053441009961,40.1136811418169,13.5278751635001));
#13389=CARTESIAN_POINT('Origin',(281.40200142997,45.1387779932555,13.1278751635001));
#13390=CARTESIAN_POINT('',(281.40200142997,45.1387779932555,13.5278751635001));
#13391=CARTESIAN_POINT('Origin',(282.67117289099,43.376094825005,13.5278751635001));
#13392=CARTESIAN_POINT('Origin',(312.36500142997,45.1387779932555,13.1278751635001));
#13393=CARTESIAN_POINT('',(312.36500142997,45.1387779932555,13.5278751635001));
#13394=CARTESIAN_POINT('Origin',(313.63417289099,43.376094825005,13.5278751635001));
#13395=CARTESIAN_POINT('Origin',(310.422577843267,12.2378107253472,13.5278751635001));
#13396=CARTESIAN_POINT('Origin',(296.621742220877,26.8884831519277,15.7278751635001));
#13397=CARTESIAN_POINT('',(300.121742220877,26.8884831519277,15.7278751635001));
#13398=CARTESIAN_POINT('Origin',(296.621742220877,26.8884831519277,15.7278751635001));
#13399=CARTESIAN_POINT('',(300.121742220877,26.8884831519277,13.7278751635001));
#13400=CARTESIAN_POINT('',(300.121742220877,26.8884831519277,15.7278751635001));
#13401=CARTESIAN_POINT('Origin',(296.621742220877,26.8884831519277,13.7278751635001));
#13402=CARTESIAN_POINT('Origin',(296.621742220877,26.8884831519277,13.7278751635001));
#13403=CARTESIAN_POINT('Origin',(275.647989847439,22.9859708717543,8.2437660490523));
#13404=CARTESIAN_POINT('',(278.70257014453,22.9934492847901,8.25645292461678));
#13405=CARTESIAN_POINT('',(275.647989847439,22.3871567104654,7.22769406328531));
#13406=CARTESIAN_POINT('Origin',(275.647989847439,20.0335537892964,6.62769773364147));
#13407=CARTESIAN_POINT('',(275.647989847439,20.0335537892964,6.62769773364147));
#13408=CARTESIAN_POINT('Origin',(275.647989847439,22.0335535185825,6.62769773625027));
#13409=CARTESIAN_POINT('',(275.647989847439,22.0335535185825,6.62769773625027));
#13410=CARTESIAN_POINT('Origin',(275.647989847439,22.3799634947709,7.22769405945755));
#13411=CARTESIAN_POINT('',(275.647989847439,22.3799634947709,7.22769405945755));
#13412=CARTESIAN_POINT('Origin',(275.647989847439,22.3871567104654,7.22769406328531));
#13413=CARTESIAN_POINT('Origin',(275.647989847439,31.6335522725138,6.62769774934699));
#13414=CARTESIAN_POINT('',(275.647989847439,31.6335522736075,7.4354913338845));
#13415=CARTESIAN_POINT('',(275.647989847439,31.6335522725138,6.62769774934699));
#13416=CARTESIAN_POINT('Origin',(275.647989847439,33.6335533265904,6.62769775198588));
#13417=CARTESIAN_POINT('',(275.647989847439,33.6335533265904,6.62769775198588));
#13418=CARTESIAN_POINT('Origin',(275.647989847439,33.9799634173757,7.22769734464756));
#13419=CARTESIAN_POINT('Origin',(285.598587686168,36.6332736237638,8.2437660490523));
#13420=CARTESIAN_POINT('',(285.598536495505,22.985975761735,8.2437660490523));
#13421=CARTESIAN_POINT('Origin',(272.094499057472,26.8195951846168,8.2437660490523));
#13422=CARTESIAN_POINT('Origin',(316.595494594317,26.8332736237638,-4.29913235942008));
#13423=CARTESIAN_POINT('',(316.095494594317,26.3778122214611,-4.01464067836939));
#13424=CARTESIAN_POINT('Origin',(316.095494594317,26.8332736237638,-2.27179289902168));
#13425=CARTESIAN_POINT('',(316.095494594317,24.0535841003854,-5.92029851540714));
#13426=CARTESIAN_POINT('',(316.095494594317,29.6129631471423,-5.92029851540714));
#13427=CARTESIAN_POINT('Origin',(316.095494594317,26.8332736237638,-1.76417939372402));
#13428=CARTESIAN_POINT('',(316.095494594317,26.8332736237638,-7.77940640431934));
#13429=CARTESIAN_POINT('',(316.095494594317,26.8332736237638,-7.77940640431934));
#13430=CARTESIAN_POINT('',(316.095494594317,26.8332736237638,-7.77940640431934));
#13431=CARTESIAN_POINT('Origin',(316.595494594317,26.8332736237638,-7.77940640431934));
#13432=CARTESIAN_POINT('',(316.595494594317,26.8332736237638,-7.77940640431934));
#13433=CARTESIAN_POINT('',(316.595494594317,24.0535841003854,-5.92029851540714));
#13434=CARTESIAN_POINT('',(316.595494594317,27.2243056696397,-8.04093588636803));
#13435=CARTESIAN_POINT('',(316.595494594317,26.8332736237638,-7.77940640431934));
#13436=CARTESIAN_POINT('',(316.595494594317,24.0535841003854,-5.92029851540714));
#13437=CARTESIAN_POINT('Origin',(316.595494594317,29.6129631471423,-5.92029851540714));
#13438=CARTESIAN_POINT('',(316.595494594317,29.6129631471423,-5.92029851540714));
#13439=CARTESIAN_POINT('',(316.595494594317,34.8559845295693,-2.41366860878415));
#13440=CARTESIAN_POINT('',(316.595494594317,29.6129631471423,-5.92029851540714));
#13441=CARTESIAN_POINT('Origin',(316.595494594317,26.8332736237638,-1.76417939372402));
#13442=CARTESIAN_POINT('Origin',(316.595494594317,26.8332736237638,-1.76417939372402));
#13443=CARTESIAN_POINT('Origin',(271.821989847439,16.8077880798337,8.22787516350009));
#13444=CARTESIAN_POINT('Origin',(273.821989847439,34.9940835180144,8.23618195155655));
#13445=CARTESIAN_POINT('Ctrl Pts',(309.959455624996,37.2670387793816,3.22787516350009));
#13446=CARTESIAN_POINT('Ctrl Pts',(309.959455624996,37.2670387793816,3.89611960704643));
#13447=CARTESIAN_POINT('Ctrl Pts',(309.829067501547,37.0131036796786,4.54381636963431));
#13448=CARTESIAN_POINT('Ctrl Pts',(309.645342679718,36.613860550701,4.98663541308968));
#13449=CARTESIAN_POINT('Ctrl Pts',(310.235099995444,37.1078954279024,3.22787516350009));
#13450=CARTESIAN_POINT('Ctrl Pts',(310.235099995444,37.1078954279024,3.8470715209562));
#13451=CARTESIAN_POINT('Ctrl Pts',(310.137174899386,36.8896507514096,4.45101009238249));
#13452=CARTESIAN_POINT('Ctrl Pts',(309.993877361897,36.5295410225966,4.89133938591422));
#13453=CARTESIAN_POINT('Ctrl Pts',(310.471813064184,36.8818663632842,3.22787516350009));
#13454=CARTESIAN_POINT('Ctrl Pts',(310.471813064184,36.8818663632842,3.77730294355273));
#13455=CARTESIAN_POINT('Ctrl Pts',(310.404951252067,36.6954762730663,4.31502485431714));
#13456=CARTESIAN_POINT('Ctrl Pts',(310.305567772141,36.3794756042807,4.72173883781562));
#13457=CARTESIAN_POINT('Ctrl Pts',(310.643508462207,36.6138605507022,3.22787516350009));
#13458=CARTESIAN_POINT('Ctrl Pts',(310.643508462207,36.6138605507022,3.69451687343005));
#13459=CARTESIAN_POINT('Ctrl Pts',(310.599880785209,36.4559166739162,4.15211129749793));
#13460=CARTESIAN_POINT('Ctrl Pts',(310.534283376623,36.1858741476723,4.50293484205185));
#13461=CARTESIAN_POINT('Ctrl Pts',(309.645342679718,36.613860550701,4.98663541308968));
#13462=CARTESIAN_POINT('Ctrl Pts',(309.829067501547,37.0131036796786,4.54381636963431));
#13463=CARTESIAN_POINT('Ctrl Pts',(309.959455624996,37.2670387793816,3.89611960704643));
#13464=CARTESIAN_POINT('Ctrl Pts',(309.959455624996,37.2670387793816,3.22787516350009));
#13465=CARTESIAN_POINT('Origin',(310.959455624995,38.9990895869507,3.22787516350009));
#13466=CARTESIAN_POINT('Origin',(307.777475109656,35.8171090716097,3.22787516350009));
#13467=CARTESIAN_POINT('Origin',(310.959455624995,14.7778767169047,5.72787516350009));
#13468=CARTESIAN_POINT('',(309.545242062623,16.1920902792777,-11.7721248364942));
#13469=CARTESIAN_POINT('Origin',(317.595494594317,36.2670387793822,5.72787516350009));
#13470=CARTESIAN_POINT('',(317.095494594316,37.1330641831664,3.22787516350009));
#13471=CARTESIAN_POINT('',(317.095494594316,37.1330641831661,-11.7721248364997));
#13472=CARTESIAN_POINT('',(316.595494594317,36.2670387793822,3.22787516350009));
#13473=CARTESIAN_POINT('Origin',(317.595494594317,36.2670387793822,3.22787516350009));
#13474=CARTESIAN_POINT('',(316.595494594317,36.2670387793822,5.72787516350009));
#13475=CARTESIAN_POINT('',(316.914244555683,36.9990895869507,5.72787516350009));
#13476=CARTESIAN_POINT('Origin',(317.595494594317,34.4990895869507,3.22787516350009));
#13477=CARTESIAN_POINT('',(317.095494594316,34.4990895869507,5.86184975971586));
#13478=CARTESIAN_POINT('',(316.595494594317,34.4990895869507,4.99582435593164));
#13479=CARTESIAN_POINT('Origin',(317.595494594317,34.4990895869507,4.99582435593164));
#13480=CARTESIAN_POINT('Origin',(316.595494594317,34.4990895869507,3.22787516350009));
#13481=CARTESIAN_POINT('Origin',(317.095494594316,34.4990895869507,3.22787516350009));
#13482=CARTESIAN_POINT('Origin',(317.595494594317,35.8437863694387,4.99582435593164));
#13483=CARTESIAN_POINT('',(317.095494594316,19.2778767169047,5.86184975971586));
#13484=CARTESIAN_POINT('',(316.595494594317,19.2778767169047,4.99582435593164));
#13485=CARTESIAN_POINT('Origin',(317.595494594317,19.2778767169047,4.99582435593164));
#13486=CARTESIAN_POINT('',(316.595494594317,35.8437863694387,4.99582435593164));
#13487=CARTESIAN_POINT('',(317.095494594316,35.8437863694387,5.86184975971586));
#13488=CARTESIAN_POINT('Origin',(317.595494594317,19.2778767169047,3.22787516350009));
#13489=CARTESIAN_POINT('Origin',(316.595494594317,19.2778767169047,3.22787516350009));
#13490=CARTESIAN_POINT('Origin',(317.095494594316,19.2778767169047,3.22787516350009));
#13491=CARTESIAN_POINT('Origin',(316.595494594316,19.2778767169047,3.22787516350009));
#13492=CARTESIAN_POINT('Origin',(316.595494594316,19.2778767169047,6.72787516350009));
#13493=CARTESIAN_POINT('Origin',(316.595494594316,35.8437863694387,6.72787516350009));
#13494=CARTESIAN_POINT('Origin',(316.595494594316,34.4990895869507,6.72787516350009));
#13495=CARTESIAN_POINT('Origin',(316.595494594316,34.4990895869507,3.22787516350009));
#13496=CARTESIAN_POINT('Origin',(316.595494594316,37.9990895869507,3.22787516350009));
#13497=CARTESIAN_POINT('Origin',(316.595494594316,37.9990895869507,5.72787516350009));
#13498=CARTESIAN_POINT('Origin',(316.595494594317,36.9990895869507,5.72787516350009));
#13499=CARTESIAN_POINT('Origin',(273.821989847439,34.9940835180144,15.7278751635001));
#13500=CARTESIAN_POINT('Origin',(273.821989847439,34.9940835180145,8.2437660490523));
#13501=CARTESIAN_POINT('Origin',(280.251316069085,36.1332736237638,7.7437660490523));
#13502=CARTESIAN_POINT('',(280.251316069085,36.6332736237638,7.7437660490523));
#13503=CARTESIAN_POINT('',(280.251316069085,36.1332736237638,8.2437660490523));
#13504=CARTESIAN_POINT('Origin',(285.598642523647,31.6332736237636,6.62721663879045));
#13505=CARTESIAN_POINT('Origin',(285.59847859788,22.9865706363854,8.24477543649716));
#13506=CARTESIAN_POINT('Origin',(274.904044452003,36.6332736237638,-1.76417939372383));
#13507=CARTESIAN_POINT('',(275.828250555668,36.6332736240988,5.72787516350009));
#13508=CARTESIAN_POINT('',(285.76289333644,36.6332736237638,5.72787516350009));
#13509=CARTESIAN_POINT('',(277.147989847439,36.6332736237638,4.52989609152388));
#13510=CARTESIAN_POINT('Ctrl Pts',(277.147989847439,36.6332736237638,4.52989609152388));
#13511=CARTESIAN_POINT('Ctrl Pts',(277.074327604862,36.6332736237638,4.52989609152388));
#13512=CARTESIAN_POINT('Ctrl Pts',(276.986958021957,36.6332736237638,4.54331910892473));
#13513=CARTESIAN_POINT('Ctrl Pts',(276.835172641048,36.6332736237638,4.58803456661973));
#13514=CARTESIAN_POINT('Ctrl Pts',(276.743060880286,36.6332736237638,4.63063815427602));
#13515=CARTESIAN_POINT('Ctrl Pts',(276.480067668089,36.6332736237638,4.7880659863603));
#13516=CARTESIAN_POINT('Ctrl Pts',(276.291427673951,36.6332736237638,4.97606724489531));
#13517=CARTESIAN_POINT('Ctrl Pts',(276.031677075241,36.6332736237638,5.31738087831559));
#13518=CARTESIAN_POINT('Ctrl Pts',(275.911326272807,36.6332736237638,5.5256783013319));
#13519=CARTESIAN_POINT('Ctrl Pts',(275.828250555869,36.6332736237638,5.72787516358269));
#13520=CARTESIAN_POINT('',(282.284028816759,36.6332736237638,4.52989609152388));
#13521=CARTESIAN_POINT('',(286.134866034158,36.6332736237638,4.52989609152388));
#13522=CARTESIAN_POINT('Ctrl Pts',(284.649844779944,36.6332736237638,5.44547540872335));
#13523=CARTESIAN_POINT('Ctrl Pts',(284.616227623879,36.6332736237638,5.43310296640258));
#13524=CARTESIAN_POINT('Ctrl Pts',(284.583099137092,36.6332736237638,5.42055622129212));
#13525=CARTESIAN_POINT('Ctrl Pts',(284.353705504791,36.6332736237638,5.33147824640209));
#13526=CARTESIAN_POINT('Ctrl Pts',(284.122820384781,36.6332736237638,5.22716499746936));
#13527=CARTESIAN_POINT('Ctrl Pts',(283.829359505238,36.6332736237638,5.08496638915168));
#13528=CARTESIAN_POINT('Ctrl Pts',(283.70597407622,36.6332736237638,5.02324614059673));
#13529=CARTESIAN_POINT('Ctrl Pts',(283.488961719354,36.6332736237638,4.91469421095005));
#13530=CARTESIAN_POINT('Ctrl Pts',(283.35180762599,36.6332736237638,4.84640200149527));
#13531=CARTESIAN_POINT('Ctrl Pts',(282.951415566609,36.6332736237638,4.66013799363894));
#13532=CARTESIAN_POINT('Ctrl Pts',(282.597946205187,36.6332736237638,4.52989609152217));
#13533=CARTESIAN_POINT('Ctrl Pts',(282.284028816759,36.6332736237638,4.52989609152217));
#13534=CARTESIAN_POINT('Origin',(285.598587686168,36.6332736237638,8.2437660490523));
#13535=CARTESIAN_POINT('Origin',(272.094499057472,26.8195951846168,8.2437660490523));
#13536=CARTESIAN_POINT('Ctrl Pts',(284.763034942886,17.5332736237639,8.23015192676845));
#13537=CARTESIAN_POINT('Ctrl Pts',(284.681374851825,17.5332736237639,8.24376604905231));
#13538=CARTESIAN_POINT('Ctrl Pts',(284.598587686167,17.5332736237639,8.24376604905231));
#13539=CARTESIAN_POINT('Ctrl Pts',(284.763034942886,17.3400796041991,8.23015192676845));
#13540=CARTESIAN_POINT('Ctrl Pts',(284.681374851825,17.3400796041991,8.24376604905231));
#13541=CARTESIAN_POINT('Ctrl Pts',(284.598587686167,17.3400796041991,8.24376604905231));
#13542=CARTESIAN_POINT('Ctrl Pts',(284.741672928997,17.1970781316139,8.1020185103751));
#13543=CARTESIAN_POINT('Ctrl Pts',(284.670620640305,17.1970781316139,8.11386413207634));
#13544=CARTESIAN_POINT('Ctrl Pts',(284.598587686167,17.1970781316139,8.11386413207634));
#13545=CARTESIAN_POINT('Origin',(284.598587686167,17.5332736237639,7.2437660490523));
#13546=CARTESIAN_POINT('Origin',(284.598587686167,36.6332736237638,7.2437660490523));
#13547=CARTESIAN_POINT('Origin',(277.147989847439,34.4990895869507,3.22787516350009));
#13548=CARTESIAN_POINT('',(275.721711031427,36.9990895972595,5.72787516350009));
#13549=CARTESIAN_POINT('Ctrl Pts',(275.828250555668,36.6332736244339,5.72787516350009));
#13550=CARTESIAN_POINT('Ctrl Pts',(275.78672317076,36.7516712625656,5.72787516350009));
#13551=CARTESIAN_POINT('Ctrl Pts',(275.7503334752,36.8747893209573,5.72787516350009));
#13552=CARTESIAN_POINT('Ctrl Pts',(275.721711033681,36.9990895977805,5.72787516350009));
#13553=CARTESIAN_POINT('',(275.746434453649,36.9990895869507,5.62787516350008));
#13554=CARTESIAN_POINT('Ctrl Pts',(275.721711035935,36.9990895869507,5.72787516453826));
#13555=CARTESIAN_POINT('Ctrl Pts',(275.729403505203,36.9990895869507,5.69446864871354));
#13556=CARTESIAN_POINT('Ctrl Pts',(275.737675822766,36.9990895869507,5.66104133614594));
#13557=CARTESIAN_POINT('Ctrl Pts',(275.746434453649,36.9990895869507,5.62787516350008));
#13558=CARTESIAN_POINT('Ctrl Pts',(275.746434453649,36.9990895869507,5.62787516350009));
#13559=CARTESIAN_POINT('Ctrl Pts',(275.68504160566,37.2222659246636,5.62787516350009));
#13560=CARTESIAN_POINT('Ctrl Pts',(275.647989847439,37.4781004216775,5.62787516350009));
#13561=CARTESIAN_POINT('Ctrl Pts',(275.647989847439,37.6990895869507,5.62787516350009));
#13562=CARTESIAN_POINT('',(277.147989847439,36.9990895869507,3.22787516350009));
#13563=CARTESIAN_POINT('Origin',(277.147989847439,38.4990895869507,3.22787516350009));
#13564=CARTESIAN_POINT('Origin',(277.147989847439,34.4990895869507,3.22787516350009));
#13565=CARTESIAN_POINT('Origin',(296.621742220877,26.8884831519277,5.72787516350009));
#13566=CARTESIAN_POINT('',(286.434866034158,36.9990895869507,5.72787516350009));
#13567=CARTESIAN_POINT('Origin',(276.247989847439,38.4940835180145,5.62787516350009));
#13568=CARTESIAN_POINT('',(276.247989847439,36.9990895869507,5.62787516350009));
#13569=CARTESIAN_POINT('Origin',(276.247989847439,36.9990895869507,5.62787516350009));
#13570=CARTESIAN_POINT('Origin',(296.621742220877,26.8884831519277,15.2278751635001));
#13571=CARTESIAN_POINT('Origin',(296.621742220877,26.8884831519277,15.2278751635001));
#13572=CARTESIAN_POINT('',(308.021742220877,26.8884831519277,15.2278751635001));
#13573=CARTESIAN_POINT('Origin',(296.621742220877,26.8884831519277,15.2278751635001));
#13574=CARTESIAN_POINT('Origin',(277.147989847439,38.4990895869507,5.72787516350009));
#13575=CARTESIAN_POINT('',(277.147989847439,36.9990895869507,5.72787516350009));
#13576=CARTESIAN_POINT('Origin',(275.647989847439,36.9990895869507,5.72787516350009));
#13577=CARTESIAN_POINT('',(282.284028816759,36.9990895869507,3.22787516350009));
#13578=CARTESIAN_POINT('',(282.284028816759,36.9990895869507,5.72787516350009));
#13579=CARTESIAN_POINT('',(280.521742220878,36.9990895869507,3.22787516350009));
#13580=CARTESIAN_POINT('Origin',(286.134866034158,34.4990895869507,3.22787516350009));
#13581=CARTESIAN_POINT('Origin',(282.284028816759,34.4990895869507,3.22787516350009));
#13582=CARTESIAN_POINT('Origin',(296.621742220877,26.8884831519277,15.4778751635001));
#13583=CARTESIAN_POINT('',(307.621742220877,26.8884831519277,15.7278751635001));
#13584=CARTESIAN_POINT('',(307.821742220877,26.8884831519277,15.4778751635001));
#13585=CARTESIAN_POINT('Origin',(296.621742220877,26.8884831519277,15.7278751635001));
#13586=CARTESIAN_POINT('Origin',(296.621742220877,26.8884831519277,15.4778751635001));
#13587=CARTESIAN_POINT('Origin',(296.621742220877,26.8884831519277,15.7278751635001));
#13588=CARTESIAN_POINT('Origin',(312.103344352011,42.3509357119167,5.72787516350009));
#13589=CARTESIAN_POINT('',(310.353344352011,42.3509357119167,5.72787516350009));
#13590=CARTESIAN_POINT('Origin',(312.103344352011,11.4260305919377,5.72787516350009));
#13591=CARTESIAN_POINT('',(310.353344352011,11.4260305919377,5.72787516350009));
#13592=CARTESIAN_POINT('Origin',(281.140140089744,42.3509357119167,5.72787516350009));
#13593=CARTESIAN_POINT('',(279.390140089744,42.3509357119167,5.72787516350009));
#13594=CARTESIAN_POINT('Origin',(281.140140089744,11.4260305919377,5.72787516350009));
#13595=CARTESIAN_POINT('',(279.390140089744,11.4260305919377,5.72787516350009));
#13596=CARTESIAN_POINT('Origin',(315.595494594316,43.9706624622037,15.4278751635001));
#13597=CARTESIAN_POINT('',(317.009708156689,45.3848760245767,15.1278751635001));
#13598=CARTESIAN_POINT('',(316.585444087977,44.9606119558647,15.7278751635001));
#13599=CARTESIAN_POINT('',(317.595494594316,43.9706624622037,15.1278751635001));
#13600=CARTESIAN_POINT('Origin',(315.595494594316,43.9706624622037,15.1278751635001));
#13601=CARTESIAN_POINT('Origin',(315.017576075356,46.9527440371987,15.4278751635001));
#13602=CARTESIAN_POINT('',(315.229708109712,47.1648760715547,15.1278751635001));
#13603=CARTESIAN_POINT('',(314.557016963231,46.9890390806117,15.7278751635001));
#13604=CARTESIAN_POINT('Origin',(313.567067469569,45.9990895869507,15.4278751635001));
#13605=CARTESIAN_POINT('Origin',(287.734866034158,47.6990895869507,15.4278751635001));
#13606=CARTESIAN_POINT('',(279.676416972185,47.3990895869507,15.7278751635001));
#13607=CARTESIAN_POINT('Origin',(279.676416972185,45.9990895869507,15.4278751635001));
#13608=CARTESIAN_POINT('',(278.686467478524,46.9890390806117,15.7278751635001));
#13609=CARTESIAN_POINT('Origin',(276.625908366399,45.3527440371987,15.4278751635001));
#13610=CARTESIAN_POINT('',(276.658040353778,44.9606119558647,15.7278751635001));
#13611=CARTESIAN_POINT('Origin',(277.647989847439,43.9706624622037,15.4278751635001));
#13612=CARTESIAN_POINT('Origin',(277.647989847439,9.80630384165069,15.4278751635001));
#13613=CARTESIAN_POINT('',(276.233776285066,8.39209027927767,15.1278751635001));
#13614=CARTESIAN_POINT('Origin',(277.647989847439,9.80630384165069,15.1278751635001));
#13615=CARTESIAN_POINT('',(276.658040353778,8.81635434798967,15.7278751635001));
#13616=CARTESIAN_POINT('Origin',(278.225908366399,6.8242222666567,15.4278751635001));
#13617=CARTESIAN_POINT('',(278.262203409812,6.36366315453168,15.1278751635001));
#13618=CARTESIAN_POINT('',(278.013776332043,6.61209023230069,15.1278751635001));
#13619=CARTESIAN_POINT('',(278.686467478524,6.78792722324269,15.7278751635001));
#13620=CARTESIAN_POINT('Origin',(279.676416972185,7.7778767169047,15.4278751635001));
#13621=CARTESIAN_POINT('Origin',(279.676416972185,7.7778767169047,15.1278751635001));
#13622=CARTESIAN_POINT('Origin',(305.508618407596,6.07787671690468,15.4278751635001));
#13623=CARTESIAN_POINT('',(313.567067469569,6.37787671690469,15.7278751635001));
#13624=CARTESIAN_POINT('Origin',(313.567067469569,7.7778767169047,15.4278751635001));
#13625=CARTESIAN_POINT('',(314.557016963231,6.78792722324269,15.7278751635001));
#13626=CARTESIAN_POINT('Origin',(313.567067469569,7.7778767169047,15.1278751635001));
#13627=CARTESIAN_POINT('Origin',(316.617576075356,8.4242222666567,15.4278751635001));
#13628=CARTESIAN_POINT('',(316.585444087977,8.81635434798967,15.7278751635001));
#13629=CARTESIAN_POINT('Origin',(315.595494594316,9.80630384165069,15.4278751635001));
#13630=CARTESIAN_POINT('',(316.995494594316,9.80630384165069,15.7278751635001));
#13631=CARTESIAN_POINT('Origin',(317.295494594316,35.8437863694387,15.4278751635001));
#13632=CARTESIAN_POINT('Origin',(278.847989847439,5.77787671690471,5.72787516350009));
#13633=CARTESIAN_POINT('',(278.262203409813,6.36366315453168,-11.772124836509));
#13634=CARTESIAN_POINT('',(276.233776285066,8.39209027927767,-11.7721248365099));
#13635=CARTESIAN_POINT('Origin',(279.676416972185,7.7778767169047,5.72787516350009));
#13636=CARTESIAN_POINT('Origin',(313.567067469569,7.7778767169047,5.72787516350009));
#13637=CARTESIAN_POINT('Origin',(315.595494594316,43.9706624622037,5.72787516350009));
#13638=CARTESIAN_POINT('',(317.009708156689,45.3848760245767,-11.77212483649));
#13639=CARTESIAN_POINT('Origin',(285.68769375029,6.77787671690468,5.72787516350009));
#13640=CARTESIAN_POINT('',(286.68769375029,6.77787671690468,3.22787516350009));
#13641=CARTESIAN_POINT('',(286.68769375029,6.77787671690468,5.72787516350009));
#13642=CARTESIAN_POINT('Origin',(285.68769375029,6.77787671690468,3.22787516350009));
#13643=CARTESIAN_POINT('Origin',(289.18769375029,6.77787671690468,3.22787516350009));
#13644=CARTESIAN_POINT('Origin',(289.18769375029,6.77787671690468,6.72787516350009));
#13645=CARTESIAN_POINT('Origin',(289.18769375029,6.77787671690468,3.22787516350009));
#13646=CARTESIAN_POINT('Origin',(305.508618407596,6.77787671690468,6.72787516350009));
#13647=CARTESIAN_POINT('Origin',(304.095494594316,6.77787671690468,6.72787516350009));
#13648=CARTESIAN_POINT('Origin',(304.095494594316,6.77787671690468,3.22787516350009));
#13649=CARTESIAN_POINT('',(306.595494594316,6.77787671690468,3.22787516350009));
#13650=CARTESIAN_POINT('Origin',(307.595494594316,6.77787671690468,3.22787516350009));
#13651=CARTESIAN_POINT('Origin',(304.095494594316,6.77787671690468,3.22787516350009));
#13652=CARTESIAN_POINT('Origin',(307.595494594316,6.77787671690468,5.72787516350009));
#13653=CARTESIAN_POINT('',(306.595494594316,6.77787671690468,5.72787516350009));
#13654=CARTESIAN_POINT('Origin',(286.68769375029,5.77787671690471,5.72787516350009));
#13655=CARTESIAN_POINT('',(286.68769375029,16.3331799344157,3.22787516350009));
#13656=CARTESIAN_POINT('Origin',(289.18769375029,16.3331799344157,3.22787516350009));
#13657=CARTESIAN_POINT('Origin',(289.18769375029,12.7639280618317,3.22787516350009));
#13658=CARTESIAN_POINT('Origin',(304.095494594316,20.0654129814497,3.22787516350009));
#13659=CARTESIAN_POINT('',(306.595494594316,12.4139156862257,3.22787516350009));
#13660=CARTESIAN_POINT('Origin',(304.095494594316,12.4139156862257,3.22787516350009));
#13661=CARTESIAN_POINT('',(306.595494594316,20.0654129814497,3.22787516350009));
#13662=CARTESIAN_POINT('Origin',(306.595494594316,13.2423428109727,5.72787516350009));
#13663=CARTESIAN_POINT('',(306.595494594317,12.4139156862257,-11.7721248364956));
#13664=CARTESIAN_POINT('Origin',(310.131028500249,36.9990895869507,5.72787516350009));
#13665=CARTESIAN_POINT('Origin',(289.147989847439,46.9990895869507,3.22787516350009));
#13666=CARTESIAN_POINT('Origin',(289.147989847439,46.9990895869507,6.72787516350009));
#13667=CARTESIAN_POINT('Origin',(289.147989847439,46.9990895869507,3.22787516350009));
#13668=CARTESIAN_POINT('Origin',(287.734866034158,46.9990895869507,6.72787516350009));
#13669=CARTESIAN_POINT('Origin',(304.095494594316,46.9990895869507,6.72787516350009));
#13670=CARTESIAN_POINT('Origin',(304.095494594316,46.9990895869497,3.22787516350009));
#13671=CARTESIAN_POINT('Origin',(304.095494594316,46.9990895869497,3.22787516350009));
#13672=CARTESIAN_POINT('Origin',(308.595494594316,41.3630506176287,3.22787516350009));
#13673=CARTESIAN_POINT('Origin',(304.095494594316,41.3630506176287,3.22787516350009));
#13674=CARTESIAN_POINT('Origin',(305.413514078977,38.1810701022887,3.22787516350009));
#13675=CARTESIAN_POINT('Origin',(305.745824633228,37.8487595480377,3.22787516350009));
#13676=CARTESIAN_POINT('Origin',(304.095494594316,37.4437863694387,3.22787516350009));
#13677=CARTESIAN_POINT('Origin',(308.595494594316,12.4139156862257,3.22787516350009));
#13678=CARTESIAN_POINT('',(307.181281031943,13.8281292485997,3.22787516350009));
#13679=CARTESIAN_POINT('Origin',(305.413514078977,15.5958962015657,3.22787516350009));
#13680=CARTESIAN_POINT('Origin',(308.595494594316,12.4139156862257,3.22787516350009));
#13681=CARTESIAN_POINT('Origin',(308.595494594316,12.4139156862257,5.72787516350009));
#13682=CARTESIAN_POINT('',(307.181281031943,13.8281292485997,5.72787516350009));
#13683=CARTESIAN_POINT('Origin',(307.513591586195,17.6959737087827,3.22787516350009));
#13684=CARTESIAN_POINT('',(309.281358539161,15.9282067558157,3.22787516350009));
#13685=CARTESIAN_POINT('Origin',(282.284028816759,38.9990895869497,3.22787516350009));
#13686=CARTESIAN_POINT('Origin',(282.284028816759,38.9990895869497,3.22787516350009));
#13687=CARTESIAN_POINT('Origin',(284.647989847439,41.3630506176287,3.22787516350009));
#13688=CARTESIAN_POINT('Origin',(284.647989847439,41.3630506176287,3.22787516350009));
#13689=CARTESIAN_POINT('Origin',(289.147989847439,41.3630506176287,3.22787516350009));
#13690=CARTESIAN_POINT('Origin',(289.147989847439,33.7115533224047,3.22787516350009));
#13691=CARTESIAN_POINT('Origin',(284.647989847439,41.3630506176287,5.72787516350009));
#13692=CARTESIAN_POINT('',(286.062203409812,39.9488370552557,5.72787516350009));
#13693=CARTESIAN_POINT('Origin',(282.284028816759,38.9990895869497,5.72787516350009));
#13694=CARTESIAN_POINT('',(283.698242379132,37.5848760245767,5.72787516350009));
#13695=CARTESIAN_POINT('Origin',(284.68769375029,12.7639280618317,3.22787516350009));
#13696=CARTESIAN_POINT('Origin',(277.647989847439,9.80630384165069,5.72787516350009));
#13697=CARTESIAN_POINT('Origin',(310.131028500249,16.7778767169047,5.72787516350009));
#13698=CARTESIAN_POINT('Origin',(283.112455941505,36.9990895869507,5.72787516350009));
#13699=CARTESIAN_POINT('Origin',(314.395494594316,47.9990895869507,5.72787516350009));
#13700=UNCERTAINTY_MEASURE_WITH_UNIT(LENGTH_MEASURE(0.01),#13704,
'DISTANCE_ACCURACY_VALUE',
'Maximum model space distance between geometric entities at asserted c
onnectivities');
#13701=UNCERTAINTY_MEASURE_WITH_UNIT(LENGTH_MEASURE(0.01),#13704,
'DISTANCE_ACCURACY_VALUE',
'Maximum model space distance between geometric entities at asserted c
onnectivities');
#13702=(
GEOMETRIC_REPRESENTATION_CONTEXT(3)
GLOBAL_UNCERTAINTY_ASSIGNED_CONTEXT((#13700))
GLOBAL_UNIT_ASSIGNED_CONTEXT((#13704,#13705,#13706))
REPRESENTATION_CONTEXT('','3D')
);
#13703=(
GEOMETRIC_REPRESENTATION_CONTEXT(3)
GLOBAL_UNCERTAINTY_ASSIGNED_CONTEXT((#13701))
GLOBAL_UNIT_ASSIGNED_CONTEXT((#13704,#13705,#13706))
REPRESENTATION_CONTEXT('','3D')
);
#13704=(
LENGTH_UNIT()
NAMED_UNIT(*)
SI_UNIT(.MILLI.,.METRE.)
);
#13705=(
NAMED_UNIT(*)
PLANE_ANGLE_UNIT()
SI_UNIT($,.RADIAN.)
);
#13706=(
NAMED_UNIT(*)
SI_UNIT($,.STERADIAN.)
SOLID_ANGLE_UNIT()
);
#13707=SHAPE_DEFINITION_REPRESENTATION(#13708,#13709);
#13708=PRODUCT_DEFINITION_SHAPE('',$,#13711);
#13709=SHAPE_REPRESENTATION('',(#7777),#13702);
#13710=PRODUCT_DEFINITION_CONTEXT('part definition',#13715,'design');
#13711=PRODUCT_DEFINITION('Woodworker N4Pro Double Shear Tensioner',
'Woodworker N4Pro Double Shear Tensioner',#13712,#13710);
#13712=PRODUCT_DEFINITION_FORMATION('',$,#13717);
#13713=PRODUCT_RELATED_PRODUCT_CATEGORY(
'Woodworker N4Pro Double Shear Tensioner',
'Woodworker N4Pro Double Shear Tensioner',(#13717));
#13714=APPLICATION_PROTOCOL_DEFINITION('international standard',
'automotive_design',2009,#13715);
#13715=APPLICATION_CONTEXT(
'Core Data for Automotive Mechanical Design Process');
#13716=PRODUCT_CONTEXT('part definition',#13715,'mechanical');
#13717=PRODUCT('Woodworker N4Pro Double Shear Tensioner',
'Woodworker N4Pro Double Shear Tensioner',$,(#13716));
#13718=PRESENTATION_STYLE_ASSIGNMENT((#13722));
#13719=PRESENTATION_STYLE_ASSIGNMENT((#13723));
#13720=PRESENTATION_STYLE_ASSIGNMENT((#13724));
#13721=PRESENTATION_STYLE_ASSIGNMENT((#13725));
#13722=SURFACE_STYLE_USAGE(.BOTH.,#13726);
#13723=SURFACE_STYLE_USAGE(.BOTH.,#13727);
#13724=SURFACE_STYLE_USAGE(.BOTH.,#13728);
#13725=SURFACE_STYLE_USAGE(.BOTH.,#13729);
#13726=SURFACE_SIDE_STYLE('',(#13730));
#13727=SURFACE_SIDE_STYLE('',(#13731));
#13728=SURFACE_SIDE_STYLE('',(#13732));
#13729=SURFACE_SIDE_STYLE('',(#13733));
#13730=SURFACE_STYLE_FILL_AREA(#13734);
#13731=SURFACE_STYLE_FILL_AREA(#13735);
#13732=SURFACE_STYLE_FILL_AREA(#13736);
#13733=SURFACE_STYLE_FILL_AREA(#13737);
#13734=FILL_AREA_STYLE(
'PEKK - Polyetherketoneketone Reinforced With Carbon Fibers - HT-23 (w
ith EOS P 810 3D Printer)',(#13738));
#13735=FILL_AREA_STYLE('Steel - Satin',(#13739));
#13736=FILL_AREA_STYLE(
'PEKK - Polyetherketoneketone Reinforced With Carbon Fibers - white',(#13740));
#13737=FILL_AREA_STYLE('PETG-GF Tinmorry',(#13741));
#13738=FILL_AREA_STYLE_COLOUR(
'PEKK - Polyetherketoneketone Reinforced With Carbon Fibers - HT-23 (w
ith EOS P 810 3D Printer)',#13742);
#13739=FILL_AREA_STYLE_COLOUR('Steel - Satin',#13743);
#13740=FILL_AREA_STYLE_COLOUR(
'PEKK - Polyetherketoneketone Reinforced With Carbon Fibers - white',#13744);
#13741=FILL_AREA_STYLE_COLOUR('PETG-GF Tinmorry',#13745);
#13742=COLOUR_RGB(
'PEKK - Polyetherketoneketone Reinforced With Carbon Fibers - HT-23 (w
ith EOS P 810 3D Printer)',0.152941176470588,0.368627450980392,0.63921568627451);
#13743=COLOUR_RGB('Steel - Satin',0.627450980392157,0.627450980392157,0.627450980392157);
#13744=COLOUR_RGB(
'PEKK - Polyetherketoneketone Reinforced With Carbon Fibers - white',0.56078431372549,
0.258823529411765,0.231372549019608);
#13745=COLOUR_RGB('PETG-GF Tinmorry',0.337254901960784,0.796078431372549,
0.898039215686275);
ENDSEC;
END-ISO-10303-21;
